id,code,cluster_code,adm0_code,adm0_name,prov_text_code,adm1_code,adm1_name,adm2_code,adm2_name,adm3_code,adm3_name,adm4_code,adm4_name,adm5_code,adm5_name,urban_rural,carto_house_count,carto_pop_count,import_code,status,comment,created_by,updated_by,created_at,updated_at,cluster_id
1,CE250,1080AZ,,,CE,01,CENTRAL,0102,CHISAMBA,01021,CHISAMBA,0102101,CHAMUKA,01021011002,,Rural,126,694,init1,,OKAY,,,2025-01-16 22:40:56.053000000,2025-01-16 22:40:56.053000000,108
2,CE249,1080AZ,,,CE,01,CENTRAL,0102,CHISAMBA,01021,CHISAMBA,0102101,CHAMUKA,01021011004,,Rural,126,466,init1,,OKAY,,,2025-01-16 22:40:56.053000000,2025-01-16 22:40:56.053000000,108
3,CE248,1080AZ,,,CE,01,CENTRAL,0102,CHISAMBA,01021,CHISAMBA,0102101,CHAMUKA,01021011006,,Rural,78,442,init1,,OKAY,,,2025-01-16 22:40:56.053000000,2025-01-16 22:40:56.053000000,108
4,CE247,1080AZ,,,CE,01,CENTRAL,0102,CHISAMBA,01021,CHISAMBA,0102101,CHAMUKA,01021011008,,Rural,102,555,init1,,OKAY,,,2025-01-16 22:40:56.053000000,2025-01-16 22:40:56.053000000,108
5,CE246,1080AZ,,,CE,01,CENTRAL,0102,CHISAMBA,01021,CHISAMBA,0102101,CHAMUKA,01021011010,,Rural,98,468,init1,,OKAY,,,2025-01-16 22:40:56.053000000,2025-01-16 22:40:56.053000000,108
6,CE245,1080AZ,,,CE,01,CENTRAL,0102,CHISAMBA,01021,CHISAMBA,0102101,CHAMUKA,01021011012,,Rural,179,740,init1,,OKAY,,,2025-01-16 22:40:56.053000000,2025-01-16 22:40:56.053000000,108
7,CE244,1080AZ,,,CE,01,CENTRAL,0102,CHISAMBA,01021,CHISAMBA,0102101,CHAMUKA,01021011014,,Rural,44,279,init1,,VAST EA,,,2025-01-16 22:40:56.053000000,2025-01-16 22:40:56.053000000,108
8,CE243,1080AZ,,,CE,01,CENTRAL,0102,CHISAMBA,01021,CHISAMBA,0102101,CHAMUKA,01021011016,,Rural,53,298,init1,,OKAY,,,2025-01-16 22:40:56.053000000,2025-01-16 22:40:56.053000000,108
9,CE242,1080AZ,,,CE,01,CENTRAL,0102,CHISAMBA,01021,CHISAMBA,0102101,CHAMUKA,01021011018,,Rural,76,413,init1,,OKAY,,,2025-01-16 22:40:56.053000000,2025-01-16 22:40:56.053000000,108
10,CE241,1080AZ,,,CE,01,CENTRAL,0102,CHISAMBA,01021,CHISAMBA,0102101,CHAMUKA,01021011020,,Rural,102,533,init1,,OKAY,,,2025-01-16 22:40:56.053000000,2025-01-16 22:40:56.053000000,108
11,CE240,1955JT,,,CE,01,CENTRAL,0102,CHISAMBA,01021,CHISAMBA,0102103,CHISAMBA,01021031003,,Rural,199,759,init1,,OKAY,,,2025-01-16 22:40:56.053000000,2025-01-16 22:40:56.053000000,38
12,CE239,1955JT,,,CE,01,CENTRAL,0102,CHISAMBA,01021,CHISAMBA,0102103,CHISAMBA,01021031006,,Rural,91,419,init1,,OKAY,,,2025-01-16 22:40:56.053000000,2025-01-16 22:40:56.053000000,38
13,CE238,1955JT,,,CE,01,CENTRAL,0102,CHISAMBA,01021,CHISAMBA,0102103,CHISAMBA,01021031012,,Rural,150,661,init1,,OKAY,,,2025-01-16 22:40:56.053000000,2025-01-16 22:40:56.053000000,38
14,CE237,1955JT,,,CE,01,CENTRAL,0102,CHISAMBA,01021,CHISAMBA,0102103,CHISAMBA,01021031016,,Rural,108,470,init1,,OKAY,,,2025-01-16 22:40:56.053000000,2025-01-16 22:40:56.053000000,38
15,CE236,1955JT,,,CE,01,CENTRAL,0102,CHISAMBA,01021,CHISAMBA,0102103,CHISAMBA,01021031023,,Rural,165,806,init1,,OKAY,,,2025-01-16 22:40:56.053000000,2025-01-16 22:40:56.053000000,38
16,CE235,1955JT,,,CE,01,CENTRAL,0102,CHISAMBA,01021,CHISAMBA,0102103,CHISAMBA,01021031026,,Rural,91,354,init1,,OKAY,,,2025-01-16 22:40:56.053000000,2025-01-16 22:40:56.053000000,38
17,CE234,1955JT,,,CE,01,CENTRAL,0102,CHISAMBA,01021,CHISAMBA,0102103,CHISAMBA,01021031030,,Rural,130,676,init1,,OKAY,,,2025-01-16 22:40:56.053000000,2025-01-16 22:40:56.053000000,38
18,CE233,1955JT,,,CE,01,CENTRAL,0102,CHISAMBA,01021,CHISAMBA,0102103,CHISAMBA,01021031034,,Rural,154,800,init1,,OKAY,,,2025-01-16 22:40:56.053000000,2025-01-16 22:40:56.053000000,38
19,CE232,1955JT,,,CE,01,CENTRAL,0102,CHISAMBA,01021,CHISAMBA,0102103,CHISAMBA,01021031037,,Rural,100,479,init1,,OKAY,,,2025-01-16 22:40:56.053000000,2025-01-16 22:40:56.053000000,38
20,CE231,1955JT,,,CE,01,CENTRAL,0102,CHISAMBA,01021,CHISAMBA,0102103,CHISAMBA,01021032018,,Urban,176,849,init1,,OKAY,,,2025-01-16 22:40:56.053000000,2025-01-16 22:40:56.053000000,38
21,CE230,1453SJ,,,CE,01,CENTRAL,0102,CHISAMBA,01021,CHISAMBA,0102105,LITETA,01021051003,,Rural,152,994,init1,,OKAY,,,2025-01-16 22:40:56.053000000,2025-01-16 22:40:56.053000000,58
22,CE229,1453SJ,,,CE,01,CENTRAL,0102,CHISAMBA,01021,CHISAMBA,0102105,LITETA,01021051008,,Rural,114,630,init1,,OKAY,,,2025-01-16 22:40:56.053000000,2025-01-16 22:40:56.053000000,58
23,CE228,1453SJ,,,CE,01,CENTRAL,0102,CHISAMBA,01021,CHISAMBA,0102105,LITETA,01021051012,,Rural,66,327,init1,,OKAY,,,2025-01-16 22:40:56.053000000,2025-01-16 22:40:56.053000000,58
24,CE227,1453SJ,,,CE,01,CENTRAL,0102,CHISAMBA,01021,CHISAMBA,0102105,LITETA,01021051017,,Rural,75,327,init1,,OKAY,,,2025-01-16 22:40:56.053000000,2025-01-16 22:40:56.053000000,58
25,CE226,1453SJ,,,CE,01,CENTRAL,0102,CHISAMBA,01021,CHISAMBA,0102105,LITETA,01021051021,,Rural,163,754,init1,,OKAY,,,2025-01-16 22:40:56.053000000,2025-01-16 22:40:56.053000000,58
26,CE225,1453SJ,,,CE,01,CENTRAL,0102,CHISAMBA,01021,CHISAMBA,0102105,LITETA,01021051026,,Rural,167,803,init1,,OKAY,,,2025-01-16 22:40:56.053000000,2025-01-16 22:40:56.053000000,58
27,CE224,1453SJ,,,CE,01,CENTRAL,0102,CHISAMBA,01021,CHISAMBA,0102105,LITETA,01021051031,,Rural,61,358,init1,,OKAY,,,2025-01-16 22:40:56.053000000,2025-01-16 22:40:56.053000000,58
28,CE223,1453SJ,,,CE,01,CENTRAL,0102,CHISAMBA,01021,CHISAMBA,0102105,LITETA,01021051035,,Rural,78,399,init1,,OKAY,,,2025-01-16 22:40:56.053000000,2025-01-16 22:40:56.053000000,58
29,CE222,1453SJ,,,CE,01,CENTRAL,0102,CHISAMBA,01021,CHISAMBA,0102105,LITETA,01021051040,,Rural,127,692,init1,,OKAY,,,2025-01-16 22:40:56.053000000,2025-01-16 22:40:56.053000000,58
30,CE221,1453SJ,,,CE,01,CENTRAL,0102,CHISAMBA,01021,CHISAMBA,0102105,LITETA,01021051044,,Rural,98,512,init1,,OKAY,,,2025-01-16 22:40:56.053000000,2025-01-16 22:40:56.053000000,58
31,CE220,2595NM,,,CE,01,CENTRAL,0102,CHISAMBA,01021,CHISAMBA,0102107,MONANGOMBE,01021071001,,Rural,89,461,init1,,OKAY,,,2025-01-16 22:40:56.053000000,2025-01-16 22:40:56.053000000,78
32,CE219,2595NM,,,CE,01,CENTRAL,0102,CHISAMBA,01021,CHISAMBA,0102107,MONANGOMBE,01021071002,,Rural,129,619,init1,,OKAY,,,2025-01-16 22:40:56.053000000,2025-01-16 22:40:56.053000000,78
33,CE218,2595NM,,,CE,01,CENTRAL,0102,CHISAMBA,01021,CHISAMBA,0102107,MONANGOMBE,01021071004,,Rural,94,524,init1,,OKAY,,,2025-01-16 22:40:56.053000000,2025-01-16 22:40:56.053000000,78
34,CE217,2595NM,,,CE,01,CENTRAL,0102,CHISAMBA,01021,CHISAMBA,0102107,MONANGOMBE,01021071005,,Rural,94,548,init1,,OKAY,,,2025-01-16 22:40:56.053000000,2025-01-16 22:40:56.053000000,78
35,CE216,2595NM,,,CE,01,CENTRAL,0102,CHISAMBA,01021,CHISAMBA,0102107,MONANGOMBE,01021071007,,Rural,116,614,init1,,OKAY,,,2025-01-16 22:40:56.053000000,2025-01-16 22:40:56.053000000,78
36,CE215,2595NM,,,CE,01,CENTRAL,0102,CHISAMBA,01021,CHISAMBA,0102107,MONANGOMBE,01021071008,,Rural,133,767,init1,,OKAY,,,2025-01-16 22:40:56.053000000,2025-01-16 22:40:56.053000000,78
37,CE214,2595NM,,,CE,01,CENTRAL,0102,CHISAMBA,01021,CHISAMBA,0102107,MONANGOMBE,01021071009,,Rural,114,653,init1,,OKAY,,,2025-01-16 22:40:56.053000000,2025-01-16 22:40:56.053000000,78
38,CE213,2595NM,,,CE,01,CENTRAL,0102,CHISAMBA,01021,CHISAMBA,0102107,MONANGOMBE,01021071011,,Rural,88,481,init1,,OKAY,,,2025-01-16 22:40:56.053000000,2025-01-16 22:40:56.053000000,78
39,CE212,2595NM,,,CE,01,CENTRAL,0102,CHISAMBA,01021,CHISAMBA,0102107,MONANGOMBE,01021071012,,Rural,72,568,init1,,OKAY,,,2025-01-16 22:40:56.053000000,2025-01-16 22:40:56.053000000,78
40,CE211,2595NM,,,CE,01,CENTRAL,0102,CHISAMBA,01021,CHISAMBA,0102107,MONANGOMBE,01021071014,,Rural,71,459,init1,,OKAY,,,2025-01-16 22:40:56.053000000,2025-01-16 22:40:56.053000000,78
41,CE210,3194MP,,,CE,01,CENTRAL,0102,CHISAMBA,01021,CHISAMBA,0102109,MUSWISHI,01021091001,,Rural,153,783,init1,,OKAY,,,2025-01-16 22:40:56.053000000,2025-01-16 22:40:56.053000000,248
42,CE209,3194MP,,,CE,01,CENTRAL,0102,CHISAMBA,01021,CHISAMBA,0102109,MUSWISHI,01021091004,,Rural,92,425,init1,,OKAY,,,2025-01-16 22:40:56.053000000,2025-01-16 22:40:56.053000000,248
43,CE208,3194MP,,,CE,01,CENTRAL,0102,CHISAMBA,01021,CHISAMBA,0102109,MUSWISHI,01021091008,,Rural,81,518,init1,,OKAY,,,2025-01-16 22:40:56.053000000,2025-01-16 22:40:56.053000000,248
44,CE207,3194MP,,,CE,01,CENTRAL,0102,CHISAMBA,01021,CHISAMBA,0102109,MUSWISHI,01021091012,,Rural,69,446,init1,,OKAY,,,2025-01-16 22:40:56.053000000,2025-01-16 22:40:56.053000000,248
45,CE206,3194MP,,,CE,01,CENTRAL,0102,CHISAMBA,01021,CHISAMBA,0102109,MUSWISHI,01021091016,,Rural,101,543,init1,,OKAY,,,2025-01-16 22:40:56.053000000,2025-01-16 22:40:56.053000000,248
46,CE205,3194MP,,,CE,01,CENTRAL,0102,CHISAMBA,01021,CHISAMBA,0102109,MUSWISHI,01021091020,,Rural,82,353,init1,,OKAY,,,2025-01-16 22:40:56.053000000,2025-01-16 22:40:56.053000000,248
47,CE204,3194MP,,,CE,01,CENTRAL,0102,CHISAMBA,01021,CHISAMBA,0102109,MUSWISHI,01021091023,,Rural,123,547,init1,,OKAY,,,2025-01-16 22:40:56.053000000,2025-01-16 22:40:56.053000000,248
48,CE203,3194MP,,,CE,01,CENTRAL,0102,CHISAMBA,01021,CHISAMBA,0102109,MUSWISHI,01021091027,,Rural,82,542,init1,,OKAY,,,2025-01-16 22:40:56.053000000,2025-01-16 22:40:56.053000000,248
49,CE202,3194MP,,,CE,01,CENTRAL,0102,CHISAMBA,01021,CHISAMBA,0102109,MUSWISHI,01021091031,,Rural,83,479,init1,,OKAY,,,2025-01-16 22:40:56.053000000,2025-01-16 22:40:56.053000000,248
50,CE201,3194MP,,,CE,01,CENTRAL,0102,CHISAMBA,01021,CHISAMBA,0102109,MUSWISHI,01021091035,,Rural,97,507,init1,,OKAY,,,2025-01-16 22:40:56.053000000,2025-01-16 22:40:56.053000000,248
51,CE200,1474EL,,,CE,01,CENTRAL,0102,CHISAMBA,01021,CHISAMBA,0102110,MUTENGA,01021101002,,Rural,106,619,init1,,OKAY,,,2025-01-16 22:40:56.053000000,2025-01-16 22:40:56.053000000,212
52,CE199,1474EL,,,CE,01,CENTRAL,0102,CHISAMBA,01021,CHISAMBA,0102110,MUTENGA,01021101005,,Rural,120,610,init1,,OKAY,,,2025-01-16 22:40:56.053000000,2025-01-16 22:40:56.053000000,212
53,CE198,1474EL,,,CE,01,CENTRAL,0102,CHISAMBA,01021,CHISAMBA,0102110,MUTENGA,01021101008,,Rural,112,718,init1,,OKAY,,,2025-01-16 22:40:56.053000000,2025-01-16 22:40:56.053000000,212
54,CE197,1474EL,,,CE,01,CENTRAL,0102,CHISAMBA,01021,CHISAMBA,0102110,MUTENGA,01021101011,,Rural,109,716,init1,,OKAY,,,2025-01-16 22:40:56.053000000,2025-01-16 22:40:56.053000000,212
55,CE196,1474EL,,,CE,01,CENTRAL,0102,CHISAMBA,01021,CHISAMBA,0102110,MUTENGA,01021101014,,Rural,96,484,init1,,OKAY,,,2025-01-16 22:40:56.053000000,2025-01-16 22:40:56.053000000,212
56,CE195,1474EL,,,CE,01,CENTRAL,0102,CHISAMBA,01021,CHISAMBA,0102110,MUTENGA,01021101017,,Rural,62,341,init1,,OKAY,,,2025-01-16 22:40:56.053000000,2025-01-16 22:40:56.053000000,212
57,CE194,1474EL,,,CE,01,CENTRAL,0102,CHISAMBA,01021,CHISAMBA,0102110,MUTENGA,01021101021,,Rural,108,512,init1,,OKAY,,,2025-01-16 22:40:56.053000000,2025-01-16 22:40:56.053000000,212
58,CE193,1474EL,,,CE,01,CENTRAL,0102,CHISAMBA,01021,CHISAMBA,0102110,MUTENGA,01021101024,,Rural,73,478,init1,,OKAY,,,2025-01-16 22:40:56.053000000,2025-01-16 22:40:56.053000000,212
59,CE192,1474EL,,,CE,01,CENTRAL,0102,CHISAMBA,01021,CHISAMBA,0102110,MUTENGA,01021101027,,Rural,76,459,init1,,OKAY,,,2025-01-16 22:40:56.053000000,2025-01-16 22:40:56.053000000,212
60,CE191,1474EL,,,CE,01,CENTRAL,0102,CHISAMBA,01021,CHISAMBA,0102110,MUTENGA,01021101030,,Rural,97,606,init1,,OKAY,,,2025-01-16 22:40:56.053000000,2025-01-16 22:40:56.053000000,212
61,CE190,1881EE,,,CE,01,CENTRAL,0105,KAPIRI MPOSHI,01051,KAPIRI MPOSHI,0105103,IMANSA,01051031002,,Rural,64,361,init1,,OKAY,,,2025-01-16 22:40:56.053000000,2025-01-16 22:40:56.053000000,5
62,CE189,1881EE,,,CE,01,CENTRAL,0105,KAPIRI MPOSHI,01051,KAPIRI MPOSHI,0105103,IMANSA,01051031006,,Rural,92,459,init1,,OKAY,,,2025-01-16 22:40:56.053000000,2025-01-16 22:40:56.053000000,5
63,CE188,1881EE,,,CE,01,CENTRAL,0105,KAPIRI MPOSHI,01051,KAPIRI MPOSHI,0105103,IMANSA,01051031010,,Rural,84,362,init1,,OKAY,,,2025-01-16 22:40:56.053000000,2025-01-16 22:40:56.053000000,5
64,CE187,1881EE,,,CE,01,CENTRAL,0105,KAPIRI MPOSHI,01051,KAPIRI MPOSHI,0105103,IMANSA,01051031014,,Rural,102,540,init1,,OKAY,,,2025-01-16 22:40:56.053000000,2025-01-16 22:40:56.053000000,5
65,CE186,1881EE,,,CE,01,CENTRAL,0105,KAPIRI MPOSHI,01051,KAPIRI MPOSHI,0105103,IMANSA,01051031018,,Rural,117,748,init1,,OKAY,,,2025-01-16 22:40:56.053000000,2025-01-16 22:40:56.053000000,5
66,CE185,1881EE,,,CE,01,CENTRAL,0105,KAPIRI MPOSHI,01051,KAPIRI MPOSHI,0105103,IMANSA,01051031023,,Rural,103,523,init1,,OKAY,,,2025-01-16 22:40:56.053000000,2025-01-16 22:40:56.053000000,5
67,CE184,1881EE,,,CE,01,CENTRAL,0105,KAPIRI MPOSHI,01051,KAPIRI MPOSHI,0105103,IMANSA,01051031027,,Rural,70,317,init1,,OKAY,,,2025-01-16 22:40:56.053000000,2025-01-16 22:40:56.053000000,5
68,CE183,1881EE,,,CE,01,CENTRAL,0105,KAPIRI MPOSHI,01051,KAPIRI MPOSHI,0105103,IMANSA,01051031031,,Rural,101,444,init1,,OKAY,,,2025-01-16 22:40:56.053000000,2025-01-16 22:40:56.053000000,5
69,CE182,1881EE,,,CE,01,CENTRAL,0105,KAPIRI MPOSHI,01051,KAPIRI MPOSHI,0105103,IMANSA,01051031035,,Rural,79,389,init1,,OKAY,,,2025-01-16 22:40:56.053000000,2025-01-16 22:40:56.053000000,5
70,CE181,1881EE,,,CE,01,CENTRAL,0105,KAPIRI MPOSHI,01051,KAPIRI MPOSHI,0105103,IMANSA,01051031039,,Rural,75,384,init1,,OKAY,,,2025-01-16 22:40:56.053000000,2025-01-16 22:40:56.053000000,5
71,CE180,2356PN,,,CE,01,CENTRAL,0105,KAPIRI MPOSHI,01051,KAPIRI MPOSHI,0105105,KAKWELESA,01051051004,,Rural,126,615,init1,,OKAY,,,2025-01-16 22:40:56.053000000,2025-01-16 22:40:56.053000000,10
72,CE179,2356PN,,,CE,01,CENTRAL,0105,KAPIRI MPOSHI,01051,KAPIRI MPOSHI,0105105,KAKWELESA,01051051008,,Rural,95,393,init1,,OKAY,,,2025-01-16 22:40:56.053000000,2025-01-16 22:40:56.053000000,10
73,CE178,2356PN,,,CE,01,CENTRAL,0105,KAPIRI MPOSHI,01051,KAPIRI MPOSHI,0105105,KAKWELESA,01051051013,,Rural,83,332,init1,,OKAY,,,2025-01-16 22:40:56.053000000,2025-01-16 22:40:56.053000000,10
74,CE177,2356PN,,,CE,01,CENTRAL,0105,KAPIRI MPOSHI,01051,KAPIRI MPOSHI,0105105,KAKWELESA,01051051017,,Rural,72,354,init1,,OKAY,,,2025-01-16 22:40:56.053000000,2025-01-16 22:40:56.053000000,10
75,CE176,2356PN,,,CE,01,CENTRAL,0105,KAPIRI MPOSHI,01051,KAPIRI MPOSHI,0105105,KAKWELESA,01051051021,,Rural,79,343,init1,,OKAY,,,2025-01-16 22:40:56.053000000,2025-01-16 22:40:56.053000000,10
76,CE175,2356PN,,,CE,01,CENTRAL,0105,KAPIRI MPOSHI,01051,KAPIRI MPOSHI,0105105,KAKWELESA,01051051025,,Rural,87,554,init1,,OKAY,,,2025-01-16 22:40:56.053000000,2025-01-16 22:40:56.053000000,10
77,CE174,2356PN,,,CE,01,CENTRAL,0105,KAPIRI MPOSHI,01051,KAPIRI MPOSHI,0105105,KAKWELESA,01051051030,,Rural,119,614,init1,,OKAY,,,2025-01-16 22:40:56.053000000,2025-01-16 22:40:56.053000000,10
78,CE173,2356PN,,,CE,01,CENTRAL,0105,KAPIRI MPOSHI,01051,KAPIRI MPOSHI,0105105,KAKWELESA,01051051034,,Rural,91,561,init1,,OKAY,,,2025-01-16 22:40:56.053000000,2025-01-16 22:40:56.053000000,10
79,CE172,2356PN,,,CE,01,CENTRAL,0105,KAPIRI MPOSHI,01051,KAPIRI MPOSHI,0105105,KAKWELESA,01051051038,,Rural,89,291,init1,,OKAY,,,2025-01-16 22:40:56.053000000,2025-01-16 22:40:56.053000000,10
80,CE171,2356PN,,,CE,01,CENTRAL,0105,KAPIRI MPOSHI,01051,KAPIRI MPOSHI,0105105,KAKWELESA,01051051043,,Rural,68,339,init1,,OKAY,,,2025-01-16 22:40:56.053000000,2025-01-16 22:40:56.053000000,10
81,CE170,1409SC,,,CE,01,CENTRAL,0105,KAPIRI MPOSHI,01051,KAPIRI MPOSHI,0105107,KAPIRI MPOSHI,01051071059,,Rural,113,433,init1,,OKAY,,,2025-01-16 22:40:56.053000000,2025-01-16 22:40:56.053000000,203
82,CE169,1409SC,,,CE,01,CENTRAL,0105,KAPIRI MPOSHI,01051,KAPIRI MPOSHI,0105107,KAPIRI MPOSHI,01051071066,,Rural,151,621,init1,,OKAY,,,2025-01-16 22:40:56.053000000,2025-01-16 22:40:56.053000000,203
83,CE168,1409SC,,,CE,01,CENTRAL,0105,KAPIRI MPOSHI,01051,KAPIRI MPOSHI,0105107,KAPIRI MPOSHI,01051071072,,Rural,109,400,init1,,OKAY,,,2025-01-16 22:40:56.053000000,2025-01-16 22:40:56.053000000,203
84,CE167,1409SC,,,CE,01,CENTRAL,0105,KAPIRI MPOSHI,01051,KAPIRI MPOSHI,0105107,KAPIRI MPOSHI,01051071100,,Rural,132,561,init1,,OKAY,,,2025-01-16 22:40:56.053000000,2025-01-16 22:40:56.053000000,203
85,CE166,1409SC,,,CE,01,CENTRAL,0105,KAPIRI MPOSHI,01051,KAPIRI MPOSHI,0105107,KAPIRI MPOSHI,01051072006,,Urban,206,901,init1,,OKAY,,,2025-01-16 22:40:56.053000000,2025-01-16 22:40:56.053000000,203
86,CE165,1409SC,,,CE,01,CENTRAL,0105,KAPIRI MPOSHI,01051,KAPIRI MPOSHI,0105107,KAPIRI MPOSHI,01051072012,,Urban,61,242,init1,,OKAY,,,2025-01-16 22:40:56.053000000,2025-01-16 22:40:56.053000000,203
87,CE164,1409SC,,,CE,01,CENTRAL,0105,KAPIRI MPOSHI,01051,KAPIRI MPOSHI,0105107,KAPIRI MPOSHI,01051072019,,Urban,228,959,init1,,OKAY,,,2025-01-16 22:40:56.053000000,2025-01-16 22:40:56.053000000,203
88,CE163,1409SC,,,CE,01,CENTRAL,0105,KAPIRI MPOSHI,01051,KAPIRI MPOSHI,0105107,KAPIRI MPOSHI,01051072025,,Urban,167,730,init1,,OKAY,,,2025-01-16 22:40:56.053000000,2025-01-16 22:40:56.053000000,203
89,CE162,1409SC,,,CE,01,CENTRAL,0105,KAPIRI MPOSHI,01051,KAPIRI MPOSHI,0105107,KAPIRI MPOSHI,01051072031,,Urban,93,334,init1,,OKAY,,,2025-01-16 22:40:56.053000000,2025-01-16 22:40:56.053000000,203
90,CE161,1409SC,,,CE,01,CENTRAL,0105,KAPIRI MPOSHI,01051,KAPIRI MPOSHI,0105107,KAPIRI MPOSHI,01051072037,,Urban,127,496,init1,,OKAY,,,2025-01-16 22:40:56.053000000,2025-01-16 22:40:56.053000000,203
91,CE160,1409SC,,,CE,01,CENTRAL,0105,KAPIRI MPOSHI,01051,KAPIRI MPOSHI,0105107,KAPIRI MPOSHI,01051072043,,Urban,85,349,init1,,OKAY,,,2025-01-16 22:40:56.053000000,2025-01-16 22:40:56.053000000,203
92,CE159,1409SC,,,CE,01,CENTRAL,0105,KAPIRI MPOSHI,01051,KAPIRI MPOSHI,0105107,KAPIRI MPOSHI,01051072050,,Urban,156,765,init1,,OKAY,,,2025-01-16 22:40:56.053000000,2025-01-16 22:40:56.053000000,203
93,CE158,1409SC,,,CE,01,CENTRAL,0105,KAPIRI MPOSHI,01051,KAPIRI MPOSHI,0105107,KAPIRI MPOSHI,01051072056,,Urban,126,566,init1,,OKAY,,,2025-01-16 22:40:56.053000000,2025-01-16 22:40:56.053000000,203
94,CE157,1409SC,,,CE,01,CENTRAL,0105,KAPIRI MPOSHI,01051,KAPIRI MPOSHI,0105107,KAPIRI MPOSHI,01051072078,,Urban,159,798,init1,,OKAY,,,2025-01-16 22:40:56.053000000,2025-01-16 22:40:56.053000000,203
95,CE156,1409SC,,,CE,01,CENTRAL,0105,KAPIRI MPOSHI,01051,KAPIRI MPOSHI,0105107,KAPIRI MPOSHI,01051072086,,Urban,94,478,init1,,OKAY,,,2025-01-16 22:40:56.053000000,2025-01-16 22:40:56.053000000,203
96,CE155,1409SC,,,CE,01,CENTRAL,0105,KAPIRI MPOSHI,01051,KAPIRI MPOSHI,0105107,KAPIRI MPOSHI,01051072092,,Urban,202,998,init1,,OKAY,,,2025-01-16 22:40:56.053000000,2025-01-16 22:40:56.053000000,203
97,CE154,1409SC,,,CE,01,CENTRAL,0105,KAPIRI MPOSHI,01051,KAPIRI MPOSHI,0105107,KAPIRI MPOSHI,01051072102,,Urban,179,922,init1,,OKAY,,,2025-01-16 22:40:56.053000000,2025-01-16 22:40:56.053000000,203
98,CE153,1409SC,,,CE,01,CENTRAL,0105,KAPIRI MPOSHI,01051,KAPIRI MPOSHI,0105107,KAPIRI MPOSHI,01051072108,,Urban,180,867,init1,,OKAY,,,2025-01-16 22:40:56.053000000,2025-01-16 22:40:56.053000000,203
99,CE152,1409SC,,,CE,01,CENTRAL,0105,KAPIRI MPOSHI,01051,KAPIRI MPOSHI,0105107,KAPIRI MPOSHI,01051072114,,Urban,173,813,init1,,OKAY,,,2025-01-16 22:40:56.053000000,2025-01-16 22:40:56.053000000,203
100,CE151,1409SC,,,CE,01,CENTRAL,0105,KAPIRI MPOSHI,01051,KAPIRI MPOSHI,0105107,KAPIRI MPOSHI,01051072120,,Urban,175,845,init1,,OKAY,,,2025-01-16 22:40:56.053000000,2025-01-16 22:40:56.053000000,203
101,CE150,2371BG,,,CE,01,CENTRAL,0105,KAPIRI MPOSHI,01051,KAPIRI MPOSHI,0105109,KASHITU,01051091001,,Rural,77,382,init1,,OKAY,,,2025-01-16 22:40:56.053000000,2025-01-16 22:40:56.053000000,39
102,CE149,2371BG,,,CE,01,CENTRAL,0105,KAPIRI MPOSHI,01051,KAPIRI MPOSHI,0105109,KASHITU,01051091005,,Rural,106,542,init1,,OKAY,,,2025-01-16 22:40:56.053000000,2025-01-16 22:40:56.053000000,39
103,CE148,2371BG,,,CE,01,CENTRAL,0105,KAPIRI MPOSHI,01051,KAPIRI MPOSHI,0105109,KASHITU,01051091010,,Rural,61,243,init1,,OKAY,,,2025-01-16 22:40:56.053000000,2025-01-16 22:40:56.053000000,39
104,CE147,2371BG,,,CE,01,CENTRAL,0105,KAPIRI MPOSHI,01051,KAPIRI MPOSHI,0105109,KASHITU,01051091014,,Rural,100,540,init1,,OKAY,,,2025-01-16 22:40:56.053000000,2025-01-16 22:40:56.053000000,39
105,CE146,2371BG,,,CE,01,CENTRAL,0105,KAPIRI MPOSHI,01051,KAPIRI MPOSHI,0105109,KASHITU,01051091018,,Rural,56,275,init1,,OKAY,,,2025-01-16 22:40:56.053000000,2025-01-16 22:40:56.053000000,39
106,CE145,2371BG,,,CE,01,CENTRAL,0105,KAPIRI MPOSHI,01051,KAPIRI MPOSHI,0105109,KASHITU,01051091023,,Rural,122,748,init1,,OKAY,,,2025-01-16 22:40:56.053000000,2025-01-16 22:40:56.053000000,39
107,CE144,2371BG,,,CE,01,CENTRAL,0105,KAPIRI MPOSHI,01051,KAPIRI MPOSHI,0105109,KASHITU,01051091027,,Rural,97,484,init1,,OKAY,,,2025-01-16 22:40:56.053000000,2025-01-16 22:40:56.053000000,39
108,CE143,2371BG,,,CE,01,CENTRAL,0105,KAPIRI MPOSHI,01051,KAPIRI MPOSHI,0105109,KASHITU,01051091032,,Rural,122,509,init1,,OKAY,,,2025-01-16 22:40:56.053000000,2025-01-16 22:40:56.053000000,39
109,CE142,2371BG,,,CE,01,CENTRAL,0105,KAPIRI MPOSHI,01051,KAPIRI MPOSHI,0105109,KASHITU,01051091036,,Rural,58,281,init1,,OKAY,,,2025-01-16 22:40:56.053000000,2025-01-16 22:40:56.053000000,39
110,CE141,2371BG,,,CE,01,CENTRAL,0105,KAPIRI MPOSHI,01051,KAPIRI MPOSHI,0105109,KASHITU,01051091040,,Rural,50,261,init1,,OKAY,,,2025-01-16 22:40:56.053000000,2025-01-16 22:40:56.053000000,39
111,CE140,1093TN,,,CE,01,CENTRAL,0105,KAPIRI MPOSHI,01051,KAPIRI MPOSHI,0105111,LUNCHU,01051111002,,Rural,137,565,init1,,OKAY,,,2025-01-16 22:40:56.053000000,2025-01-16 22:40:56.053000000,181
112,CE139,1093TN,,,CE,01,CENTRAL,0105,KAPIRI MPOSHI,01051,KAPIRI MPOSHI,0105111,LUNCHU,01051111006,,Rural,116,403,init1,,OKAY,,,2025-01-16 22:40:56.053000000,2025-01-16 22:40:56.053000000,181
113,CE138,1093TN,,,CE,01,CENTRAL,0105,KAPIRI MPOSHI,01051,KAPIRI MPOSHI,0105111,LUNCHU,01051111009,,Rural,117,524,init1,,OKAY,,,2025-01-16 22:40:56.053000000,2025-01-16 22:40:56.053000000,181
114,CE137,1093TN,,,CE,01,CENTRAL,0105,KAPIRI MPOSHI,01051,KAPIRI MPOSHI,0105111,LUNCHU,01051111013,,Rural,57,285,init1,,OKAY,,,2025-01-16 22:40:56.053000000,2025-01-16 22:40:56.053000000,181
115,CE136,1093TN,,,CE,01,CENTRAL,0105,KAPIRI MPOSHI,01051,KAPIRI MPOSHI,0105111,LUNCHU,01051111016,,Rural,70,348,init1,,OKAY,,,2025-01-16 22:40:56.053000000,2025-01-16 22:40:56.053000000,181
116,CE135,1093TN,,,CE,01,CENTRAL,0105,KAPIRI MPOSHI,01051,KAPIRI MPOSHI,0105111,LUNCHU,01051111020,,Rural,62,446,init1,,OKAY,,,2025-01-16 22:40:56.053000000,2025-01-16 22:40:56.053000000,181
117,CE134,1093TN,,,CE,01,CENTRAL,0105,KAPIRI MPOSHI,01051,KAPIRI MPOSHI,0105111,LUNCHU,01051111023,,Rural,79,410,init1,,OKAY,,,2025-01-16 22:40:56.053000000,2025-01-16 22:40:56.053000000,181
118,CE133,1093TN,,,CE,01,CENTRAL,0105,KAPIRI MPOSHI,01051,KAPIRI MPOSHI,0105111,LUNCHU,01051111027,,Rural,53,302,init1,,OKAY,,,2025-01-16 22:40:56.053000000,2025-01-16 22:40:56.053000000,181
119,CE132,1093TN,,,CE,01,CENTRAL,0105,KAPIRI MPOSHI,01051,KAPIRI MPOSHI,0105111,LUNCHU,01051111030,,Rural,83,458,init1,,OKAY,,,2025-01-16 22:40:56.053000000,2025-01-16 22:40:56.053000000,181
120,CE131,1093TN,,,CE,01,CENTRAL,0105,KAPIRI MPOSHI,01051,KAPIRI MPOSHI,0105111,LUNCHU,01051111034,,Rural,79,473,init1,,OKAY,,,2025-01-16 22:40:56.053000000,2025-01-16 22:40:56.053000000,181
121,CE130,1956KG,,,CE,01,CENTRAL,0105,KAPIRI MPOSHI,01051,KAPIRI MPOSHI,0105113,MPUNDE,01051131002,,Rural,75,436,init1,,OKAY,,,2025-01-16 22:40:56.053000000,2025-01-16 22:40:56.053000000,130
122,CE129,1956KG,,,CE,01,CENTRAL,0105,KAPIRI MPOSHI,01051,KAPIRI MPOSHI,0105113,MPUNDE,01051131006,,Rural,93,605,init1,,OKAY,,,2025-01-16 22:40:56.053000000,2025-01-16 22:40:56.053000000,130
123,CE128,1956KG,,,CE,01,CENTRAL,0105,KAPIRI MPOSHI,01051,KAPIRI MPOSHI,0105113,MPUNDE,01051131011,,Rural,71,410,init1,,OKAY,,,2025-01-16 22:40:56.053000000,2025-01-16 22:40:56.053000000,130
124,CE127,1956KG,,,CE,01,CENTRAL,0105,KAPIRI MPOSHI,01051,KAPIRI MPOSHI,0105113,MPUNDE,01051131016,,Rural,82,437,init1,,OKAY,,,2025-01-16 22:40:56.053000000,2025-01-16 22:40:56.053000000,130
125,CE126,1956KG,,,CE,01,CENTRAL,0105,KAPIRI MPOSHI,01051,KAPIRI MPOSHI,0105113,MPUNDE,01051131020,,Rural,121,545,init1,,OKAY,,,2025-01-16 22:40:56.053000000,2025-01-16 22:40:56.053000000,130
126,CE125,1956KG,,,CE,01,CENTRAL,0105,KAPIRI MPOSHI,01051,KAPIRI MPOSHI,0105113,MPUNDE,01051131025,,Rural,58,292,init1,,OKAY,,,2025-01-16 22:40:56.053000000,2025-01-16 22:40:56.053000000,130
127,CE124,1956KG,,,CE,01,CENTRAL,0105,KAPIRI MPOSHI,01051,KAPIRI MPOSHI,0105113,MPUNDE,01051131030,,Rural,89,423,init1,,OKAY,,,2025-01-16 22:40:56.053000000,2025-01-16 22:40:56.053000000,130
128,CE123,1956KG,,,CE,01,CENTRAL,0105,KAPIRI MPOSHI,01051,KAPIRI MPOSHI,0105113,MPUNDE,01051131035,,Rural,159,786,init1,,OKAY,,,2025-01-16 22:40:56.053000000,2025-01-16 22:40:56.053000000,130
129,CE122,1956KG,,,CE,01,CENTRAL,0105,KAPIRI MPOSHI,01051,KAPIRI MPOSHI,0105113,MPUNDE,01051131039,,Rural,84,524,init1,,OKAY,,,2025-01-16 22:40:56.053000000,2025-01-16 22:40:56.053000000,130
130,CE121,1956KG,,,CE,01,CENTRAL,0105,KAPIRI MPOSHI,01051,KAPIRI MPOSHI,0105113,MPUNDE,01051131044,,Rural,59,291,init1,,OKAY,,,2025-01-16 22:40:56.053000000,2025-01-16 22:40:56.053000000,130
131,CE120,1458FH,,,CE,01,CENTRAL,0105,KAPIRI MPOSHI,01051,KAPIRI MPOSHI,0105115,MUNGA,01051151001,,Rural,113,549,init1,,OKAY,,,2025-01-16 22:40:56.053000000,2025-01-16 22:40:56.053000000,191
132,CE119,1458FH,,,CE,01,CENTRAL,0105,KAPIRI MPOSHI,01051,KAPIRI MPOSHI,0105115,MUNGA,01051151007,,Rural,78,360,init1,,OKAY,,,2025-01-16 22:40:56.053000000,2025-01-16 22:40:56.053000000,191
133,CE118,1458FH,,,CE,01,CENTRAL,0105,KAPIRI MPOSHI,01051,KAPIRI MPOSHI,0105115,MUNGA,01051151012,,Rural,51,275,init1,,OKAY,,,2025-01-16 22:40:56.053000000,2025-01-16 22:40:56.053000000,191
134,CE117,1458FH,,,CE,01,CENTRAL,0105,KAPIRI MPOSHI,01051,KAPIRI MPOSHI,0105115,MUNGA,01051151018,,Rural,61,365,init1,,OKAY,,,2025-01-16 22:40:56.053000000,2025-01-16 22:40:56.053000000,191
135,CE116,1458FH,,,CE,01,CENTRAL,0105,KAPIRI MPOSHI,01051,KAPIRI MPOSHI,0105115,MUNGA,01051151023,,Rural,95,358,init1,,OKAY,,,2025-01-16 22:40:56.053000000,2025-01-16 22:40:56.053000000,191
136,CE115,1458FH,,,CE,01,CENTRAL,0105,KAPIRI MPOSHI,01051,KAPIRI MPOSHI,0105115,MUNGA,01051151028,,Rural,89,465,init1,,OKAY,,,2025-01-16 22:40:56.053000000,2025-01-16 22:40:56.053000000,191
137,CE114,1458FH,,,CE,01,CENTRAL,0105,KAPIRI MPOSHI,01051,KAPIRI MPOSHI,0105115,MUNGA,01051151034,,Rural,73,438,init1,,OKAY,,,2025-01-16 22:40:56.053000000,2025-01-16 22:40:56.053000000,191
138,CE113,1458FH,,,CE,01,CENTRAL,0105,KAPIRI MPOSHI,01051,KAPIRI MPOSHI,0105115,MUNGA,01051151039,,Rural,84,491,init1,,OKAY,,,2025-01-16 22:40:56.053000000,2025-01-16 22:40:56.053000000,191
139,CE112,1458FH,,,CE,01,CENTRAL,0105,KAPIRI MPOSHI,01051,KAPIRI MPOSHI,0105115,MUNGA,01051151045,,Rural,83,409,init1,,OKAY,,,2025-01-16 22:40:56.053000000,2025-01-16 22:40:56.053000000,191
140,CE111,1458FH,,,CE,01,CENTRAL,0105,KAPIRI MPOSHI,01051,KAPIRI MPOSHI,0105115,MUNGA,01051151050,,Rural,79,349,init1,,OKAY,,,2025-01-16 22:40:56.053000000,2025-01-16 22:40:56.053000000,191
141,CE110,3235SJ,,,CE,01,CENTRAL,0105,KAPIRI MPOSHI,01051,KAPIRI MPOSHI,0105118,NCHEMBWE,01051181002,,Rural,138,633,init1,,OKAY,,,2025-01-16 22:40:56.053000000,2025-01-16 22:40:56.053000000,180
142,CE109,3235SJ,,,CE,01,CENTRAL,0105,KAPIRI MPOSHI,01051,KAPIRI MPOSHI,0105118,NCHEMBWE,01051181005,,Rural,109,470,init1,,OKAY,,,2025-01-16 22:40:56.053000000,2025-01-16 22:40:56.053000000,180
143,CE108,3235SJ,,,CE,01,CENTRAL,0105,KAPIRI MPOSHI,01051,KAPIRI MPOSHI,0105118,NCHEMBWE,01051181008,,Rural,103,424,init1,,OKAY,,,2025-01-16 22:40:56.053000000,2025-01-16 22:40:56.053000000,180
144,CE107,3235SJ,,,CE,01,CENTRAL,0105,KAPIRI MPOSHI,01051,KAPIRI MPOSHI,0105118,NCHEMBWE,01051181012,,Rural,69,304,init1,,OKAY,,,2025-01-16 22:40:56.053000000,2025-01-16 22:40:56.053000000,180
145,CE106,3235SJ,,,CE,01,CENTRAL,0105,KAPIRI MPOSHI,01051,KAPIRI MPOSHI,0105118,NCHEMBWE,01051181015,,Rural,84,454,init1,,OKAY,,,2025-01-16 22:40:56.053000000,2025-01-16 22:40:56.053000000,180
146,CE105,3235SJ,,,CE,01,CENTRAL,0105,KAPIRI MPOSHI,01051,KAPIRI MPOSHI,0105118,NCHEMBWE,01051181018,,Rural,127,574,init1,,OKAY,,,2025-01-16 22:40:56.053000000,2025-01-16 22:40:56.053000000,180
147,CE104,3235SJ,,,CE,01,CENTRAL,0105,KAPIRI MPOSHI,01051,KAPIRI MPOSHI,0105118,NCHEMBWE,01051181021,,Rural,97,357,init1,,OKAY,,,2025-01-16 22:40:56.053000000,2025-01-16 22:40:56.053000000,180
148,CE103,3235SJ,,,CE,01,CENTRAL,0105,KAPIRI MPOSHI,01051,KAPIRI MPOSHI,0105118,NCHEMBWE,01051181024,,Rural,101,486,init1,,OKAY,,,2025-01-16 22:40:56.053000000,2025-01-16 22:40:56.053000000,180
149,CE102,3235SJ,,,CE,01,CENTRAL,0105,KAPIRI MPOSHI,01051,KAPIRI MPOSHI,0105118,NCHEMBWE,01051181028,,Rural,100,419,init1,,OKAY,,,2025-01-16 22:40:56.053000000,2025-01-16 22:40:56.053000000,180
150,CE101,3235SJ,,,CE,01,CENTRAL,0105,KAPIRI MPOSHI,01051,KAPIRI MPOSHI,0105118,NCHEMBWE,01051181031,,Rural,119,512,init1,,OKAY,,,2025-01-16 22:40:56.053000000,2025-01-16 22:40:56.053000000,180
151,CE100,1127SS,,,CE,01,CENTRAL,0108,MUMBWA,01081,MUMBWA,0108101,CHIBOLYO,01081011001,,Rural,63,419,init1,,OKAY,,,2025-01-16 22:40:56.053000000,2025-01-16 22:40:56.053000000,185
152,CE099,1127SS,,,CE,01,CENTRAL,0108,MUMBWA,01081,MUMBWA,0108101,CHIBOLYO,01081011005,,Rural,118,588,init1,,OKAY,,,2025-01-16 22:40:56.053000000,2025-01-16 22:40:56.053000000,185
153,CE098,1127SS,,,CE,01,CENTRAL,0108,MUMBWA,01081,MUMBWA,0108101,CHIBOLYO,01081011008,,Rural,52,311,init1,,OKAY,,,2025-01-16 22:40:56.053000000,2025-01-16 22:40:56.053000000,185
154,CE097,1127SS,,,CE,01,CENTRAL,0108,MUMBWA,01081,MUMBWA,0108101,CHIBOLYO,01081011012,,Rural,67,394,init1,,OKAY,,,2025-01-16 22:40:56.053000000,2025-01-16 22:40:56.053000000,185
155,CE096,1127SS,,,CE,01,CENTRAL,0108,MUMBWA,01081,MUMBWA,0108101,CHIBOLYO,01081011016,,Rural,102,788,init1,,OKAY,,,2025-01-16 22:40:56.053000000,2025-01-16 22:40:56.053000000,185
156,CE095,1127SS,,,CE,01,CENTRAL,0108,MUMBWA,01081,MUMBWA,0108101,CHIBOLYO,01081011019,,Rural,94,663,init1,,OKAY,,,2025-01-16 22:40:56.053000000,2025-01-16 22:40:56.053000000,185
157,CE094,1127SS,,,CE,01,CENTRAL,0108,MUMBWA,01081,MUMBWA,0108101,CHIBOLYO,01081011023,,Rural,98,666,init1,,OKAY,,,2025-01-16 22:40:56.053000000,2025-01-16 22:40:56.053000000,185
158,CE093,1127SS,,,CE,01,CENTRAL,0108,MUMBWA,01081,MUMBWA,0108101,CHIBOLYO,01081011026,,Rural,81,340,init1,,OKAY,,,2025-01-16 22:40:56.053000000,2025-01-16 22:40:56.053000000,185
159,CE092,1127SS,,,CE,01,CENTRAL,0108,MUMBWA,01081,MUMBWA,0108101,CHIBOLYO,01081011030,,Rural,59,353,init1,,OKAY,,,2025-01-16 22:40:56.053000000,2025-01-16 22:40:56.053000000,185
160,CE091,1127SS,,,CE,01,CENTRAL,0108,MUMBWA,01081,MUMBWA,0108101,CHIBOLYO,01081011034,,Rural,77,365,init1,,OKAY,,,2025-01-16 22:40:56.053000000,2025-01-16 22:40:56.053000000,185
161,CE090,1031JL,,,CE,01,CENTRAL,0108,MUMBWA,01081,MUMBWA,0108103,KAMILAMBO,01081031002,,Rural,71,530,init1,,OKAY,,,2025-01-16 22:40:56.053000000,2025-01-16 22:40:56.053000000,61
162,CE089,1031JL,,,CE,01,CENTRAL,0108,MUMBWA,01081,MUMBWA,0108103,KAMILAMBO,01081031006,,Rural,92,682,init1,,OKAY,,,2025-01-16 22:40:56.053000000,2025-01-16 22:40:56.053000000,61
163,CE088,1031JL,,,CE,01,CENTRAL,0108,MUMBWA,01081,MUMBWA,0108103,KAMILAMBO,01081031010,,Rural,93,648,init1,,OKAY,,,2025-01-16 22:40:56.053000000,2025-01-16 22:40:56.053000000,61
164,CE087,1031JL,,,CE,01,CENTRAL,0108,MUMBWA,01081,MUMBWA,0108103,KAMILAMBO,01081031014,,Rural,100,497,init1,,OKAY,,,2025-01-16 22:40:56.053000000,2025-01-16 22:40:56.053000000,61
165,CE086,1031JL,,,CE,01,CENTRAL,0108,MUMBWA,01081,MUMBWA,0108103,KAMILAMBO,01081031018,,Rural,107,638,init1,,OKAY,,,2025-01-16 22:40:56.053000000,2025-01-16 22:40:56.053000000,61
166,CE085,1031JL,,,CE,01,CENTRAL,0108,MUMBWA,01081,MUMBWA,0108103,KAMILAMBO,01081031022,,Rural,81,461,init1,,OKAY,,,2025-01-16 22:40:56.053000000,2025-01-16 22:40:56.053000000,61
167,CE084,1031JL,,,CE,01,CENTRAL,0108,MUMBWA,01081,MUMBWA,0108103,KAMILAMBO,01081031026,,Rural,69,448,init1,,OKAY,,,2025-01-16 22:40:56.053000000,2025-01-16 22:40:56.053000000,61
168,CE083,1031JL,,,CE,01,CENTRAL,0108,MUMBWA,01081,MUMBWA,0108103,KAMILAMBO,01081031030,,Rural,86,517,init1,,OKAY,,,2025-01-16 22:40:56.053000000,2025-01-16 22:40:56.053000000,61
169,CE082,1031JL,,,CE,01,CENTRAL,0108,MUMBWA,01081,MUMBWA,0108103,KAMILAMBO,01081031034,,Rural,64,497,init1,,OKAY,,,2025-01-16 22:40:56.053000000,2025-01-16 22:40:56.053000000,61
170,CE081,1031JL,,,CE,01,CENTRAL,0108,MUMBWA,01081,MUMBWA,0108103,KAMILAMBO,01081031038,,Rural,69,578,init1,,OKAY,,,2025-01-16 22:40:56.053000000,2025-01-16 22:40:56.053000000,61
171,CE080,3080LH,,,CE,01,CENTRAL,0108,MUMBWA,01081,MUMBWA,0108105,MAKEBO,01081051003,,Rural,79,369,init1,,OKAY,,,2025-01-16 22:40:56.053000000,2025-01-16 22:40:56.053000000,145
172,CE079,3080LH,,,CE,01,CENTRAL,0108,MUMBWA,01081,MUMBWA,0108105,MAKEBO,01081051006,,Rural,100,545,init1,,OKAY,,,2025-01-16 22:40:56.053000000,2025-01-16 22:40:56.053000000,145
173,CE078,3080LH,,,CE,01,CENTRAL,0108,MUMBWA,01081,MUMBWA,0108105,MAKEBO,01081051016,,Rural,73,419,init1,,OKAY,,,2025-01-16 22:40:56.053000000,2025-01-16 22:40:56.053000000,145
174,CE077,3080LH,,,CE,01,CENTRAL,0108,MUMBWA,01081,MUMBWA,0108105,MAKEBO,01081051020,,Rural,72,297,init1,,OKAY,,,2025-01-16 22:40:56.053000000,2025-01-16 22:40:56.053000000,145
175,CE076,3080LH,,,CE,01,CENTRAL,0108,MUMBWA,01081,MUMBWA,0108105,MAKEBO,01081051024,,Rural,79,405,init1,,OKAY,,,2025-01-16 22:40:56.053000000,2025-01-16 22:40:56.053000000,145
176,CE075,3080LH,,,CE,01,CENTRAL,0108,MUMBWA,01081,MUMBWA,0108105,MAKEBO,01081052010,,Urban,161,823,init1,,OKAY,,,2025-01-16 22:40:56.053000000,2025-01-16 22:40:56.053000000,145
177,CE074,3080LH,,,CE,01,CENTRAL,0108,MUMBWA,01081,MUMBWA,0108105,MAKEBO,01081052014,,Urban,147,655,init1,,OKAY,,,2025-01-16 22:40:56.053000000,2025-01-16 22:40:56.053000000,145
178,CE073,3080LH,,,CE,01,CENTRAL,0108,MUMBWA,01081,MUMBWA,0108105,MAKEBO,01081052022,,Urban,123,577,init1,,OKAY,,,2025-01-16 22:40:56.053000000,2025-01-16 22:40:56.053000000,145
179,CE072,3080LH,,,CE,01,CENTRAL,0108,MUMBWA,01081,MUMBWA,0108105,MAKEBO,01081052026,,Urban,123,555,init1,,OKAY,,,2025-01-16 22:40:56.053000000,2025-01-16 22:40:56.053000000,145
180,CE071,3080LH,,,CE,01,CENTRAL,0108,MUMBWA,01081,MUMBWA,0108105,MAKEBO,01081052028,,Urban,139,665,init1,,OKAY,,,2025-01-16 22:40:56.053000000,2025-01-16 22:40:56.053000000,145
181,CE070,2903AJ,,,CE,01,CENTRAL,0108,MUMBWA,01081,MUMBWA,0108106,MPUSU,01081061001,,Rural,64,408,init1,,OKAY,,,2025-01-16 22:40:56.053000000,2025-01-16 22:40:56.053000000,236
182,CE069,2903AJ,,,CE,01,CENTRAL,0108,MUMBWA,01081,MUMBWA,0108106,MPUSU,01081061003,,Rural,119,879,init1,,OKAY,,,2025-01-16 22:40:56.053000000,2025-01-16 22:40:56.053000000,236
183,CE068,2903AJ,,,CE,01,CENTRAL,0108,MUMBWA,01081,MUMBWA,0108106,MPUSU,01081061004,,Rural,61,365,init1,,OKAY,,,2025-01-16 22:40:56.053000000,2025-01-16 22:40:56.053000000,236
184,CE067,2903AJ,,,CE,01,CENTRAL,0108,MUMBWA,01081,MUMBWA,0108106,MPUSU,01081061006,,Rural,62,344,init1,,OKAY,,,2025-01-16 22:40:56.053000000,2025-01-16 22:40:56.053000000,236
185,CE066,2903AJ,,,CE,01,CENTRAL,0108,MUMBWA,01081,MUMBWA,0108106,MPUSU,01081061008,,Rural,83,467,init1,,OKAY,,,2025-01-16 22:40:56.053000000,2025-01-16 22:40:56.053000000,236
186,CE065,2903AJ,,,CE,01,CENTRAL,0108,MUMBWA,01081,MUMBWA,0108106,MPUSU,01081061010,,Rural,52,408,init1,,OKAY,,,2025-01-16 22:40:56.053000000,2025-01-16 22:40:56.053000000,236
187,CE064,2903AJ,,,CE,01,CENTRAL,0108,MUMBWA,01081,MUMBWA,0108106,MPUSU,01081061012,,Rural,94,453,init1,,OKAY,,,2025-01-16 22:40:56.053000000,2025-01-16 22:40:56.053000000,236
188,CE063,2903AJ,,,CE,01,CENTRAL,0108,MUMBWA,01081,MUMBWA,0108106,MPUSU,01081061014,,Rural,117,658,init1,,OKAY,,,2025-01-16 22:40:56.053000000,2025-01-16 22:40:56.053000000,236
189,CE062,2903AJ,,,CE,01,CENTRAL,0108,MUMBWA,01081,MUMBWA,0108106,MPUSU,01081061016,,Rural,64,365,init1,,OKAY,,,2025-01-16 22:40:56.053000000,2025-01-16 22:40:56.053000000,236
190,CE061,2903AJ,,,CE,01,CENTRAL,0108,MUMBWA,01081,MUMBWA,0108106,MPUSU,01081061018,,Rural,77,428,init1,,OKAY,,,2025-01-16 22:40:56.053000000,2025-01-16 22:40:56.053000000,236
191,CE060,2773BF,,,CE,01,CENTRAL,0108,MUMBWA,01081,MUMBWA,0108108,MUPONA,01081082001,,Urban,180,701,init1,,OKAY,,,2025-01-16 22:40:56.053000000,2025-01-16 22:40:56.053000000,195
192,CE059,2773BF,,,CE,01,CENTRAL,0108,MUMBWA,01081,MUMBWA,0108108,MUPONA,01081082005,,Urban,179,754,init1,,OKAY,,,2025-01-16 22:40:56.053000000,2025-01-16 22:40:56.053000000,195
193,CE058,2773BF,,,CE,01,CENTRAL,0108,MUMBWA,01081,MUMBWA,0108108,MUPONA,01081082009,,Urban,119,540,init1,,OKAY,,,2025-01-16 22:40:56.053000000,2025-01-16 22:40:56.053000000,195
194,CE057,2773BF,,,CE,01,CENTRAL,0108,MUMBWA,01081,MUMBWA,0108108,MUPONA,01081082013,,Urban,205,870,init1,,OKAY,,,2025-01-16 22:40:56.053000000,2025-01-16 22:40:56.053000000,195
195,CE056,2773BF,,,CE,01,CENTRAL,0108,MUMBWA,01081,MUMBWA,0108108,MUPONA,01081082018,,Urban,141,574,init1,,OKAY,,,2025-01-16 22:40:56.053000000,2025-01-16 22:40:56.053000000,195
196,CE055,2773BF,,,CE,01,CENTRAL,0108,MUMBWA,01081,MUMBWA,0108108,MUPONA,01081082022,,Urban,142,716,init1,,OKAY,,,2025-01-16 22:40:56.053000000,2025-01-16 22:40:56.053000000,195
197,CE054,2773BF,,,CE,01,CENTRAL,0108,MUMBWA,01081,MUMBWA,0108108,MUPONA,01081082026,,Urban,150,620,init1,,OKAY,,,2025-01-16 22:40:56.053000000,2025-01-16 22:40:56.053000000,195
198,CE053,2773BF,,,CE,01,CENTRAL,0108,MUMBWA,01081,MUMBWA,0108108,MUPONA,01081082030,,Urban,175,661,init1,,OKAY,,,2025-01-16 22:40:56.053000000,2025-01-16 22:40:56.053000000,195
199,CE052,2773BF,,,CE,01,CENTRAL,0108,MUMBWA,01081,MUMBWA,0108108,MUPONA,01081082034,,Urban,44,195,init1,,VAST EA,,,2025-01-16 22:40:56.053000000,2025-01-16 22:40:56.053000000,195
200,CE051,2773BF,,,CE,01,CENTRAL,0108,MUMBWA,01081,MUMBWA,0108108,MUPONA,01081082038,,Urban,143,700,init1,,OKAY,,,2025-01-16 22:40:56.053000000,2025-01-16 22:40:56.053000000,195
201,CE050,3138DF,,,CE,01,CENTRAL,0108,MUMBWA,01081,MUMBWA,0108109,NALUSANGA,01081091002,,Rural,87,487,init1,,OKAY,,,2025-01-16 22:40:56.053000000,2025-01-16 22:40:56.053000000,160
202,CE049,3138DF,,,CE,01,CENTRAL,0108,MUMBWA,01081,MUMBWA,0108109,NALUSANGA,01081091008,,Rural,97,635,init1,,OKAY,,,2025-01-16 22:40:56.053000000,2025-01-16 22:40:56.053000000,160
203,CE048,3138DF,,,CE,01,CENTRAL,0108,MUMBWA,01081,MUMBWA,0108109,NALUSANGA,01081091014,,Rural,90,499,init1,,OKAY,,,2025-01-16 22:40:56.053000000,2025-01-16 22:40:56.053000000,160
204,CE047,3138DF,,,CE,01,CENTRAL,0108,MUMBWA,01081,MUMBWA,0108109,NALUSANGA,01081091020,,Rural,191,1312,init1,,OKAY,,,2025-01-16 22:40:56.053000000,2025-01-16 22:40:56.053000000,160
205,CE046,3138DF,,,CE,01,CENTRAL,0108,MUMBWA,01081,MUMBWA,0108109,NALUSANGA,01081091026,,Rural,70,466,init1,,OKAY,,,2025-01-16 22:40:56.053000000,2025-01-16 22:40:56.053000000,160
206,CE045,3138DF,,,CE,01,CENTRAL,0108,MUMBWA,01081,MUMBWA,0108109,NALUSANGA,01081091032,,Rural,106,543,init1,,OKAY,,,2025-01-16 22:40:56.053000000,2025-01-16 22:40:56.053000000,160
207,CE044,3138DF,,,CE,01,CENTRAL,0108,MUMBWA,01081,MUMBWA,0108109,NALUSANGA,01081091038,,Rural,65,476,init1,,OKAY,,,2025-01-16 22:40:56.053000000,2025-01-16 22:40:56.053000000,160
208,CE043,3138DF,,,CE,01,CENTRAL,0108,MUMBWA,01081,MUMBWA,0108109,NALUSANGA,01081091044,,Rural,60,470,init1,,OKAY,,,2025-01-16 22:40:56.053000000,2025-01-16 22:40:56.053000000,160
209,CE042,3138DF,,,CE,01,CENTRAL,0108,MUMBWA,01081,MUMBWA,0108109,NALUSANGA,01081091050,,Rural,105,871,init1,,OKAY,,,2025-01-16 22:40:56.053000000,2025-01-16 22:40:56.053000000,160
210,CE041,3138DF,,,CE,01,CENTRAL,0108,MUMBWA,01081,MUMBWA,0108109,NALUSANGA,01081091056,,Rural,178,1110,init1,,OKAY,,,2025-01-16 22:40:56.053000000,2025-01-16 22:40:56.053000000,160
211,CE040,2366BZ,,,CE,01,CENTRAL,0108,MUMBWA,01081,MUMBWA,0108111,NAMBALA,01081111002,,Rural,96,510,init1,,OKAY,,,2025-01-16 22:40:56.053000000,2025-01-16 22:40:56.053000000,102
212,CE039,2366BZ,,,CE,01,CENTRAL,0108,MUMBWA,01081,MUMBWA,0108111,NAMBALA,01081111003,,Rural,64,375,init1,,OKAY,,,2025-01-16 22:40:56.053000000,2025-01-16 22:40:56.053000000,102
213,CE038,2366BZ,,,CE,01,CENTRAL,0108,MUMBWA,01081,MUMBWA,0108111,NAMBALA,01081111005,,Rural,108,551,init1,,OKAY,,,2025-01-16 22:40:56.053000000,2025-01-16 22:40:56.053000000,102
214,CE037,2366BZ,,,CE,01,CENTRAL,0108,MUMBWA,01081,MUMBWA,0108111,NAMBALA,01081111007,,Rural,60,365,init1,,OKAY,,,2025-01-16 22:40:56.053000000,2025-01-16 22:40:56.053000000,102
215,CE036,2366BZ,,,CE,01,CENTRAL,0108,MUMBWA,01081,MUMBWA,0108111,NAMBALA,01081111008,,Rural,97,619,init1,,OKAY,,,2025-01-16 22:40:56.053000000,2025-01-16 22:40:56.053000000,102
216,CE035,2366BZ,,,CE,01,CENTRAL,0108,MUMBWA,01081,MUMBWA,0108111,NAMBALA,01081111010,,Rural,77,367,init1,,OKAY,,,2025-01-16 22:40:56.053000000,2025-01-16 22:40:56.053000000,102
217,CE034,2366BZ,,,CE,01,CENTRAL,0108,MUMBWA,01081,MUMBWA,0108111,NAMBALA,01081111012,,Rural,63,331,init1,,OKAY,,,2025-01-16 22:40:56.053000000,2025-01-16 22:40:56.053000000,102
218,CE033,2366BZ,,,CE,01,CENTRAL,0108,MUMBWA,01081,MUMBWA,0108111,NAMBALA,01081111013,,Rural,95,477,init1,,OKAY,,,2025-01-16 22:40:56.053000000,2025-01-16 22:40:56.053000000,102
219,CE032,2366BZ,,,CE,01,CENTRAL,0108,MUMBWA,01081,MUMBWA,0108111,NAMBALA,01081111015,,Rural,80,372,init1,,OKAY,,,2025-01-16 22:40:56.053000000,2025-01-16 22:40:56.053000000,102
220,CE031,2366BZ,,,CE,01,CENTRAL,0108,MUMBWA,01081,MUMBWA,0108111,NAMBALA,01081111017,,Rural,62,411,init1,,OKAY,,,2025-01-16 22:40:56.053000000,2025-01-16 22:40:56.053000000,102
221,CE030,3290NH,,,CE,01,CENTRAL,0108,MUMBWA,01082,NANGOMA,0108201,CHISALU,01082011001,,Rural,67,360,init1,,OKAY,,,2025-01-16 22:40:56.053000000,2025-01-16 22:40:56.053000000,115
222,CE029,3290NH,,,CE,01,CENTRAL,0108,MUMBWA,01082,NANGOMA,0108201,CHISALU,01082011006,,Rural,53,312,init1,,OKAY,,,2025-01-16 22:40:56.053000000,2025-01-16 22:40:56.053000000,115
223,CE028,3290NH,,,CE,01,CENTRAL,0108,MUMBWA,01082,NANGOMA,0108201,CHISALU,01082011011,,Rural,55,244,init1,,OKAY,,,2025-01-16 22:40:56.053000000,2025-01-16 22:40:56.053000000,115
224,CE027,3290NH,,,CE,01,CENTRAL,0108,MUMBWA,01082,NANGOMA,0108201,CHISALU,01082011016,,Rural,51,239,init1,,OKAY,,,2025-01-16 22:40:56.053000000,2025-01-16 22:40:56.053000000,115
225,CE026,3290NH,,,CE,01,CENTRAL,0108,MUMBWA,01082,NANGOMA,0108201,CHISALU,01082011020,,Rural,60,327,init1,,OKAY,,,2025-01-16 22:40:56.053000000,2025-01-16 22:40:56.053000000,115
226,CE025,3290NH,,,CE,01,CENTRAL,0108,MUMBWA,01082,NANGOMA,0108201,CHISALU,01082011025,,Rural,56,383,init1,,OKAY,,,2025-01-16 22:40:56.053000000,2025-01-16 22:40:56.053000000,115
227,CE024,3290NH,,,CE,01,CENTRAL,0108,MUMBWA,01082,NANGOMA,0108201,CHISALU,01082011030,,Rural,89,539,init1,,OKAY,,,2025-01-16 22:40:56.053000000,2025-01-16 22:40:56.053000000,115
228,CE023,3290NH,,,CE,01,CENTRAL,0108,MUMBWA,01082,NANGOMA,0108201,CHISALU,01082011034,,Rural,49,297,init1,,VAST EA,,,2025-01-16 22:40:56.053000000,2025-01-16 22:40:56.053000000,115
229,CE022,3290NH,,,CE,01,CENTRAL,0108,MUMBWA,01082,NANGOMA,0108201,CHISALU,01082011039,,Rural,53,268,init1,,OKAY,,,2025-01-16 22:40:56.053000000,2025-01-16 22:40:56.053000000,115
230,CE021,3290NH,,,CE,01,CENTRAL,0108,MUMBWA,01082,NANGOMA,0108201,CHISALU,01082011044,,Rural,93,496,init1,,OKAY,,,2025-01-16 22:40:56.053000000,2025-01-16 22:40:56.053000000,115
231,CE020,2876FE,,,CE,01,CENTRAL,0108,MUMBWA,01082,NANGOMA,0108206,NAKASAKA,01082061001,,Rural,90,577,init1,,OKAY,,,2025-01-16 22:40:56.053000000,2025-01-16 22:40:56.053000000,11
232,CE019,2876FE,,,CE,01,CENTRAL,0108,MUMBWA,01082,NANGOMA,0108206,NAKASAKA,01082061004,,Rural,78,528,init1,,OKAY,,,2025-01-16 22:40:56.053000000,2025-01-16 22:40:56.053000000,11
233,CE018,2876FE,,,CE,01,CENTRAL,0108,MUMBWA,01082,NANGOMA,0108206,NAKASAKA,01082061007,,Rural,125,591,init1,,OKAY,,,2025-01-16 22:40:56.053000000,2025-01-16 22:40:56.053000000,11
234,CE017,2876FE,,,CE,01,CENTRAL,0108,MUMBWA,01082,NANGOMA,0108206,NAKASAKA,01082061010,,Rural,60,339,init1,,OKAY,,,2025-01-16 22:40:56.053000000,2025-01-16 22:40:56.053000000,11
235,CE016,2876FE,,,CE,01,CENTRAL,0108,MUMBWA,01082,NANGOMA,0108206,NAKASAKA,01082061013,,Rural,50,314,init1,,OKAY,,,2025-01-16 22:40:56.053000000,2025-01-16 22:40:56.053000000,11
236,CE015,2876FE,,,CE,01,CENTRAL,0108,MUMBWA,01082,NANGOMA,0108206,NAKASAKA,01082061017,,Rural,52,322,init1,,OKAY,,,2025-01-16 22:40:56.053000000,2025-01-16 22:40:56.053000000,11
237,CE014,2876FE,,,CE,01,CENTRAL,0108,MUMBWA,01082,NANGOMA,0108206,NAKASAKA,01082061020,,Rural,84,512,init1,,OKAY,,,2025-01-16 22:40:56.053000000,2025-01-16 22:40:56.053000000,11
238,CE013,2876FE,,,CE,01,CENTRAL,0108,MUMBWA,01082,NANGOMA,0108206,NAKASAKA,01082061023,,Rural,101,620,init1,,OKAY,,,2025-01-16 22:40:56.053000000,2025-01-16 22:40:56.053000000,11
239,CE012,2876FE,,,CE,01,CENTRAL,0108,MUMBWA,01082,NANGOMA,0108206,NAKASAKA,01082061026,,Rural,63,416,init1,,OKAY,,,2025-01-16 22:40:56.053000000,2025-01-16 22:40:56.053000000,11
240,CE011,2876FE,,,CE,01,CENTRAL,0108,MUMBWA,01082,NANGOMA,0108206,NAKASAKA,01082061029,,Rural,55,363,init1,,OKAY,,,2025-01-16 22:40:56.053000000,2025-01-16 22:40:56.053000000,11
241,CE010,1320EA,,,CE,01,CENTRAL,0108,MUMBWA,01082,NANGOMA,0108209,SHICHANZU,01082091003,,Rural,119,669,init1,,OKAY,,,2025-01-16 22:40:56.053000000,2025-01-16 22:40:56.053000000,65
242,CE009,1320EA,,,CE,01,CENTRAL,0108,MUMBWA,01082,NANGOMA,0108209,SHICHANZU,01082091006,,Rural,77,427,init1,,OKAY,,,2025-01-16 22:40:56.053000000,2025-01-16 22:40:56.053000000,65
243,CE008,1320EA,,,CE,01,CENTRAL,0108,MUMBWA,01082,NANGOMA,0108209,SHICHANZU,01082091008,,Rural,86,565,init1,,OKAY,,,2025-01-16 22:40:56.053000000,2025-01-16 22:40:56.053000000,65
244,CE007,1320EA,,,CE,01,CENTRAL,0108,MUMBWA,01082,NANGOMA,0108209,SHICHANZU,01082091011,,Rural,114,629,init1,,OKAY,,,2025-01-16 22:40:56.053000000,2025-01-16 22:40:56.053000000,65
245,CE006,1320EA,,,CE,01,CENTRAL,0108,MUMBWA,01082,NANGOMA,0108209,SHICHANZU,01082091014,,Rural,68,455,init1,,OKAY,,,2025-01-16 22:40:56.053000000,2025-01-16 22:40:56.053000000,65
246,CE005,1320EA,,,CE,01,CENTRAL,0108,MUMBWA,01082,NANGOMA,0108209,SHICHANZU,01082091017,,Rural,53,280,init1,,OKAY,,,2025-01-16 22:40:56.053000000,2025-01-16 22:40:56.053000000,65
247,CE004,1320EA,,,CE,01,CENTRAL,0108,MUMBWA,01082,NANGOMA,0108209,SHICHANZU,01082091020,,Rural,71,349,init1,,OKAY,,,2025-01-16 22:40:56.053000000,2025-01-16 22:40:56.053000000,65
248,CE003,1320EA,,,CE,01,CENTRAL,0108,MUMBWA,01082,NANGOMA,0108209,SHICHANZU,01082091023,,Rural,102,543,init1,,OKAY,,,2025-01-16 22:40:56.053000000,2025-01-16 22:40:56.053000000,65
249,CE002,1320EA,,,CE,01,CENTRAL,0108,MUMBWA,01082,NANGOMA,0108209,SHICHANZU,01082091026,,Rural,66,339,init1,,OKAY,,,2025-01-16 22:40:56.053000000,2025-01-16 22:40:56.053000000,65
250,CE001,1320EA,,,CE,01,CENTRAL,0108,MUMBWA,01082,NANGOMA,0108209,SHICHANZU,01082091029,,Rural,68,383,init1,,OKAY,,,2025-01-16 22:40:56.053000000,2025-01-16 22:40:56.053000000,65
251,CO483,2540AF,,,CO,02,COPPERBELT,0203,KALULUSHI,02031,KALULUSHI,0203102,CHAMBISHI,02031021001,,Rural,157,712,init1,,OKAY,,,2025-01-16 22:40:56.053000000,2025-01-16 22:40:56.053000000,152
252,CO482,2540AF,,,CO,02,COPPERBELT,0203,KALULUSHI,02031,KALULUSHI,0203102,CHAMBISHI,02031022002,,Urban,175,835,init1,,OKAY,,,2025-01-16 22:40:56.053000000,2025-01-16 22:40:56.053000000,152
253,CO481,2540AF,,,CO,02,COPPERBELT,0203,KALULUSHI,02031,KALULUSHI,0203102,CHAMBISHI,02031022003,,Urban,82,390,init1,,OKAY,,,2025-01-16 22:40:56.053000000,2025-01-16 22:40:56.053000000,152
254,CO480,2540AF,,,CO,02,COPPERBELT,0203,KALULUSHI,02031,KALULUSHI,0203102,CHAMBISHI,02031022004,,Urban,131,578,init1,,OKAY,,,2025-01-16 22:40:56.053000000,2025-01-16 22:40:56.053000000,152
255,CO479,2540AF,,,CO,02,COPPERBELT,0203,KALULUSHI,02031,KALULUSHI,0203102,CHAMBISHI,02031022006,,Urban,122,621,init1,,OKAY,,,2025-01-16 22:40:56.053000000,2025-01-16 22:40:56.053000000,152
256,CO478,2540AF,,,CO,02,COPPERBELT,0203,KALULUSHI,02031,KALULUSHI,0203102,CHAMBISHI,02031022007,,Urban,77,371,init1,,OKAY,,,2025-01-16 22:40:56.053000000,2025-01-16 22:40:56.053000000,152
257,CO477,2540AF,,,CO,02,COPPERBELT,0203,KALULUSHI,02031,KALULUSHI,0203102,CHAMBISHI,02031022009,,Urban,101,512,init1,,OKAY,,,2025-01-16 22:40:56.053000000,2025-01-16 22:40:56.053000000,152
258,CO476,2540AF,,,CO,02,COPPERBELT,0203,KALULUSHI,02031,KALULUSHI,0203102,CHAMBISHI,02031022010,,Urban,119,604,init1,,OKAY,,,2025-01-16 22:40:56.053000000,2025-01-16 22:40:56.053000000,152
259,CO475,2540AF,,,CO,02,COPPERBELT,0203,KALULUSHI,02031,KALULUSHI,0203102,CHAMBISHI,02031022011,,Urban,135,637,init1,,OKAY,,,2025-01-16 22:40:56.053000000,2025-01-16 22:40:56.053000000,152
260,CO474,2540AF,,,CO,02,COPPERBELT,0203,KALULUSHI,02031,KALULUSHI,0203102,CHAMBISHI,02031022013,,Urban,104,530,init1,,OKAY,,,2025-01-16 22:40:56.053000000,2025-01-16 22:40:56.053000000,152
261,CO473,2238JJ,,,CO,02,COPPERBELT,0203,KALULUSHI,02031,KALULUSHI,0203103,CHATI,02031031003,,Rural,89,447,init1,,OKAY,,,2025-01-16 22:40:56.053000000,2025-01-16 22:40:56.053000000,154
262,CO472,2238JJ,,,CO,02,COPPERBELT,0203,KALULUSHI,02031,KALULUSHI,0203103,CHATI,02031031006,,Rural,77,331,init1,,OKAY,,,2025-01-16 22:40:56.053000000,2025-01-16 22:40:56.053000000,154
263,CO471,2238JJ,,,CO,02,COPPERBELT,0203,KALULUSHI,02031,KALULUSHI,0203103,CHATI,02031031008,,Rural,109,393,init1,,OKAY,,,2025-01-16 22:40:56.053000000,2025-01-16 22:40:56.053000000,154
264,CO470,2238JJ,,,CO,02,COPPERBELT,0203,KALULUSHI,02031,KALULUSHI,0203103,CHATI,02031031011,,Rural,76,353,init1,,OKAY,,,2025-01-16 22:40:56.053000000,2025-01-16 22:40:56.053000000,154
265,CO469,2238JJ,,,CO,02,COPPERBELT,0203,KALULUSHI,02031,KALULUSHI,0203103,CHATI,02031031013,,Rural,67,362,init1,,OKAY,,,2025-01-16 22:40:56.053000000,2025-01-16 22:40:56.053000000,154
266,CO468,2238JJ,,,CO,02,COPPERBELT,0203,KALULUSHI,02031,KALULUSHI,0203103,CHATI,02031031016,,Rural,88,447,init1,,OKAY,,,2025-01-16 22:40:56.053000000,2025-01-16 22:40:56.053000000,154
267,CO467,2238JJ,,,CO,02,COPPERBELT,0203,KALULUSHI,02031,KALULUSHI,0203103,CHATI,02031031019,,Rural,64,288,init1,,OKAY,,,2025-01-16 22:40:56.053000000,2025-01-16 22:40:56.053000000,154
268,CO466,2238JJ,,,CO,02,COPPERBELT,0203,KALULUSHI,02031,KALULUSHI,0203103,CHATI,02031031021,,Rural,97,570,init1,,OKAY,,,2025-01-16 22:40:56.053000000,2025-01-16 22:40:56.053000000,154
269,CO465,2238JJ,,,CO,02,COPPERBELT,0203,KALULUSHI,02031,KALULUSHI,0203103,CHATI,02031031024,,Rural,76,376,init1,,OKAY,,,2025-01-16 22:40:56.053000000,2025-01-16 22:40:56.053000000,154
270,CO464,2238JJ,,,CO,02,COPPERBELT,0203,KALULUSHI,02031,KALULUSHI,0203103,CHATI,02031031026,,Rural,110,570,init1,,OKAY,,,2025-01-16 22:40:56.053000000,2025-01-16 22:40:56.053000000,154
271,CO463,2648BS,,,CO,02,COPPERBELT,0203,KALULUSHI,02031,KALULUSHI,0203106,DONGWE,02031062001,,Urban,93,448,init1,,OKAY,,,2025-01-16 22:40:56.053000000,2025-01-16 22:40:56.053000000,56
272,CO462,2648BS,,,CO,02,COPPERBELT,0203,KALULUSHI,02031,KALULUSHI,0203106,DONGWE,02031062002,,Urban,119,621,init1,,OKAY,,,2025-01-16 22:40:56.053000000,2025-01-16 22:40:56.053000000,56
273,CO461,2648BS,,,CO,02,COPPERBELT,0203,KALULUSHI,02031,KALULUSHI,0203106,DONGWE,02031062003,,Urban,108,529,init1,,OKAY,,,2025-01-16 22:40:56.053000000,2025-01-16 22:40:56.053000000,56
274,CO460,2648BS,,,CO,02,COPPERBELT,0203,KALULUSHI,02031,KALULUSHI,0203106,DONGWE,02031062004,,Urban,93,488,init1,,OKAY,,,2025-01-16 22:40:56.053000000,2025-01-16 22:40:56.053000000,56
275,CO459,2648BS,,,CO,02,COPPERBELT,0203,KALULUSHI,02031,KALULUSHI,0203106,DONGWE,02031062005,,Urban,145,614,init1,,OKAY,,,2025-01-16 22:40:56.053000000,2025-01-16 22:40:56.053000000,56
276,CO458,2648BS,,,CO,02,COPPERBELT,0203,KALULUSHI,02031,KALULUSHI,0203106,DONGWE,02031062006,,Urban,107,473,init1,,OKAY,,,2025-01-16 22:40:56.053000000,2025-01-16 22:40:56.053000000,56
277,CO457,2648BS,,,CO,02,COPPERBELT,0203,KALULUSHI,02031,KALULUSHI,0203106,DONGWE,02031062007,,Urban,115,576,init1,,OKAY,,,2025-01-16 22:40:56.053000000,2025-01-16 22:40:56.053000000,56
278,CO456,2648BS,,,CO,02,COPPERBELT,0203,KALULUSHI,02031,KALULUSHI,0203106,DONGWE,02031062008,,Urban,155,708,init1,,OKAY,,,2025-01-16 22:40:56.053000000,2025-01-16 22:40:56.053000000,56
279,CO455,2648BS,,,CO,02,COPPERBELT,0203,KALULUSHI,02031,KALULUSHI,0203106,DONGWE,02031062009,,Urban,96,447,init1,,OKAY,,,2025-01-16 22:40:56.053000000,2025-01-16 22:40:56.053000000,56
280,CO454,2184LG,,,CO,02,COPPERBELT,0203,KALULUSHI,02031,KALULUSHI,0203109,KALANGA,02031092001,,Urban,164,769,init1,,OKAY,,,2025-01-16 22:40:56.053000000,2025-01-16 22:40:56.053000000,217
281,CO453,2184LG,,,CO,02,COPPERBELT,0203,KALULUSHI,02031,KALULUSHI,0203109,KALANGA,02031092002,,Urban,159,592,init1,,OKAY,,,2025-01-16 22:40:56.053000000,2025-01-16 22:40:56.053000000,217
282,CO452,2184LG,,,CO,02,COPPERBELT,0203,KALULUSHI,02031,KALULUSHI,0203109,KALANGA,02031092004,,Urban,124,569,init1,,OKAY,,,2025-01-16 22:40:56.053000000,2025-01-16 22:40:56.053000000,217
283,CO451,2184LG,,,CO,02,COPPERBELT,0203,KALULUSHI,02031,KALULUSHI,0203109,KALANGA,02031092005,,Urban,128,670,init1,,OKAY,,,2025-01-16 22:40:56.053000000,2025-01-16 22:40:56.053000000,217
284,CO450,2184LG,,,CO,02,COPPERBELT,0203,KALULUSHI,02031,KALULUSHI,0203109,KALANGA,02031092006,,Urban,136,517,init1,,OKAY,,,2025-01-16 22:40:56.053000000,2025-01-16 22:40:56.053000000,217
285,CO449,2184LG,,,CO,02,COPPERBELT,0203,KALULUSHI,02031,KALULUSHI,0203109,KALANGA,02031092008,,Urban,124,518,init1,,OKAY,,,2025-01-16 22:40:56.053000000,2025-01-16 22:40:56.053000000,217
286,CO448,2184LG,,,CO,02,COPPERBELT,0203,KALULUSHI,02031,KALULUSHI,0203109,KALANGA,02031092009,,Urban,142,553,init1,,OKAY,,,2025-01-16 22:40:56.053000000,2025-01-16 22:40:56.053000000,217
287,CO447,2184LG,,,CO,02,COPPERBELT,0203,KALULUSHI,02031,KALULUSHI,0203109,KALANGA,02031092011,,Urban,133,534,init1,,OKAY,,,2025-01-16 22:40:56.053000000,2025-01-16 22:40:56.053000000,217
288,CO446,2184LG,,,CO,02,COPPERBELT,0203,KALULUSHI,02031,KALULUSHI,0203109,KALANGA,02031092012,,Urban,112,494,init1,,OKAY,,,2025-01-16 22:40:56.053000000,2025-01-16 22:40:56.053000000,217
289,CO445,2184LG,,,CO,02,COPPERBELT,0203,KALULUSHI,02031,KALULUSHI,0203109,KALANGA,02031092013,,Urban,108,407,init1,,OKAY,,,2025-01-16 22:40:56.053000000,2025-01-16 22:40:56.053000000,217
290,CO444,2088GN,,,CO,02,COPPERBELT,0203,KALULUSHI,02031,KALULUSHI,0203113,LUAPULA,02031132001,,Urban,105,444,init1,,OKAY,,,2025-01-16 22:40:56.053000000,2025-01-16 22:40:56.053000000,52
291,CO443,2088GN,,,CO,02,COPPERBELT,0203,KALULUSHI,02031,KALULUSHI,0203113,LUAPULA,02031132003,,Urban,131,577,init1,,OKAY,,,2025-01-16 22:40:56.053000000,2025-01-16 22:40:56.053000000,52
292,CO442,2088GN,,,CO,02,COPPERBELT,0203,KALULUSHI,02031,KALULUSHI,0203113,LUAPULA,02031132004,,Urban,173,817,init1,,OKAY,,,2025-01-16 22:40:56.053000000,2025-01-16 22:40:56.053000000,52
293,CO441,2088GN,,,CO,02,COPPERBELT,0203,KALULUSHI,02031,KALULUSHI,0203113,LUAPULA,02031132005,,Urban,180,797,init1,,OKAY,,,2025-01-16 22:40:56.053000000,2025-01-16 22:40:56.053000000,52
294,CO440,2088GN,,,CO,02,COPPERBELT,0203,KALULUSHI,02031,KALULUSHI,0203113,LUAPULA,02031132007,,Urban,140,700,init1,,OKAY,,,2025-01-16 22:40:56.053000000,2025-01-16 22:40:56.053000000,52
295,CO439,2088GN,,,CO,02,COPPERBELT,0203,KALULUSHI,02031,KALULUSHI,0203113,LUAPULA,02031132008,,Urban,112,507,init1,,OKAY,,,2025-01-16 22:40:56.053000000,2025-01-16 22:40:56.053000000,52
296,CO438,2088GN,,,CO,02,COPPERBELT,0203,KALULUSHI,02031,KALULUSHI,0203113,LUAPULA,02031132009,,Urban,118,533,init1,,OKAY,,,2025-01-16 22:40:56.053000000,2025-01-16 22:40:56.053000000,52
297,CO437,2088GN,,,CO,02,COPPERBELT,0203,KALULUSHI,02031,KALULUSHI,0203113,LUAPULA,02031132011,,Urban,68,353,init1,,OKAY,,,2025-01-16 22:40:56.053000000,2025-01-16 22:40:56.053000000,52
298,CO436,2088GN,,,CO,02,COPPERBELT,0203,KALULUSHI,02031,KALULUSHI,0203113,LUAPULA,02031132012,,Urban,104,465,init1,,OKAY,,,2025-01-16 22:40:56.053000000,2025-01-16 22:40:56.053000000,52
299,CO435,2088GN,,,CO,02,COPPERBELT,0203,KALULUSHI,02031,KALULUSHI,0203113,LUAPULA,02031132013,,Urban,98,419,init1,,OKAY,,,2025-01-16 22:40:56.053000000,2025-01-16 22:40:56.053000000,52
300,CO434,1289TJ,,,CO,02,COPPERBELT,0203,KALULUSHI,02031,KALULUSHI,0203115,LUBUTO,02031152001,,Urban,153,774,init1,,OKAY,,,2025-01-16 22:40:56.053000000,2025-01-16 22:40:56.053000000,19
301,CO433,1289TJ,,,CO,02,COPPERBELT,0203,KALULUSHI,02031,KALULUSHI,0203115,LUBUTO,02031152002,,Urban,164,724,init1,,OKAY,,,2025-01-16 22:40:56.053000000,2025-01-16 22:40:56.053000000,19
302,CO432,1289TJ,,,CO,02,COPPERBELT,0203,KALULUSHI,02031,KALULUSHI,0203115,LUBUTO,02031152003,,Urban,137,763,init1,,OKAY,,,2025-01-16 22:40:56.053000000,2025-01-16 22:40:56.053000000,19
303,CO431,1289TJ,,,CO,02,COPPERBELT,0203,KALULUSHI,02031,KALULUSHI,0203115,LUBUTO,02031152004,,Urban,165,679,init1,,OKAY,,,2025-01-16 22:40:56.053000000,2025-01-16 22:40:56.053000000,19
304,CO430,1289TJ,,,CO,02,COPPERBELT,0203,KALULUSHI,02031,KALULUSHI,0203115,LUBUTO,02031152005,,Urban,169,829,init1,,OKAY,,,2025-01-16 22:40:56.053000000,2025-01-16 22:40:56.053000000,19
305,CO429,1289TJ,,,CO,02,COPPERBELT,0203,KALULUSHI,02031,KALULUSHI,0203115,LUBUTO,02031152006,,Urban,151,657,init1,,OKAY,,,2025-01-16 22:40:56.053000000,2025-01-16 22:40:56.053000000,19
306,CO428,1289TJ,,,CO,02,COPPERBELT,0203,KALULUSHI,02031,KALULUSHI,0203115,LUBUTO,02031152007,,Urban,141,756,init1,,OKAY,,,2025-01-16 22:40:56.053000000,2025-01-16 22:40:56.053000000,19
307,CO427,1289TJ,,,CO,02,COPPERBELT,0203,KALULUSHI,02031,KALULUSHI,0203115,LUBUTO,02031152008,,Urban,153,865,init1,,OKAY,,,2025-01-16 22:40:56.053000000,2025-01-16 22:40:56.053000000,19
308,CO426,1289TJ,,,CO,02,COPPERBELT,0203,KALULUSHI,02031,KALULUSHI,0203115,LUBUTO,02031152009,,Urban,124,700,init1,,OKAY,,,2025-01-16 22:40:56.053000000,2025-01-16 22:40:56.053000000,19
309,CO425,2507MT,,,CO,02,COPPERBELT,0203,KALULUSHI,02031,KALULUSHI,0203117,LULAMBA,02031172002,,Urban,217,910,init1,,OKAY,,,2025-01-16 22:40:56.053000000,2025-01-16 22:40:56.053000000,142
310,CO424,2507MT,,,CO,02,COPPERBELT,0203,KALULUSHI,02031,KALULUSHI,0203117,LULAMBA,02031172003,,Urban,162,599,init1,,OKAY,,,2025-01-16 22:40:56.053000000,2025-01-16 22:40:56.053000000,142
311,CO423,2507MT,,,CO,02,COPPERBELT,0203,KALULUSHI,02031,KALULUSHI,0203117,LULAMBA,02031172005,,Urban,133,601,init1,,OKAY,,,2025-01-16 22:40:56.053000000,2025-01-16 22:40:56.053000000,142
312,CO422,2507MT,,,CO,02,COPPERBELT,0203,KALULUSHI,02031,KALULUSHI,0203117,LULAMBA,02031172007,,Urban,115,626,init1,,OKAY,,,2025-01-16 22:40:56.053000000,2025-01-16 22:40:56.053000000,142
313,CO421,2507MT,,,CO,02,COPPERBELT,0203,KALULUSHI,02031,KALULUSHI,0203117,LULAMBA,02031172008,,Urban,121,534,init1,,OKAY,,,2025-01-16 22:40:56.053000000,2025-01-16 22:40:56.053000000,142
314,CO420,2507MT,,,CO,02,COPPERBELT,0203,KALULUSHI,02031,KALULUSHI,0203117,LULAMBA,02031172010,,Urban,145,748,init1,,OKAY,,,2025-01-16 22:40:56.053000000,2025-01-16 22:40:56.053000000,142
315,CO419,2507MT,,,CO,02,COPPERBELT,0203,KALULUSHI,02031,KALULUSHI,0203117,LULAMBA,02031172012,,Urban,142,701,init1,,OKAY,,,2025-01-16 22:40:56.053000000,2025-01-16 22:40:56.053000000,142
316,CO418,2507MT,,,CO,02,COPPERBELT,0203,KALULUSHI,02031,KALULUSHI,0203117,LULAMBA,02031172013,,Urban,146,736,init1,,OKAY,,,2025-01-16 22:40:56.053000000,2025-01-16 22:40:56.053000000,142
317,CO417,2507MT,,,CO,02,COPPERBELT,0203,KALULUSHI,02031,KALULUSHI,0203117,LULAMBA,02031172015,,Urban,181,924,init1,,OKAY,,,2025-01-16 22:40:56.053000000,2025-01-16 22:40:56.053000000,142
318,CO416,2507MT,,,CO,02,COPPERBELT,0203,KALULUSHI,02031,KALULUSHI,0203117,LULAMBA,02031172017,,Urban,109,460,init1,,OKAY,,,2025-01-16 22:40:56.053000000,2025-01-16 22:40:56.053000000,142
319,CO415,1106YP,,,CO,02,COPPERBELT,0203,KALULUSHI,02031,KALULUSHI,0203120,NGWESHI,02031202001,,Urban,239,1135,init1,,OKAY,,,2025-01-16 22:40:56.053000000,2025-01-16 22:40:56.053000000,106
320,CO414,1106YP,,,CO,02,COPPERBELT,0203,KALULUSHI,02031,KALULUSHI,0203120,NGWESHI,02031202002,,Urban,147,687,init1,,OKAY,,,2025-01-16 22:40:56.053000000,2025-01-16 22:40:56.053000000,106
321,CO413,1106YP,,,CO,02,COPPERBELT,0203,KALULUSHI,02031,KALULUSHI,0203120,NGWESHI,02031202003,,Urban,151,713,init1,,OKAY,,,2025-01-16 22:40:56.053000000,2025-01-16 22:40:56.053000000,106
322,CO412,1106YP,,,CO,02,COPPERBELT,0203,KALULUSHI,02031,KALULUSHI,0203120,NGWESHI,02031202004,,Urban,132,591,init1,,OKAY,,,2025-01-16 22:40:56.053000000,2025-01-16 22:40:56.053000000,106
323,CO411,1106YP,,,CO,02,COPPERBELT,0203,KALULUSHI,02031,KALULUSHI,0203120,NGWESHI,02031202005,,Urban,160,704,init1,,OKAY,,,2025-01-16 22:40:56.053000000,2025-01-16 22:40:56.053000000,106
324,CO410,1106YP,,,CO,02,COPPERBELT,0203,KALULUSHI,02031,KALULUSHI,0203120,NGWESHI,02031202006,,Urban,203,954,init1,,OKAY,,,2025-01-16 22:40:56.053000000,2025-01-16 22:40:56.053000000,106
325,CO409,1106YP,,,CO,02,COPPERBELT,0203,KALULUSHI,02031,KALULUSHI,0203120,NGWESHI,02031202007,,Urban,110,480,init1,,OKAY,,,2025-01-16 22:40:56.053000000,2025-01-16 22:40:56.053000000,106
326,CO408,1106YP,,,CO,02,COPPERBELT,0203,KALULUSHI,02031,KALULUSHI,0203120,NGWESHI,02031202008,,Urban,138,634,init1,,OKAY,,,2025-01-16 22:40:56.053000000,2025-01-16 22:40:56.053000000,106
327,CO407,1312YB,,,CO,02,COPPERBELT,0203,KALULUSHI,02031,KALULUSHI,0203121,NSOKOLOKO,02031212003,,Urban,170,782,init1,,OKAY,,,2025-01-16 22:40:56.053000000,2025-01-16 22:40:56.053000000,204
328,CO406,1312YB,,,CO,02,COPPERBELT,0203,KALULUSHI,02031,KALULUSHI,0203121,NSOKOLOKO,02031212007,,Urban,148,770,init1,,OKAY,,,2025-01-16 22:40:56.053000000,2025-01-16 22:40:56.053000000,204
329,CO405,1312YB,,,CO,02,COPPERBELT,0203,KALULUSHI,02031,KALULUSHI,0203121,NSOKOLOKO,02031212011,,Urban,147,672,init1,,OKAY,,,2025-01-16 22:40:56.053000000,2025-01-16 22:40:56.053000000,204
330,CO404,1312YB,,,CO,02,COPPERBELT,0203,KALULUSHI,02031,KALULUSHI,0203121,NSOKOLOKO,02031212016,,Urban,150,720,init1,,OKAY,,,2025-01-16 22:40:56.053000000,2025-01-16 22:40:56.053000000,204
331,CO403,1312YB,,,CO,02,COPPERBELT,0203,KALULUSHI,02031,KALULUSHI,0203121,NSOKOLOKO,02031212020,,Urban,151,735,init1,,OKAY,,,2025-01-16 22:40:56.053000000,2025-01-16 22:40:56.053000000,204
332,CO402,1312YB,,,CO,02,COPPERBELT,0203,KALULUSHI,02031,KALULUSHI,0203121,NSOKOLOKO,02031212024,,Urban,165,755,init1,,OKAY,,,2025-01-16 22:40:56.053000000,2025-01-16 22:40:56.053000000,204
333,CO401,1312YB,,,CO,02,COPPERBELT,0203,KALULUSHI,02031,KALULUSHI,0203121,NSOKOLOKO,02031212028,,Urban,140,661,init1,,OKAY,,,2025-01-16 22:40:56.053000000,2025-01-16 22:40:56.053000000,204
334,CO400,1312YB,,,CO,02,COPPERBELT,0203,KALULUSHI,02031,KALULUSHI,0203121,NSOKOLOKO,02031212032,,Urban,200,718,init1,,OKAY,,,2025-01-16 22:40:56.053000000,2025-01-16 22:40:56.053000000,204
335,CO399,1312YB,,,CO,02,COPPERBELT,0203,KALULUSHI,02031,KALULUSHI,0203121,NSOKOLOKO,02031212036,,Urban,105,481,init1,,OKAY,,,2025-01-16 22:40:56.053000000,2025-01-16 22:40:56.053000000,204
336,CO398,1312YB,,,CO,02,COPPERBELT,0203,KALULUSHI,02031,KALULUSHI,0203121,NSOKOLOKO,02031212040,,Urban,130,665,init1,,OKAY,,,2025-01-16 22:40:56.053000000,2025-01-16 22:40:56.053000000,204
337,CO397,1226YE,,,CO,02,COPPERBELT,0203,KALULUSHI,02031,KALULUSHI,0203122,REMMY CHISUPA,02031221012,,Rural,97,445,init1,,OKAY,,,2025-01-16 22:40:56.053000000,2025-01-16 22:40:56.053000000,3
338,CO396,1226YE,,,CO,02,COPPERBELT,0203,KALULUSHI,02031,KALULUSHI,0203122,REMMY CHISUPA,02031222001,,Urban,145,778,init1,,OKAY,,,2025-01-16 22:40:56.053000000,2025-01-16 22:40:56.053000000,3
339,CO395,1226YE,,,CO,02,COPPERBELT,0203,KALULUSHI,02031,KALULUSHI,0203122,REMMY CHISUPA,02031222003,,Urban,224,1076,init1,,OKAY,,,2025-01-16 22:40:56.053000000,2025-01-16 22:40:56.053000000,3
340,CO394,1226YE,,,CO,02,COPPERBELT,0203,KALULUSHI,02031,KALULUSHI,0203122,REMMY CHISUPA,02031222005,,Urban,160,838,init1,,OKAY,,,2025-01-16 22:40:56.053000000,2025-01-16 22:40:56.053000000,3
341,CO393,1226YE,,,CO,02,COPPERBELT,0203,KALULUSHI,02031,KALULUSHI,0203122,REMMY CHISUPA,02031222007,,Urban,138,578,init1,,OKAY,,,2025-01-16 22:40:56.053000000,2025-01-16 22:40:56.053000000,3
342,CO392,1226YE,,,CO,02,COPPERBELT,0203,KALULUSHI,02031,KALULUSHI,0203122,REMMY CHISUPA,02031222008,,Urban,140,664,init1,,OKAY,,,2025-01-16 22:40:56.053000000,2025-01-16 22:40:56.053000000,3
343,CO391,1226YE,,,CO,02,COPPERBELT,0203,KALULUSHI,02031,KALULUSHI,0203122,REMMY CHISUPA,02031222010,,Urban,125,547,init1,,OKAY,,,2025-01-16 22:40:56.053000000,2025-01-16 22:40:56.053000000,3
344,CO390,1226YE,,,CO,02,COPPERBELT,0203,KALULUSHI,02031,KALULUSHI,0203122,REMMY CHISUPA,02031222013,,Urban,135,599,init1,,OKAY,,,2025-01-16 22:40:56.053000000,2025-01-16 22:40:56.053000000,3
345,CO389,1226YE,,,CO,02,COPPERBELT,0203,KALULUSHI,02031,KALULUSHI,0203122,REMMY CHISUPA,02031222014,,Urban,147,620,init1,,OKAY,,,2025-01-16 22:40:56.053000000,2025-01-16 22:40:56.053000000,3
346,CO388,1226YE,,,CO,02,COPPERBELT,0203,KALULUSHI,02031,KALULUSHI,0203122,REMMY CHISUPA,02031222016,,Urban,180,820,init1,,OKAY,,,2025-01-16 22:40:56.053000000,2025-01-16 22:40:56.053000000,3
347,CO387,1205GR,,,CO,02,COPPERBELT,0203,KALULUSHI,02031,KALULUSHI,0203123,SITWE,02031232002,,Urban,157,679,init1,,OKAY,,,2025-01-16 22:40:56.053000000,2025-01-16 22:40:56.053000000,159
348,CO386,1205GR,,,CO,02,COPPERBELT,0203,KALULUSHI,02031,KALULUSHI,0203123,SITWE,02031232004,,Urban,213,966,init1,,OKAY,,,2025-01-16 22:40:56.053000000,2025-01-16 22:40:56.053000000,159
349,CO385,1205GR,,,CO,02,COPPERBELT,0203,KALULUSHI,02031,KALULUSHI,0203123,SITWE,02031232006,,Urban,110,514,init1,,OKAY,,,2025-01-16 22:40:56.053000000,2025-01-16 22:40:56.053000000,159
350,CO384,1205GR,,,CO,02,COPPERBELT,0203,KALULUSHI,02031,KALULUSHI,0203123,SITWE,02031232007,,Urban,236,1182,init1,,OKAY,,,2025-01-16 22:40:56.053000000,2025-01-16 22:40:56.053000000,159
351,CO383,1205GR,,,CO,02,COPPERBELT,0203,KALULUSHI,02031,KALULUSHI,0203123,SITWE,02031232009,,Urban,127,635,init1,,OKAY,,,2025-01-16 22:40:56.053000000,2025-01-16 22:40:56.053000000,159
352,CO382,1205GR,,,CO,02,COPPERBELT,0203,KALULUSHI,02031,KALULUSHI,0203123,SITWE,02031232011,,Urban,157,677,init1,,OKAY,,,2025-01-16 22:40:56.053000000,2025-01-16 22:40:56.053000000,159
353,CO381,1205GR,,,CO,02,COPPERBELT,0203,KALULUSHI,02031,KALULUSHI,0203123,SITWE,02031232012,,Urban,172,780,init1,,OKAY,,,2025-01-16 22:40:56.053000000,2025-01-16 22:40:56.053000000,159
354,CO380,1205GR,,,CO,02,COPPERBELT,0203,KALULUSHI,02031,KALULUSHI,0203123,SITWE,02031232014,,Urban,135,620,init1,,OKAY,,,2025-01-16 22:40:56.053000000,2025-01-16 22:40:56.053000000,159
355,CO379,1205GR,,,CO,02,COPPERBELT,0203,KALULUSHI,02031,KALULUSHI,0203123,SITWE,02031232016,,Urban,109,524,init1,,OKAY,,,2025-01-16 22:40:56.053000000,2025-01-16 22:40:56.053000000,159
356,CO378,1205GR,,,CO,02,COPPERBELT,0203,KALULUSHI,02031,KALULUSHI,0203123,SITWE,02031232017,,Urban,120,495,init1,,OKAY,,,2025-01-16 22:40:56.053000000,2025-01-16 22:40:56.053000000,159
357,CO377,1767HJ,,,CO,02,COPPERBELT,0203,KALULUSHI,02031,KALULUSHI,0203124,TWAITEKA,02031242003,,Urban,143,601,init1,,OKAY,,,2025-01-16 22:40:56.053000000,2025-01-16 22:40:56.053000000,4
358,CO376,1767HJ,,,CO,02,COPPERBELT,0203,KALULUSHI,02031,KALULUSHI,0203124,TWAITEKA,02031242005,,Urban,186,857,init1,,OKAY,,,2025-01-16 22:40:56.053000000,2025-01-16 22:40:56.053000000,4
359,CO375,1767HJ,,,CO,02,COPPERBELT,0203,KALULUSHI,02031,KALULUSHI,0203124,TWAITEKA,02031242008,,Urban,136,614,init1,,OKAY,,,2025-01-16 22:40:56.053000000,2025-01-16 22:40:56.053000000,4
360,CO374,1767HJ,,,CO,02,COPPERBELT,0203,KALULUSHI,02031,KALULUSHI,0203124,TWAITEKA,02031242010,,Urban,134,586,init1,,OKAY,,,2025-01-16 22:40:56.053000000,2025-01-16 22:40:56.053000000,4
361,CO373,1767HJ,,,CO,02,COPPERBELT,0203,KALULUSHI,02031,KALULUSHI,0203124,TWAITEKA,02031242012,,Urban,131,637,init1,,OKAY,,,2025-01-16 22:40:56.053000000,2025-01-16 22:40:56.053000000,4
362,CO372,1767HJ,,,CO,02,COPPERBELT,0203,KALULUSHI,02031,KALULUSHI,0203124,TWAITEKA,02031242015,,Urban,151,654,init1,,OKAY,,,2025-01-16 22:40:56.053000000,2025-01-16 22:40:56.053000000,4
363,CO371,1767HJ,,,CO,02,COPPERBELT,0203,KALULUSHI,02031,KALULUSHI,0203124,TWAITEKA,02031242017,,Urban,101,448,init1,,OKAY,,,2025-01-16 22:40:56.053000000,2025-01-16 22:40:56.053000000,4
364,CO370,1767HJ,,,CO,02,COPPERBELT,0203,KALULUSHI,02031,KALULUSHI,0203124,TWAITEKA,02031242020,,Urban,132,640,init1,,OKAY,,,2025-01-16 22:40:56.053000000,2025-01-16 22:40:56.053000000,4
365,CO369,1767HJ,,,CO,02,COPPERBELT,0203,KALULUSHI,02031,KALULUSHI,0203124,TWAITEKA,02031242022,,Urban,168,882,init1,,OKAY,,,2025-01-16 22:40:56.053000000,2025-01-16 22:40:56.053000000,4
366,CO368,1767HJ,,,CO,02,COPPERBELT,0203,KALULUSHI,02031,KALULUSHI,0203124,TWAITEKA,02031242024,,Urban,152,586,init1,,OKAY,,,2025-01-16 22:40:56.053000000,2025-01-16 22:40:56.053000000,4
367,CO367,2396YC,,,CO,02,COPPERBELT,0205,LUANSHYA,02051,LUANSHYA,0205101,BALUBA,02051012001,,Urban,73,316,init1,,OKAY,,,2025-01-16 22:40:56.053000000,2025-01-16 22:40:56.053000000,207
368,CO366,2396YC,,,CO,02,COPPERBELT,0205,LUANSHYA,02051,LUANSHYA,0205101,BALUBA,02051012003,,Urban,77,325,init1,,OKAY,,,2025-01-16 22:40:56.053000000,2025-01-16 22:40:56.053000000,207
369,CO365,2396YC,,,CO,02,COPPERBELT,0205,LUANSHYA,02051,LUANSHYA,0205101,BALUBA,02051012005,,Urban,219,1104,init1,,OKAY,,,2025-01-16 22:40:56.053000000,2025-01-16 22:40:56.053000000,207
370,CO364,2396YC,,,CO,02,COPPERBELT,0205,LUANSHYA,02051,LUANSHYA,0205101,BALUBA,02051012007,,Urban,56,218,init1,,OKAY,,,2025-01-16 22:40:56.053000000,2025-01-16 22:40:56.053000000,207
371,CO363,2396YC,,,CO,02,COPPERBELT,0205,LUANSHYA,02051,LUANSHYA,0205101,BALUBA,02051012009,,Urban,109,500,init1,,OKAY,,,2025-01-16 22:40:56.053000000,2025-01-16 22:40:56.053000000,207
372,CO362,2396YC,,,CO,02,COPPERBELT,0205,LUANSHYA,02051,LUANSHYA,0205101,BALUBA,02051012011,,Urban,109,502,init1,,OKAY,,,2025-01-16 22:40:56.053000000,2025-01-16 22:40:56.053000000,207
373,CO361,2396YC,,,CO,02,COPPERBELT,0205,LUANSHYA,02051,LUANSHYA,0205101,BALUBA,02051012013,,Urban,108,565,init1,,OKAY,,,2025-01-16 22:40:56.053000000,2025-01-16 22:40:56.053000000,207
374,CO360,2396YC,,,CO,02,COPPERBELT,0205,LUANSHYA,02051,LUANSHYA,0205101,BALUBA,02051012015,,Urban,106,544,init1,,OKAY,,,2025-01-16 22:40:56.053000000,2025-01-16 22:40:56.053000000,207
375,CO359,2396YC,,,CO,02,COPPERBELT,0205,LUANSHYA,02051,LUANSHYA,0205101,BALUBA,02051012017,,Urban,130,649,init1,,OKAY,,,2025-01-16 22:40:56.053000000,2025-01-16 22:40:56.053000000,207
376,CO358,2396YC,,,CO,02,COPPERBELT,0205,LUANSHYA,02051,LUANSHYA,0205101,BALUBA,02051012020,,Urban,55,269,init1,,OKAY,,,2025-01-16 22:40:56.053000000,2025-01-16 22:40:56.053000000,207
377,CO357,2194PN,,,CO,02,COPPERBELT,0205,LUANSHYA,02051,LUANSHYA,0205102,BUNTUNGWA,02051022002,,Urban,91,412,init1,,OKAY,,,2025-01-16 22:40:56.053000000,2025-01-16 22:40:56.053000000,12
378,CO356,2194PN,,,CO,02,COPPERBELT,0205,LUANSHYA,02051,LUANSHYA,0205102,BUNTUNGWA,02051022004,,Urban,104,433,init1,,OKAY,,,2025-01-16 22:40:56.053000000,2025-01-16 22:40:56.053000000,12
379,CO355,2194PN,,,CO,02,COPPERBELT,0205,LUANSHYA,02051,LUANSHYA,0205102,BUNTUNGWA,02051022007,,Urban,98,476,init1,,OKAY,,,2025-01-16 22:40:56.053000000,2025-01-16 22:40:56.053000000,12
380,CO354,2194PN,,,CO,02,COPPERBELT,0205,LUANSHYA,02051,LUANSHYA,0205102,BUNTUNGWA,02051022009,,Urban,93,464,init1,,OKAY,,,2025-01-16 22:40:56.053000000,2025-01-16 22:40:56.053000000,12
381,CO353,2194PN,,,CO,02,COPPERBELT,0205,LUANSHYA,02051,LUANSHYA,0205102,BUNTUNGWA,02051022012,,Urban,82,376,init1,,OKAY,,,2025-01-16 22:40:56.053000000,2025-01-16 22:40:56.053000000,12
382,CO352,2194PN,,,CO,02,COPPERBELT,0205,LUANSHYA,02051,LUANSHYA,0205102,BUNTUNGWA,02051022014,,Urban,101,557,init1,,OKAY,,,2025-01-16 22:40:56.053000000,2025-01-16 22:40:56.053000000,12
383,CO351,2194PN,,,CO,02,COPPERBELT,0205,LUANSHYA,02051,LUANSHYA,0205102,BUNTUNGWA,02051022017,,Urban,80,392,init1,,OKAY,,,2025-01-16 22:40:56.053000000,2025-01-16 22:40:56.053000000,12
384,CO350,2194PN,,,CO,02,COPPERBELT,0205,LUANSHYA,02051,LUANSHYA,0205102,BUNTUNGWA,02051022019,,Urban,68,303,init1,,OKAY,,,2025-01-16 22:40:56.053000000,2025-01-16 22:40:56.053000000,12
385,CO349,2194PN,,,CO,02,COPPERBELT,0205,LUANSHYA,02051,LUANSHYA,0205102,BUNTUNGWA,02051022022,,Urban,121,533,init1,,OKAY,,,2025-01-16 22:40:56.053000000,2025-01-16 22:40:56.053000000,12
386,CO348,2194PN,,,CO,02,COPPERBELT,0205,LUANSHYA,02051,LUANSHYA,0205102,BUNTUNGWA,02051022024,,Urban,99,492,init1,,OKAY,,,2025-01-16 22:40:56.053000000,2025-01-16 22:40:56.053000000,12
387,CO347,2203YB,,,CO,02,COPPERBELT,0205,LUANSHYA,02051,LUANSHYA,0205103,BUTEKO,02051032002,,Urban,84,358,init1,,OKAY,,,2025-01-16 22:40:56.053000000,2025-01-16 22:40:56.053000000,129
388,CO346,2203YB,,,CO,02,COPPERBELT,0205,LUANSHYA,02051,LUANSHYA,0205103,BUTEKO,02051032005,,Urban,100,386,init1,,OKAY,,,2025-01-16 22:40:56.053000000,2025-01-16 22:40:56.053000000,129
389,CO345,2203YB,,,CO,02,COPPERBELT,0205,LUANSHYA,02051,LUANSHYA,0205103,BUTEKO,02051032007,,Urban,96,404,init1,,OKAY,,,2025-01-16 22:40:56.053000000,2025-01-16 22:40:56.053000000,129
390,CO344,2203YB,,,CO,02,COPPERBELT,0205,LUANSHYA,02051,LUANSHYA,0205103,BUTEKO,02051032009,,Urban,103,464,init1,,OKAY,,,2025-01-16 22:40:56.053000000,2025-01-16 22:40:56.053000000,129
391,CO343,2203YB,,,CO,02,COPPERBELT,0205,LUANSHYA,02051,LUANSHYA,0205103,BUTEKO,02051032011,,Urban,122,562,init1,,OKAY,,,2025-01-16 22:40:56.053000000,2025-01-16 22:40:56.053000000,129
392,CO342,2203YB,,,CO,02,COPPERBELT,0205,LUANSHYA,02051,LUANSHYA,0205103,BUTEKO,02051032013,,Urban,115,521,init1,,OKAY,,,2025-01-16 22:40:56.053000000,2025-01-16 22:40:56.053000000,129
393,CO341,2203YB,,,CO,02,COPPERBELT,0205,LUANSHYA,02051,LUANSHYA,0205103,BUTEKO,02051032016,,Urban,96,435,init1,,OKAY,,,2025-01-16 22:40:56.053000000,2025-01-16 22:40:56.053000000,129
394,CO340,2203YB,,,CO,02,COPPERBELT,0205,LUANSHYA,02051,LUANSHYA,0205103,BUTEKO,02051032018,,Urban,130,606,init1,,OKAY,,,2025-01-16 22:40:56.053000000,2025-01-16 22:40:56.053000000,129
395,CO339,2203YB,,,CO,02,COPPERBELT,0205,LUANSHYA,02051,LUANSHYA,0205103,BUTEKO,02051032020,,Urban,183,818,init1,,OKAY,,,2025-01-16 22:40:56.053000000,2025-01-16 22:40:56.053000000,129
396,CO338,2203YB,,,CO,02,COPPERBELT,0205,LUANSHYA,02051,LUANSHYA,0205103,BUTEKO,02051032022,,Urban,146,739,init1,,OKAY,,,2025-01-16 22:40:56.053000000,2025-01-16 22:40:56.053000000,129
397,CO337,2128AA,,,CO,02,COPPERBELT,0205,LUANSHYA,02051,LUANSHYA,0205104,CHAWAMA,02051041001,,Rural,86,369,init1,,OKAY,,,2025-01-16 22:40:56.053000000,2025-01-16 22:40:56.053000000,225
398,CO336,2128AA,,,CO,02,COPPERBELT,0205,LUANSHYA,02051,LUANSHYA,0205104,CHAWAMA,02051041002,,Rural,63,226,init1,,OKAY,,,2025-01-16 22:40:56.053000000,2025-01-16 22:40:56.053000000,225
399,CO335,2128AA,,,CO,02,COPPERBELT,0205,LUANSHYA,02051,LUANSHYA,0205104,CHAWAMA,02051041011,,Rural,74,315,init1,,OKAY,,,2025-01-16 22:40:56.053000000,2025-01-16 22:40:56.053000000,225
400,CO334,2128AA,,,CO,02,COPPERBELT,0205,LUANSHYA,02051,LUANSHYA,0205104,CHAWAMA,02051041012,,Rural,90,397,init1,,OKAY,,,2025-01-16 22:40:56.053000000,2025-01-16 22:40:56.053000000,225
401,CO333,2128AA,,,CO,02,COPPERBELT,0205,LUANSHYA,02051,LUANSHYA,0205104,CHAWAMA,02051042003,,Urban,107,530,init1,,OKAY,,,2025-01-16 22:40:56.053000000,2025-01-16 22:40:56.053000000,225
402,CO332,2128AA,,,CO,02,COPPERBELT,0205,LUANSHYA,02051,LUANSHYA,0205104,CHAWAMA,02051042004,,Urban,53,230,init1,,OKAY,,,2025-01-16 22:40:56.053000000,2025-01-16 22:40:56.053000000,225
403,CO331,2128AA,,,CO,02,COPPERBELT,0205,LUANSHYA,02051,LUANSHYA,0205104,CHAWAMA,02051042006,,Urban,122,531,init1,,OKAY,,,2025-01-16 22:40:56.053000000,2025-01-16 22:40:56.053000000,225
404,CO330,2128AA,,,CO,02,COPPERBELT,0205,LUANSHYA,02051,LUANSHYA,0205104,CHAWAMA,02051042007,,Urban,76,357,init1,,OKAY,,,2025-01-16 22:40:56.053000000,2025-01-16 22:40:56.053000000,225
405,CO329,2128AA,,,CO,02,COPPERBELT,0205,LUANSHYA,02051,LUANSHYA,0205104,CHAWAMA,02051042009,,Urban,65,278,init1,,OKAY,,,2025-01-16 22:40:56.053000000,2025-01-16 22:40:56.053000000,225
406,CO328,2128AA,,,CO,02,COPPERBELT,0205,LUANSHYA,02051,LUANSHYA,0205104,CHAWAMA,02051042014,,Urban,91,352,init1,,OKAY,,,2025-01-16 22:40:56.053000000,2025-01-16 22:40:56.053000000,225
407,CO327,2692BF,,,CO,02,COPPERBELT,0205,LUANSHYA,02051,LUANSHYA,0205106,FISENGE,02051061018,,Rural,111,452,init1,,OKAY,,,2025-01-16 22:40:56.053000000,2025-01-16 22:40:56.053000000,22
408,CO326,2692BF,,,CO,02,COPPERBELT,0205,LUANSHYA,02051,LUANSHYA,0205106,FISENGE,02051062001,,Urban,121,558,init1,,OKAY,,,2025-01-16 22:40:56.053000000,2025-01-16 22:40:56.053000000,22
409,CO325,2692BF,,,CO,02,COPPERBELT,0205,LUANSHYA,02051,LUANSHYA,0205106,FISENGE,02051062003,,Urban,97,465,init1,,OKAY,,,2025-01-16 22:40:56.053000000,2025-01-16 22:40:56.053000000,22
410,CO324,2692BF,,,CO,02,COPPERBELT,0205,LUANSHYA,02051,LUANSHYA,0205106,FISENGE,02051062005,,Urban,107,459,init1,,OKAY,,,2025-01-16 22:40:56.053000000,2025-01-16 22:40:56.053000000,22
411,CO323,2692BF,,,CO,02,COPPERBELT,0205,LUANSHYA,02051,LUANSHYA,0205106,FISENGE,02051062007,,Urban,126,630,init1,,OKAY,,,2025-01-16 22:40:56.053000000,2025-01-16 22:40:56.053000000,22
412,CO322,2692BF,,,CO,02,COPPERBELT,0205,LUANSHYA,02051,LUANSHYA,0205106,FISENGE,02051062009,,Urban,71,351,init1,,OKAY,,,2025-01-16 22:40:56.053000000,2025-01-16 22:40:56.053000000,22
413,CO321,2692BF,,,CO,02,COPPERBELT,0205,LUANSHYA,02051,LUANSHYA,0205106,FISENGE,02051062011,,Urban,99,445,init1,,OKAY,,,2025-01-16 22:40:56.053000000,2025-01-16 22:40:56.053000000,22
414,CO320,2692BF,,,CO,02,COPPERBELT,0205,LUANSHYA,02051,LUANSHYA,0205106,FISENGE,02051062013,,Urban,107,528,init1,,OKAY,,,2025-01-16 22:40:56.053000000,2025-01-16 22:40:56.053000000,22
415,CO319,2692BF,,,CO,02,COPPERBELT,0205,LUANSHYA,02051,LUANSHYA,0205106,FISENGE,02051062015,,Urban,95,341,init1,,OKAY,,,2025-01-16 22:40:56.053000000,2025-01-16 22:40:56.053000000,22
416,CO318,2692BF,,,CO,02,COPPERBELT,0205,LUANSHYA,02051,LUANSHYA,0205106,FISENGE,02051062017,,Urban,79,381,init1,,OKAY,,,2025-01-16 22:40:56.053000000,2025-01-16 22:40:56.053000000,22
417,CO317,1248MH,,,CO,02,COPPERBELT,0205,LUANSHYA,02051,LUANSHYA,0205107,JAMES PHIRI,02051072001,,Urban,80,341,init1,,OKAY,,,2025-01-16 22:40:56.053000000,2025-01-16 22:40:56.053000000,37
418,CO316,1248MH,,,CO,02,COPPERBELT,0205,LUANSHYA,02051,LUANSHYA,0205107,JAMES PHIRI,02051072002,,Urban,69,340,init1,,OKAY,,,2025-01-16 22:40:56.053000000,2025-01-16 22:40:56.053000000,37
419,CO315,1248MH,,,CO,02,COPPERBELT,0205,LUANSHYA,02051,LUANSHYA,0205107,JAMES PHIRI,02051072004,,Urban,139,563,init1,,OKAY,,,2025-01-16 22:40:56.053000000,2025-01-16 22:40:56.053000000,37
420,CO314,1248MH,,,CO,02,COPPERBELT,0205,LUANSHYA,02051,LUANSHYA,0205107,JAMES PHIRI,02051072005,,Urban,185,904,init1,,OKAY,,,2025-01-16 22:40:56.053000000,2025-01-16 22:40:56.053000000,37
421,CO313,1248MH,,,CO,02,COPPERBELT,0205,LUANSHYA,02051,LUANSHYA,0205107,JAMES PHIRI,02051072007,,Urban,59,231,init1,,OKAY,,,2025-01-16 22:40:56.053000000,2025-01-16 22:40:56.053000000,37
422,CO312,1248MH,,,CO,02,COPPERBELT,0205,LUANSHYA,02051,LUANSHYA,0205107,JAMES PHIRI,02051072008,,Urban,75,301,init1,,OKAY,,,2025-01-16 22:40:56.053000000,2025-01-16 22:40:56.053000000,37
423,CO311,1248MH,,,CO,02,COPPERBELT,0205,LUANSHYA,02051,LUANSHYA,0205107,JAMES PHIRI,02051072009,,Urban,112,534,init1,,OKAY,,,2025-01-16 22:40:56.053000000,2025-01-16 22:40:56.053000000,37
424,CO310,1248MH,,,CO,02,COPPERBELT,0205,LUANSHYA,02051,LUANSHYA,0205107,JAMES PHIRI,02051072011,,Urban,139,669,init1,,OKAY,,,2025-01-16 22:40:56.053000000,2025-01-16 22:40:56.053000000,37
425,CO309,1248MH,,,CO,02,COPPERBELT,0205,LUANSHYA,02051,LUANSHYA,0205107,JAMES PHIRI,02051072012,,Urban,80,311,init1,,OKAY,,,2025-01-16 22:40:56.053000000,2025-01-16 22:40:56.053000000,37
426,CO308,1248MH,,,CO,02,COPPERBELT,0205,LUANSHYA,02051,LUANSHYA,0205107,JAMES PHIRI,02051072014,,Urban,159,636,init1,,OKAY,,,2025-01-16 22:40:56.053000000,2025-01-16 22:40:56.053000000,37
427,CO307,3161LH,,,CO,02,COPPERBELT,0205,LUANSHYA,02051,LUANSHYA,0205108,KAMUCHANGA,02051081008,,Rural,115,567,init1,,OKAY,,,2025-01-16 22:40:56.053000000,2025-01-16 22:40:56.053000000,27
428,CO306,3161LH,,,CO,02,COPPERBELT,0205,LUANSHYA,02051,LUANSHYA,0205108,KAMUCHANGA,02051082002,,Urban,137,628,init1,,OKAY,,,2025-01-16 22:40:56.053000000,2025-01-16 22:40:56.053000000,27
429,CO305,3161LH,,,CO,02,COPPERBELT,0205,LUANSHYA,02051,LUANSHYA,0205108,KAMUCHANGA,02051082003,,Urban,126,573,init1,,OKAY,,,2025-01-16 22:40:56.053000000,2025-01-16 22:40:56.053000000,27
430,CO304,3161LH,,,CO,02,COPPERBELT,0205,LUANSHYA,02051,LUANSHYA,0205108,KAMUCHANGA,02051082005,,Urban,141,709,init1,,OKAY,,,2025-01-16 22:40:56.053000000,2025-01-16 22:40:56.053000000,27
431,CO303,3161LH,,,CO,02,COPPERBELT,0205,LUANSHYA,02051,LUANSHYA,0205108,KAMUCHANGA,02051082006,,Urban,130,597,init1,,OKAY,,,2025-01-16 22:40:56.053000000,2025-01-16 22:40:56.053000000,27
432,CO302,3161LH,,,CO,02,COPPERBELT,0205,LUANSHYA,02051,LUANSHYA,0205108,KAMUCHANGA,02051082009,,Urban,183,816,init1,,OKAY,,,2025-01-16 22:40:56.053000000,2025-01-16 22:40:56.053000000,27
433,CO301,3161LH,,,CO,02,COPPERBELT,0205,LUANSHYA,02051,LUANSHYA,0205108,KAMUCHANGA,02051082010,,Urban,141,558,init1,,OKAY,,,2025-01-16 22:40:56.053000000,2025-01-16 22:40:56.053000000,27
434,CO300,3161LH,,,CO,02,COPPERBELT,0205,LUANSHYA,02051,LUANSHYA,0205108,KAMUCHANGA,02051082012,,Urban,139,572,init1,,OKAY,,,2025-01-16 22:40:56.053000000,2025-01-16 22:40:56.053000000,27
435,CO299,3161LH,,,CO,02,COPPERBELT,0205,LUANSHYA,02051,LUANSHYA,0205108,KAMUCHANGA,02051082013,,Urban,157,684,init1,,OKAY,,,2025-01-16 22:40:56.053000000,2025-01-16 22:40:56.053000000,27
436,CO298,3161LH,,,CO,02,COPPERBELT,0205,LUANSHYA,02051,LUANSHYA,0205108,KAMUCHANGA,02051082015,,Urban,144,619,init1,,OKAY,,,2025-01-16 22:40:56.053000000,2025-01-16 22:40:56.053000000,27
437,CO297,2851JC,,,CO,02,COPPERBELT,0205,LUANSHYA,02051,LUANSHYA,0205109,LEVI CHITO,02051092001,,Urban,168,863,init1,,OKAY,,,2025-01-16 22:40:56.053000000,2025-01-16 22:40:56.053000000,66
438,CO296,2851JC,,,CO,02,COPPERBELT,0205,LUANSHYA,02051,LUANSHYA,0205109,LEVI CHITO,02051092003,,Urban,134,599,init1,,OKAY,,,2025-01-16 22:40:56.053000000,2025-01-16 22:40:56.053000000,66
439,CO295,2851JC,,,CO,02,COPPERBELT,0205,LUANSHYA,02051,LUANSHYA,0205109,LEVI CHITO,02051092004,,Urban,93,462,init1,,OKAY,,,2025-01-16 22:40:56.053000000,2025-01-16 22:40:56.053000000,66
440,CO294,2851JC,,,CO,02,COPPERBELT,0205,LUANSHYA,02051,LUANSHYA,0205109,LEVI CHITO,02051092006,,Urban,124,589,init1,,OKAY,,,2025-01-16 22:40:56.053000000,2025-01-16 22:40:56.053000000,66
441,CO293,2851JC,,,CO,02,COPPERBELT,0205,LUANSHYA,02051,LUANSHYA,0205109,LEVI CHITO,02051092007,,Urban,172,793,init1,,OKAY,,,2025-01-16 22:40:56.053000000,2025-01-16 22:40:56.053000000,66
442,CO292,2851JC,,,CO,02,COPPERBELT,0205,LUANSHYA,02051,LUANSHYA,0205109,LEVI CHITO,02051092009,,Urban,99,447,init1,,OKAY,,,2025-01-16 22:40:56.053000000,2025-01-16 22:40:56.053000000,66
443,CO291,2851JC,,,CO,02,COPPERBELT,0205,LUANSHYA,02051,LUANSHYA,0205109,LEVI CHITO,02051092010,,Urban,119,498,init1,,OKAY,,,2025-01-16 22:40:56.053000000,2025-01-16 22:40:56.053000000,66
444,CO290,2851JC,,,CO,02,COPPERBELT,0205,LUANSHYA,02051,LUANSHYA,0205109,LEVI CHITO,02051092012,,Urban,105,462,init1,,OKAY,,,2025-01-16 22:40:56.053000000,2025-01-16 22:40:56.053000000,66
445,CO289,2851JC,,,CO,02,COPPERBELT,0205,LUANSHYA,02051,LUANSHYA,0205109,LEVI CHITO,02051092013,,Urban,127,565,init1,,OKAY,,,2025-01-16 22:40:56.053000000,2025-01-16 22:40:56.053000000,66
446,CO288,2851JC,,,CO,02,COPPERBELT,0205,LUANSHYA,02051,LUANSHYA,0205109,LEVI CHITO,02051092015,,Urban,75,376,init1,,OKAY,,,2025-01-16 22:40:56.053000000,2025-01-16 22:40:56.053000000,66
447,CO287,1480BG,,,CO,02,COPPERBELT,0205,LUANSHYA,02051,LUANSHYA,0205110,MIKOMFWA,02051102002,,Urban,84,406,init1,,OKAY,,,2025-01-16 22:40:56.053000000,2025-01-16 22:40:56.053000000,92
448,CO286,1480BG,,,CO,02,COPPERBELT,0205,LUANSHYA,02051,LUANSHYA,0205110,MIKOMFWA,02051102004,,Urban,152,816,init1,,OKAY,,,2025-01-16 22:40:56.053000000,2025-01-16 22:40:56.053000000,92
449,CO285,1480BG,,,CO,02,COPPERBELT,0205,LUANSHYA,02051,LUANSHYA,0205110,MIKOMFWA,02051102007,,Urban,87,424,init1,,OKAY,,,2025-01-16 22:40:56.053000000,2025-01-16 22:40:56.053000000,92
450,CO284,1480BG,,,CO,02,COPPERBELT,0205,LUANSHYA,02051,LUANSHYA,0205110,MIKOMFWA,02051102009,,Urban,153,700,init1,,OKAY,,,2025-01-16 22:40:56.053000000,2025-01-16 22:40:56.053000000,92
451,CO283,1480BG,,,CO,02,COPPERBELT,0205,LUANSHYA,02051,LUANSHYA,0205110,MIKOMFWA,02051102012,,Urban,137,627,init1,,OKAY,,,2025-01-16 22:40:56.053000000,2025-01-16 22:40:56.053000000,92
452,CO282,1480BG,,,CO,02,COPPERBELT,0205,LUANSHYA,02051,LUANSHYA,0205110,MIKOMFWA,02051102014,,Urban,142,628,init1,,OKAY,,,2025-01-16 22:40:56.053000000,2025-01-16 22:40:56.053000000,92
453,CO281,1480BG,,,CO,02,COPPERBELT,0205,LUANSHYA,02051,LUANSHYA,0205110,MIKOMFWA,02051102016,,Urban,117,547,init1,,OKAY,,,2025-01-16 22:40:56.053000000,2025-01-16 22:40:56.053000000,92
454,CO280,1480BG,,,CO,02,COPPERBELT,0205,LUANSHYA,02051,LUANSHYA,0205110,MIKOMFWA,02051102019,,Urban,89,398,init1,,OKAY,,,2025-01-16 22:40:56.053000000,2025-01-16 22:40:56.053000000,92
455,CO279,1480BG,,,CO,02,COPPERBELT,0205,LUANSHYA,02051,LUANSHYA,0205110,MIKOMFWA,02051102021,,Urban,194,825,init1,,OKAY,,,2025-01-16 22:40:56.053000000,2025-01-16 22:40:56.053000000,92
456,CO278,1480BG,,,CO,02,COPPERBELT,0205,LUANSHYA,02051,LUANSHYA,0205110,MIKOMFWA,02051102024,,Urban,88,438,init1,,OKAY,,,2025-01-16 22:40:56.053000000,2025-01-16 22:40:56.053000000,92
457,CO277,1606ZD,,,CO,02,COPPERBELT,0205,LUANSHYA,02051,LUANSHYA,0205111,MPELEMBE,02051112001,,Urban,75,324,init1,,OKAY,,,2025-01-16 22:40:56.053000000,2025-01-16 22:40:56.053000000,93
458,CO276,1606ZD,,,CO,02,COPPERBELT,0205,LUANSHYA,02051,LUANSHYA,0205111,MPELEMBE,02051112004,,Urban,75,345,init1,,OKAY,,,2025-01-16 22:40:56.053000000,2025-01-16 22:40:56.053000000,93
459,CO275,1606ZD,,,CO,02,COPPERBELT,0205,LUANSHYA,02051,LUANSHYA,0205111,MPELEMBE,02051112006,,Urban,136,509,init1,,OKAY,,,2025-01-16 22:40:56.053000000,2025-01-16 22:40:56.053000000,93
460,CO274,1606ZD,,,CO,02,COPPERBELT,0205,LUANSHYA,02051,LUANSHYA,0205111,MPELEMBE,02051112009,,Urban,128,525,init1,,OKAY,,,2025-01-16 22:40:56.053000000,2025-01-16 22:40:56.053000000,93
461,CO273,1606ZD,,,CO,02,COPPERBELT,0205,LUANSHYA,02051,LUANSHYA,0205111,MPELEMBE,02051112011,,Urban,122,444,init1,,OKAY,,,2025-01-16 22:40:56.053000000,2025-01-16 22:40:56.053000000,93
462,CO272,1606ZD,,,CO,02,COPPERBELT,0205,LUANSHYA,02051,LUANSHYA,0205111,MPELEMBE,02051112014,,Urban,76,379,init1,,OKAY,,,2025-01-16 22:40:56.053000000,2025-01-16 22:40:56.053000000,93
463,CO271,1606ZD,,,CO,02,COPPERBELT,0205,LUANSHYA,02051,LUANSHYA,0205111,MPELEMBE,02051112016,,Urban,91,410,init1,,OKAY,,,2025-01-16 22:40:56.053000000,2025-01-16 22:40:56.053000000,93
464,CO270,1606ZD,,,CO,02,COPPERBELT,0205,LUANSHYA,02051,LUANSHYA,0205111,MPELEMBE,02051112019,,Urban,83,345,init1,,OKAY,,,2025-01-16 22:40:56.053000000,2025-01-16 22:40:56.053000000,93
465,CO269,1606ZD,,,CO,02,COPPERBELT,0205,LUANSHYA,02051,LUANSHYA,0205111,MPELEMBE,02051112021,,Urban,154,577,init1,,OKAY,,,2025-01-16 22:40:56.053000000,2025-01-16 22:40:56.053000000,93
466,CO268,1606ZD,,,CO,02,COPPERBELT,0205,LUANSHYA,02051,LUANSHYA,0205111,MPELEMBE,02051112024,,Urban,65,251,init1,,OKAY,,,2025-01-16 22:40:56.053000000,2025-01-16 22:40:56.053000000,93
467,CO267,1821SA,,,CO,02,COPPERBELT,0205,LUANSHYA,02051,LUANSHYA,0205113,MULUNGUSHI,02051132001,,Urban,115,659,init1,,OKAY,,,2025-01-16 22:40:56.053000000,2025-01-16 22:40:56.053000000,86
468,CO266,1821SA,,,CO,02,COPPERBELT,0205,LUANSHYA,02051,LUANSHYA,0205113,MULUNGUSHI,02051132002,,Urban,99,503,init1,,OKAY,,,2025-01-16 22:40:56.053000000,2025-01-16 22:40:56.053000000,86
469,CO265,1821SA,,,CO,02,COPPERBELT,0205,LUANSHYA,02051,LUANSHYA,0205113,MULUNGUSHI,02051132003,,Urban,75,383,init1,,OKAY,,,2025-01-16 22:40:56.053000000,2025-01-16 22:40:56.053000000,86
470,CO264,1821SA,,,CO,02,COPPERBELT,0205,LUANSHYA,02051,LUANSHYA,0205113,MULUNGUSHI,02051132004,,Urban,128,658,init1,,OKAY,,,2025-01-16 22:40:56.053000000,2025-01-16 22:40:56.053000000,86
471,CO263,1821SA,,,CO,02,COPPERBELT,0205,LUANSHYA,02051,LUANSHYA,0205113,MULUNGUSHI,02051132005,,Urban,101,537,init1,,OKAY,,,2025-01-16 22:40:56.053000000,2025-01-16 22:40:56.053000000,86
472,CO262,1821SA,,,CO,02,COPPERBELT,0205,LUANSHYA,02051,LUANSHYA,0205113,MULUNGUSHI,02051132006,,Urban,106,557,init1,,OKAY,,,2025-01-16 22:40:56.053000000,2025-01-16 22:40:56.053000000,86
473,CO261,1821SA,,,CO,02,COPPERBELT,0205,LUANSHYA,02051,LUANSHYA,0205113,MULUNGUSHI,02051132007,,Urban,180,937,init1,,OKAY,,,2025-01-16 22:40:56.053000000,2025-01-16 22:40:56.053000000,86
474,CO260,1821SA,,,CO,02,COPPERBELT,0205,LUANSHYA,02051,LUANSHYA,0205113,MULUNGUSHI,02051132008,,Urban,130,612,init1,,OKAY,,,2025-01-16 22:40:56.053000000,2025-01-16 22:40:56.053000000,86
475,CO259,1821SA,,,CO,02,COPPERBELT,0205,LUANSHYA,02051,LUANSHYA,0205113,MULUNGUSHI,02051132009,,Urban,114,523,init1,,OKAY,,,2025-01-16 22:40:56.053000000,2025-01-16 22:40:56.053000000,86
476,CO258,1821SA,,,CO,02,COPPERBELT,0205,LUANSHYA,02051,LUANSHYA,0205113,MULUNGUSHI,02051132010,,Urban,87,440,init1,,OKAY,,,2025-01-16 22:40:56.053000000,2025-01-16 22:40:56.053000000,86
477,CO257,1598ZM,,,CO,02,COPPERBELT,0205,LUANSHYA,02051,LUANSHYA,0205115,TWASHUKA,02051151003,,Rural,77,359,init1,,OKAY,,,2025-01-16 22:40:56.053000000,2025-01-16 22:40:56.053000000,156
478,CO256,1598ZM,,,CO,02,COPPERBELT,0205,LUANSHYA,02051,LUANSHYA,0205115,TWASHUKA,02051152001,,Urban,108,447,init1,,OKAY,,,2025-01-16 22:40:56.053000000,2025-01-16 22:40:56.053000000,156
479,CO255,1598ZM,,,CO,02,COPPERBELT,0205,LUANSHYA,02051,LUANSHYA,0205115,TWASHUKA,02051152005,,Urban,84,387,init1,,OKAY,,,2025-01-16 22:40:56.053000000,2025-01-16 22:40:56.053000000,156
480,CO254,1598ZM,,,CO,02,COPPERBELT,0205,LUANSHYA,02051,LUANSHYA,0205115,TWASHUKA,02051152008,,Urban,94,428,init1,,OKAY,,,2025-01-16 22:40:56.053000000,2025-01-16 22:40:56.053000000,156
481,CO253,1598ZM,,,CO,02,COPPERBELT,0205,LUANSHYA,02051,LUANSHYA,0205115,TWASHUKA,02051152010,,Urban,90,398,init1,,OKAY,,,2025-01-16 22:40:56.053000000,2025-01-16 22:40:56.053000000,156
482,CO252,1598ZM,,,CO,02,COPPERBELT,0205,LUANSHYA,02051,LUANSHYA,0205115,TWASHUKA,02051152013,,Urban,90,388,init1,,OKAY,,,2025-01-16 22:40:56.053000000,2025-01-16 22:40:56.053000000,156
483,CO251,1598ZM,,,CO,02,COPPERBELT,0205,LUANSHYA,02051,LUANSHYA,0205115,TWASHUKA,02051152015,,Urban,54,227,init1,,OKAY,,,2025-01-16 22:40:56.053000000,2025-01-16 22:40:56.053000000,156
484,CO250,1598ZM,,,CO,02,COPPERBELT,0205,LUANSHYA,02051,LUANSHYA,0205115,TWASHUKA,02051152018,,Urban,62,265,init1,,OKAY,,,2025-01-16 22:40:56.053000000,2025-01-16 22:40:56.053000000,156
485,CO249,1598ZM,,,CO,02,COPPERBELT,0205,LUANSHYA,02051,LUANSHYA,0205115,TWASHUKA,02051152020,,Urban,79,398,init1,,OKAY,,,2025-01-16 22:40:56.053000000,2025-01-16 22:40:56.053000000,156
486,CO248,1598ZM,,,CO,02,COPPERBELT,0205,LUANSHYA,02051,LUANSHYA,0205115,TWASHUKA,02051152022,,Urban,87,371,init1,,OKAY,,,2025-01-16 22:40:56.053000000,2025-01-16 22:40:56.053000000,156
487,CO247,2705HN,,,CO,02,COPPERBELT,0205,LUANSHYA,02052,ROAN,0205205,KAFUE,02052051009,,Rural,110,522,init1,,OKAY,,,2025-01-16 22:40:56.053000000,2025-01-16 22:40:56.053000000,71
488,CO246,2705HN,,,CO,02,COPPERBELT,0205,LUANSHYA,02052,ROAN,0205205,KAFUE,02052051021,,Rural,117,547,init1,,OKAY,,,2025-01-16 22:40:56.053000000,2025-01-16 22:40:56.053000000,71
489,CO245,2705HN,,,CO,02,COPPERBELT,0205,LUANSHYA,02052,ROAN,0205205,KAFUE,02052052003,,Urban,150,737,init1,,OKAY,,,2025-01-16 22:40:56.053000000,2025-01-16 22:40:56.053000000,71
490,CO244,2705HN,,,CO,02,COPPERBELT,0205,LUANSHYA,02052,ROAN,0205205,KAFUE,02052052005,,Urban,107,514,init1,,OKAY,,,2025-01-16 22:40:56.053000000,2025-01-16 22:40:56.053000000,71
491,CO243,2705HN,,,CO,02,COPPERBELT,0205,LUANSHYA,02052,ROAN,0205205,KAFUE,02052052007,,Urban,122,598,init1,,OKAY,,,2025-01-16 22:40:56.053000000,2025-01-16 22:40:56.053000000,71
492,CO242,2705HN,,,CO,02,COPPERBELT,0205,LUANSHYA,02052,ROAN,0205205,KAFUE,02052052010,,Urban,92,431,init1,,OKAY,,,2025-01-16 22:40:56.053000000,2025-01-16 22:40:56.053000000,71
493,CO241,2705HN,,,CO,02,COPPERBELT,0205,LUANSHYA,02052,ROAN,0205205,KAFUE,02052052012,,Urban,141,641,init1,,OKAY,,,2025-01-16 22:40:56.053000000,2025-01-16 22:40:56.053000000,71
494,CO240,2705HN,,,CO,02,COPPERBELT,0205,LUANSHYA,02052,ROAN,0205205,KAFUE,02052052014,,Urban,90,409,init1,,OKAY,,,2025-01-16 22:40:56.053000000,2025-01-16 22:40:56.053000000,71
495,CO239,2705HN,,,CO,02,COPPERBELT,0205,LUANSHYA,02052,ROAN,0205205,KAFUE,02052052016,,Urban,120,669,init1,,OKAY,,,2025-01-16 22:40:56.053000000,2025-01-16 22:40:56.053000000,71
496,CO238,2705HN,,,CO,02,COPPERBELT,0205,LUANSHYA,02052,ROAN,0205205,KAFUE,02052052020,,Urban,91,477,init1,,OKAY,,,2025-01-16 22:40:56.053000000,2025-01-16 22:40:56.053000000,71
497,CO237,3094EL,,,CO,02,COPPERBELT,0205,LUANSHYA,02052,ROAN,0205209,MAPOSA,02052091001,,Rural,66,361,init1,,OKAY,,,2025-01-16 22:40:56.053000000,2025-01-16 22:40:56.053000000,55
498,CO236,3094EL,,,CO,02,COPPERBELT,0205,LUANSHYA,02052,ROAN,0205209,MAPOSA,02052091003,,Rural,60,304,init1,,OKAY,,,2025-01-16 22:40:56.053000000,2025-01-16 22:40:56.053000000,55
499,CO235,3094EL,,,CO,02,COPPERBELT,0205,LUANSHYA,02052,ROAN,0205209,MAPOSA,02052091004,,Rural,99,428,init1,,OKAY,,,2025-01-16 22:40:56.053000000,2025-01-16 22:40:56.053000000,55
500,CO234,3094EL,,,CO,02,COPPERBELT,0205,LUANSHYA,02052,ROAN,0205209,MAPOSA,02052091006,,Rural,113,601,init1,,OKAY,,,2025-01-16 22:40:56.053000000,2025-01-16 22:40:56.053000000,55
501,CO233,3094EL,,,CO,02,COPPERBELT,0205,LUANSHYA,02052,ROAN,0205209,MAPOSA,02052091008,,Rural,80,387,init1,,OKAY,,,2025-01-16 22:40:56.053000000,2025-01-16 22:40:56.053000000,55
502,CO232,3094EL,,,CO,02,COPPERBELT,0205,LUANSHYA,02052,ROAN,0205209,MAPOSA,02052091009,,Rural,96,401,init1,,OKAY,,,2025-01-16 22:40:56.053000000,2025-01-16 22:40:56.053000000,55
503,CO231,3094EL,,,CO,02,COPPERBELT,0205,LUANSHYA,02052,ROAN,0205209,MAPOSA,02052091011,,Rural,74,397,init1,,OKAY,,,2025-01-16 22:40:56.053000000,2025-01-16 22:40:56.053000000,55
504,CO230,3094EL,,,CO,02,COPPERBELT,0205,LUANSHYA,02052,ROAN,0205209,MAPOSA,02052091012,,Rural,105,411,init1,,OKAY,,,2025-01-16 22:40:56.053000000,2025-01-16 22:40:56.053000000,55
505,CO229,3094EL,,,CO,02,COPPERBELT,0205,LUANSHYA,02052,ROAN,0205209,MAPOSA,02052091014,,Rural,70,300,init1,,OKAY,,,2025-01-16 22:40:56.053000000,2025-01-16 22:40:56.053000000,55
506,CO228,3094EL,,,CO,02,COPPERBELT,0205,LUANSHYA,02052,ROAN,0205209,MAPOSA,02052091016,,Rural,76,365,init1,,OKAY,,,2025-01-16 22:40:56.053000000,2025-01-16 22:40:56.053000000,55
507,CO227,2270LH,,,CO,02,COPPERBELT,0205,LUANSHYA,02052,ROAN,0205212,NGEBE,02052122001,,Urban,97,507,init1,,OKAY,,,2025-01-16 22:40:56.053000000,2025-01-16 22:40:56.053000000,155
508,CO226,2270LH,,,CO,02,COPPERBELT,0205,LUANSHYA,02052,ROAN,0205212,NGEBE,02052122002,,Urban,88,465,init1,,OKAY,,,2025-01-16 22:40:56.053000000,2025-01-16 22:40:56.053000000,155
509,CO225,2270LH,,,CO,02,COPPERBELT,0205,LUANSHYA,02052,ROAN,0205212,NGEBE,02052122003,,Urban,91,503,init1,,OKAY,,,2025-01-16 22:40:56.053000000,2025-01-16 22:40:56.053000000,155
510,CO224,2270LH,,,CO,02,COPPERBELT,0205,LUANSHYA,02052,ROAN,0205212,NGEBE,02052122004,,Urban,106,588,init1,,OKAY,,,2025-01-16 22:40:56.053000000,2025-01-16 22:40:56.053000000,155
511,CO223,2270LH,,,CO,02,COPPERBELT,0205,LUANSHYA,02052,ROAN,0205212,NGEBE,02052122005,,Urban,80,453,init1,,OKAY,,,2025-01-16 22:40:56.053000000,2025-01-16 22:40:56.053000000,155
512,CO222,2270LH,,,CO,02,COPPERBELT,0205,LUANSHYA,02052,ROAN,0205212,NGEBE,02052122006,,Urban,100,556,init1,,OKAY,,,2025-01-16 22:40:56.053000000,2025-01-16 22:40:56.053000000,155
513,CO221,2270LH,,,CO,02,COPPERBELT,0205,LUANSHYA,02052,ROAN,0205212,NGEBE,02052122007,,Urban,105,571,init1,,OKAY,,,2025-01-16 22:40:56.053000000,2025-01-16 22:40:56.053000000,155
514,CO220,2270LH,,,CO,02,COPPERBELT,0205,LUANSHYA,02052,ROAN,0205212,NGEBE,02052122008,,Urban,71,374,init1,,OKAY,,,2025-01-16 22:40:56.053000000,2025-01-16 22:40:56.053000000,155
515,CO219,2270LH,,,CO,02,COPPERBELT,0205,LUANSHYA,02052,ROAN,0205212,NGEBE,02052122009,,Urban,86,452,init1,,OKAY,,,2025-01-16 22:40:56.053000000,2025-01-16 22:40:56.053000000,155
516,CO218,2239KT,,,CO,02,COPPERBELT,0208,MPONGWE,02081,MPONGWE CENTRAL,0208101,CHISAPA,02081011001,,Rural,54,179,init1,,OKAY,,,2025-01-16 22:40:56.053000000,2025-01-16 22:40:56.053000000,134
517,CO217,2239KT,,,CO,02,COPPERBELT,0208,MPONGWE,02081,MPONGWE CENTRAL,0208101,CHISAPA,02081011002,,Rural,83,392,init1,,OKAY,,,2025-01-16 22:40:56.053000000,2025-01-16 22:40:56.053000000,134
518,CO216,2239KT,,,CO,02,COPPERBELT,0208,MPONGWE,02081,MPONGWE CENTRAL,0208101,CHISAPA,02081011004,,Rural,111,677,init1,,OKAY,,,2025-01-16 22:40:56.053000000,2025-01-16 22:40:56.053000000,134
519,CO215,2239KT,,,CO,02,COPPERBELT,0208,MPONGWE,02081,MPONGWE CENTRAL,0208101,CHISAPA,02081011005,,Rural,105,501,init1,,OKAY,,,2025-01-16 22:40:56.053000000,2025-01-16 22:40:56.053000000,134
520,CO214,2239KT,,,CO,02,COPPERBELT,0208,MPONGWE,02081,MPONGWE CENTRAL,0208101,CHISAPA,02081011007,,Rural,67,296,init1,,OKAY,,,2025-01-16 22:40:56.053000000,2025-01-16 22:40:56.053000000,134
521,CO213,2239KT,,,CO,02,COPPERBELT,0208,MPONGWE,02081,MPONGWE CENTRAL,0208101,CHISAPA,02081011008,,Rural,94,507,init1,,OKAY,,,2025-01-16 22:40:56.053000000,2025-01-16 22:40:56.053000000,134
522,CO212,2239KT,,,CO,02,COPPERBELT,0208,MPONGWE,02081,MPONGWE CENTRAL,0208101,CHISAPA,02081011010,,Rural,73,430,init1,,OKAY,,,2025-01-16 22:40:56.053000000,2025-01-16 22:40:56.053000000,134
523,CO211,2239KT,,,CO,02,COPPERBELT,0208,MPONGWE,02081,MPONGWE CENTRAL,0208101,CHISAPA,02081011011,,Rural,97,523,init1,,OKAY,,,2025-01-16 22:40:56.053000000,2025-01-16 22:40:56.053000000,134
524,CO210,2239KT,,,CO,02,COPPERBELT,0208,MPONGWE,02081,MPONGWE CENTRAL,0208101,CHISAPA,02081011013,,Rural,60,381,init1,,OKAY,,,2025-01-16 22:40:56.053000000,2025-01-16 22:40:56.053000000,134
525,CO209,2239KT,,,CO,02,COPPERBELT,0208,MPONGWE,02081,MPONGWE CENTRAL,0208101,CHISAPA,02081011014,,Rural,103,687,init1,,OKAY,,,2025-01-16 22:40:56.053000000,2025-01-16 22:40:56.053000000,134
526,CO208,3003TT,,,CO,02,COPPERBELT,0208,MPONGWE,02081,MPONGWE CENTRAL,0208102,IBENGA,02081021006,,Rural,55,209,init1,,OKAY,,,2025-01-16 22:40:56.053000000,2025-01-16 22:40:56.053000000,172
527,CO207,3003TT,,,CO,02,COPPERBELT,0208,MPONGWE,02081,MPONGWE CENTRAL,0208102,IBENGA,02081021034,,Rural,81,508,init1,,OKAY,,,2025-01-16 22:40:56.053000000,2025-01-16 22:40:56.053000000,172
528,CO206,3003TT,,,CO,02,COPPERBELT,0208,MPONGWE,02081,MPONGWE CENTRAL,0208102,IBENGA,02081022009,,Urban,80,402,init1,,OKAY,,,2025-01-16 22:40:56.053000000,2025-01-16 22:40:56.053000000,172
529,CO205,3003TT,,,CO,02,COPPERBELT,0208,MPONGWE,02081,MPONGWE CENTRAL,0208102,IBENGA,02081022014,,Urban,88,431,init1,,OKAY,,,2025-01-16 22:40:56.053000000,2025-01-16 22:40:56.053000000,172
530,CO204,3003TT,,,CO,02,COPPERBELT,0208,MPONGWE,02081,MPONGWE CENTRAL,0208102,IBENGA,02081022019,,Urban,76,357,init1,,OKAY,,,2025-01-16 22:40:56.053000000,2025-01-16 22:40:56.053000000,172
531,CO203,3003TT,,,CO,02,COPPERBELT,0208,MPONGWE,02081,MPONGWE CENTRAL,0208102,IBENGA,02081022024,,Urban,102,506,init1,,OKAY,,,2025-01-16 22:40:56.053000000,2025-01-16 22:40:56.053000000,172
532,CO202,3003TT,,,CO,02,COPPERBELT,0208,MPONGWE,02081,MPONGWE CENTRAL,0208102,IBENGA,02081022029,,Urban,56,282,init1,,OKAY,,,2025-01-16 22:40:56.053000000,2025-01-16 22:40:56.053000000,172
533,CO201,3003TT,,,CO,02,COPPERBELT,0208,MPONGWE,02081,MPONGWE CENTRAL,0208102,IBENGA,02081022035,,Urban,107,491,init1,,OKAY,,,2025-01-16 22:40:56.053000000,2025-01-16 22:40:56.053000000,172
534,CO200,3003TT,,,CO,02,COPPERBELT,0208,MPONGWE,02081,MPONGWE CENTRAL,0208102,IBENGA,02081022039,,Urban,80,436,init1,,OKAY,,,2025-01-16 22:40:56.053000000,2025-01-16 22:40:56.053000000,172
535,CO199,3003TT,,,CO,02,COPPERBELT,0208,MPONGWE,02081,MPONGWE CENTRAL,0208102,IBENGA,02081022044,,Urban,74,314,init1,,OKAY,,,2025-01-16 22:40:56.053000000,2025-01-16 22:40:56.053000000,172
536,CO198,2462HN,,,CO,02,COPPERBELT,0208,MPONGWE,02081,MPONGWE CENTRAL,0208105,KANYENDA,02081051001,,Rural,112,476,init1,,OKAY,,,2025-01-16 22:40:56.053000000,2025-01-16 22:40:56.053000000,187
537,CO197,2462HN,,,CO,02,COPPERBELT,0208,MPONGWE,02081,MPONGWE CENTRAL,0208105,KANYENDA,02081051005,,Rural,105,507,init1,,OKAY,,,2025-01-16 22:40:56.053000000,2025-01-16 22:40:56.053000000,187
538,CO196,2462HN,,,CO,02,COPPERBELT,0208,MPONGWE,02081,MPONGWE CENTRAL,0208105,KANYENDA,02081051008,,Rural,74,373,init1,,OKAY,,,2025-01-16 22:40:56.053000000,2025-01-16 22:40:56.053000000,187
539,CO195,2462HN,,,CO,02,COPPERBELT,0208,MPONGWE,02081,MPONGWE CENTRAL,0208105,KANYENDA,02081051011,,Rural,86,420,init1,,OKAY,,,2025-01-16 22:40:56.053000000,2025-01-16 22:40:56.053000000,187
540,CO194,2462HN,,,CO,02,COPPERBELT,0208,MPONGWE,02081,MPONGWE CENTRAL,0208105,KANYENDA,02081051014,,Rural,78,351,init1,,OKAY,,,2025-01-16 22:40:56.053000000,2025-01-16 22:40:56.053000000,187
541,CO193,2462HN,,,CO,02,COPPERBELT,0208,MPONGWE,02081,MPONGWE CENTRAL,0208105,KANYENDA,02081051017,,Rural,70,292,init1,,OKAY,,,2025-01-16 22:40:56.053000000,2025-01-16 22:40:56.053000000,187
542,CO192,2462HN,,,CO,02,COPPERBELT,0208,MPONGWE,02081,MPONGWE CENTRAL,0208105,KANYENDA,02081051020,,Rural,110,515,init1,,OKAY,,,2025-01-16 22:40:56.053000000,2025-01-16 22:40:56.053000000,187
543,CO191,2462HN,,,CO,02,COPPERBELT,0208,MPONGWE,02081,MPONGWE CENTRAL,0208105,KANYENDA,02081051023,,Rural,116,576,init1,,OKAY,,,2025-01-16 22:40:56.053000000,2025-01-16 22:40:56.053000000,187
544,CO190,2462HN,,,CO,02,COPPERBELT,0208,MPONGWE,02081,MPONGWE CENTRAL,0208105,KANYENDA,02081051026,,Rural,87,390,init1,,OKAY,,,2025-01-16 22:40:56.053000000,2025-01-16 22:40:56.053000000,187
545,CO189,2462HN,,,CO,02,COPPERBELT,0208,MPONGWE,02081,MPONGWE CENTRAL,0208105,KANYENDA,02081051029,,Rural,77,411,init1,,OKAY,,,2025-01-16 22:40:56.053000000,2025-01-16 22:40:56.053000000,187
546,CO188,1111YY,,,CO,02,COPPERBELT,0208,MPONGWE,02081,MPONGWE CENTRAL,0208107,KASHIBA,02081071001,,Rural,122,561,init1,,OKAY,,,2025-01-16 22:40:56.053000000,2025-01-16 22:40:56.053000000,53
547,CO187,1111YY,,,CO,02,COPPERBELT,0208,MPONGWE,02081,MPONGWE CENTRAL,0208107,KASHIBA,02081071004,,Rural,56,348,init1,,OKAY,,,2025-01-16 22:40:56.053000000,2025-01-16 22:40:56.053000000,53
548,CO186,1111YY,,,CO,02,COPPERBELT,0208,MPONGWE,02081,MPONGWE CENTRAL,0208107,KASHIBA,02081071006,,Rural,69,351,init1,,OKAY,,,2025-01-16 22:40:56.053000000,2025-01-16 22:40:56.053000000,53
549,CO185,1111YY,,,CO,02,COPPERBELT,0208,MPONGWE,02081,MPONGWE CENTRAL,0208107,KASHIBA,02081071009,,Rural,124,604,init1,,OKAY,,,2025-01-16 22:40:56.053000000,2025-01-16 22:40:56.053000000,53
550,CO184,1111YY,,,CO,02,COPPERBELT,0208,MPONGWE,02081,MPONGWE CENTRAL,0208107,KASHIBA,02081071011,,Rural,73,393,init1,,OKAY,,,2025-01-16 22:40:56.053000000,2025-01-16 22:40:56.053000000,53
551,CO183,1111YY,,,CO,02,COPPERBELT,0208,MPONGWE,02081,MPONGWE CENTRAL,0208107,KASHIBA,02081071014,,Rural,71,411,init1,,OKAY,,,2025-01-16 22:40:56.053000000,2025-01-16 22:40:56.053000000,53
552,CO182,1111YY,,,CO,02,COPPERBELT,0208,MPONGWE,02081,MPONGWE CENTRAL,0208107,KASHIBA,02081071016,,Rural,106,531,init1,,OKAY,,,2025-01-16 22:40:56.053000000,2025-01-16 22:40:56.053000000,53
553,CO181,1111YY,,,CO,02,COPPERBELT,0208,MPONGWE,02081,MPONGWE CENTRAL,0208107,KASHIBA,02081071019,,Rural,99,500,init1,,OKAY,,,2025-01-16 22:40:56.053000000,2025-01-16 22:40:56.053000000,53
554,CO180,1111YY,,,CO,02,COPPERBELT,0208,MPONGWE,02081,MPONGWE CENTRAL,0208107,KASHIBA,02081071021,,Rural,74,414,init1,,OKAY,,,2025-01-16 22:40:56.053000000,2025-01-16 22:40:56.053000000,53
555,CO179,1111YY,,,CO,02,COPPERBELT,0208,MPONGWE,02081,MPONGWE CENTRAL,0208107,KASHIBA,02081071024,,Rural,53,196,init1,,OKAY,,,2025-01-16 22:40:56.053000000,2025-01-16 22:40:56.053000000,53
556,CO178,1043GR,,,CO,02,COPPERBELT,0208,MPONGWE,02081,MPONGWE CENTRAL,0208111,MPONGWE CENTRAL,02081111003,,Rural,83,317,init1,,OKAY,,,2025-01-16 22:40:56.053000000,2025-01-16 22:40:56.053000000,231
557,CO177,1043GR,,,CO,02,COPPERBELT,0208,MPONGWE,02081,MPONGWE CENTRAL,0208111,MPONGWE CENTRAL,02081111017,,Rural,128,650,init1,,OKAY,,,2025-01-16 22:40:56.053000000,2025-01-16 22:40:56.053000000,231
558,CO176,1043GR,,,CO,02,COPPERBELT,0208,MPONGWE,02081,MPONGWE CENTRAL,0208111,MPONGWE CENTRAL,02081111056,,Rural,101,467,init1,,OKAY,,,2025-01-16 22:40:56.053000000,2025-01-16 22:40:56.053000000,231
559,CO175,1043GR,,,CO,02,COPPERBELT,0208,MPONGWE,02081,MPONGWE CENTRAL,0208111,MPONGWE CENTRAL,02081112007,,Urban,146,685,init1,,OKAY,,,2025-01-16 22:40:56.053000000,2025-01-16 22:40:56.053000000,231
560,CO174,1043GR,,,CO,02,COPPERBELT,0208,MPONGWE,02081,MPONGWE CENTRAL,0208111,MPONGWE CENTRAL,02081112010,,Urban,87,381,init1,,OKAY,,,2025-01-16 22:40:56.053000000,2025-01-16 22:40:56.053000000,231
561,CO173,1043GR,,,CO,02,COPPERBELT,0208,MPONGWE,02081,MPONGWE CENTRAL,0208111,MPONGWE CENTRAL,02081112013,,Urban,176,803,init1,,OKAY,,,2025-01-16 22:40:56.053000000,2025-01-16 22:40:56.053000000,231
562,CO172,1043GR,,,CO,02,COPPERBELT,0208,MPONGWE,02081,MPONGWE CENTRAL,0208111,MPONGWE CENTRAL,02081112015,,Urban,84,375,init1,,OKAY,,,2025-01-16 22:40:56.053000000,2025-01-16 22:40:56.053000000,231
563,CO171,1043GR,,,CO,02,COPPERBELT,0208,MPONGWE,02081,MPONGWE CENTRAL,0208111,MPONGWE CENTRAL,02081112019,,Urban,157,638,init1,,OKAY,,,2025-01-16 22:40:56.053000000,2025-01-16 22:40:56.053000000,231
564,CO170,1043GR,,,CO,02,COPPERBELT,0208,MPONGWE,02081,MPONGWE CENTRAL,0208111,MPONGWE CENTRAL,02081112022,,Urban,78,381,init1,,OKAY,,,2025-01-16 22:40:56.053000000,2025-01-16 22:40:56.053000000,231
565,CO169,1043GR,,,CO,02,COPPERBELT,0208,MPONGWE,02081,MPONGWE CENTRAL,0208111,MPONGWE CENTRAL,02081112026,,Urban,92,461,init1,,OKAY,,,2025-01-16 22:40:56.053000000,2025-01-16 22:40:56.053000000,231
566,CO168,1043GR,,,CO,02,COPPERBELT,0208,MPONGWE,02081,MPONGWE CENTRAL,0208111,MPONGWE CENTRAL,02081112029,,Urban,83,411,init1,,OKAY,,,2025-01-16 22:40:56.053000000,2025-01-16 22:40:56.053000000,231
567,CO167,1043GR,,,CO,02,COPPERBELT,0208,MPONGWE,02081,MPONGWE CENTRAL,0208111,MPONGWE CENTRAL,02081112032,,Urban,58,193,init1,,OKAY,,,2025-01-16 22:40:56.053000000,2025-01-16 22:40:56.053000000,231
568,CO166,1043GR,,,CO,02,COPPERBELT,0208,MPONGWE,02081,MPONGWE CENTRAL,0208111,MPONGWE CENTRAL,02081112035,,Urban,168,756,init1,,OKAY,,,2025-01-16 22:40:56.053000000,2025-01-16 22:40:56.053000000,231
569,CO165,1043GR,,,CO,02,COPPERBELT,0208,MPONGWE,02081,MPONGWE CENTRAL,0208111,MPONGWE CENTRAL,02081112038,,Urban,81,336,init1,,OKAY,,,2025-01-16 22:40:56.053000000,2025-01-16 22:40:56.053000000,231
570,CO164,1043GR,,,CO,02,COPPERBELT,0208,MPONGWE,02081,MPONGWE CENTRAL,0208111,MPONGWE CENTRAL,02081112041,,Urban,138,672,init1,,OKAY,,,2025-01-16 22:40:56.053000000,2025-01-16 22:40:56.053000000,231
571,CO163,1043GR,,,CO,02,COPPERBELT,0208,MPONGWE,02081,MPONGWE CENTRAL,0208111,MPONGWE CENTRAL,02081112044,,Urban,152,635,init1,,OKAY,,,2025-01-16 22:40:56.053000000,2025-01-16 22:40:56.053000000,231
572,CO162,1043GR,,,CO,02,COPPERBELT,0208,MPONGWE,02081,MPONGWE CENTRAL,0208111,MPONGWE CENTRAL,02081112046,,Urban,86,292,init1,,OKAY,,,2025-01-16 22:40:56.053000000,2025-01-16 22:40:56.053000000,231
573,CO161,1043GR,,,CO,02,COPPERBELT,0208,MPONGWE,02081,MPONGWE CENTRAL,0208111,MPONGWE CENTRAL,02081112050,,Urban,124,572,init1,,OKAY,,,2025-01-16 22:40:56.053000000,2025-01-16 22:40:56.053000000,231
574,CO160,1043GR,,,CO,02,COPPERBELT,0208,MPONGWE,02081,MPONGWE CENTRAL,0208111,MPONGWE CENTRAL,02081112053,,Urban,131,544,init1,,OKAY,,,2025-01-16 22:40:56.053000000,2025-01-16 22:40:56.053000000,231
575,CO159,1043GR,,,CO,02,COPPERBELT,0208,MPONGWE,02081,MPONGWE CENTRAL,0208111,MPONGWE CENTRAL,02081112058,,Urban,82,406,init1,,OKAY,,,2025-01-16 22:40:56.053000000,2025-01-16 22:40:56.053000000,231
576,CO158,1946FP,,,CO,02,COPPERBELT,0208,MPONGWE,02081,MPONGWE CENTRAL,0208113,MUSOFU,02081131001,,Rural,95,613,init1,,OKAY,,,2025-01-16 22:40:56.053000000,2025-01-16 22:40:56.053000000,132
577,CO157,1946FP,,,CO,02,COPPERBELT,0208,MPONGWE,02081,MPONGWE CENTRAL,0208113,MUSOFU,02081131002,,Rural,79,551,init1,,OKAY,,,2025-01-16 22:40:56.053000000,2025-01-16 22:40:56.053000000,132
578,CO156,1946FP,,,CO,02,COPPERBELT,0208,MPONGWE,02081,MPONGWE CENTRAL,0208113,MUSOFU,02081131003,,Rural,64,472,init1,,OKAY,,,2025-01-16 22:40:56.053000000,2025-01-16 22:40:56.053000000,132
579,CO155,1946FP,,,CO,02,COPPERBELT,0208,MPONGWE,02081,MPONGWE CENTRAL,0208113,MUSOFU,02081131004,,Rural,87,632,init1,,OKAY,,,2025-01-16 22:40:56.053000000,2025-01-16 22:40:56.053000000,132
580,CO154,1946FP,,,CO,02,COPPERBELT,0208,MPONGWE,02081,MPONGWE CENTRAL,0208113,MUSOFU,02081131005,,Rural,48,308,init1,,VAST EA,,,2025-01-16 22:40:56.053000000,2025-01-16 22:40:56.053000000,132
581,CO153,1946FP,,,CO,02,COPPERBELT,0208,MPONGWE,02081,MPONGWE CENTRAL,0208113,MUSOFU,02081131006,,Rural,105,630,init1,,OKAY,,,2025-01-16 22:40:56.053000000,2025-01-16 22:40:56.053000000,132
582,CO152,1946FP,,,CO,02,COPPERBELT,0208,MPONGWE,02081,MPONGWE CENTRAL,0208113,MUSOFU,02081131007,,Rural,125,672,init1,,OKAY,,,2025-01-16 22:40:56.053000000,2025-01-16 22:40:56.053000000,132
583,CO151,1946FP,,,CO,02,COPPERBELT,0208,MPONGWE,02081,MPONGWE CENTRAL,0208113,MUSOFU,02081131008,,Rural,125,608,init1,,OKAY,,,2025-01-16 22:40:56.053000000,2025-01-16 22:40:56.053000000,132
584,CO150,2822AJ,,,CO,02,COPPERBELT,0210,NDOLA,02101,BWANA MKUBWA,0210102,ITAWA,02101022001,,Urban,128,573,init1,,OKAY,,,2025-01-16 22:40:56.053000000,2025-01-16 22:40:56.053000000,112
585,CO149,2822AJ,,,CO,02,COPPERBELT,0210,NDOLA,02101,BWANA MKUBWA,0210102,ITAWA,02101022004,,Urban,149,721,init1,,OKAY,,,2025-01-16 22:40:56.053000000,2025-01-16 22:40:56.053000000,112
586,CO148,2822AJ,,,CO,02,COPPERBELT,0210,NDOLA,02101,BWANA MKUBWA,0210102,ITAWA,02101022008,,Urban,134,644,init1,,OKAY,,,2025-01-16 22:40:56.053000000,2025-01-16 22:40:56.053000000,112
587,CO147,2822AJ,,,CO,02,COPPERBELT,0210,NDOLA,02101,BWANA MKUBWA,0210102,ITAWA,02101022012,,Urban,189,925,init1,,OKAY,,,2025-01-16 22:40:56.053000000,2025-01-16 22:40:56.053000000,112
588,CO146,2822AJ,,,CO,02,COPPERBELT,0210,NDOLA,02101,BWANA MKUBWA,0210102,ITAWA,02101022015,,Urban,139,540,init1,,OKAY,,,2025-01-16 22:40:56.053000000,2025-01-16 22:40:56.053000000,112
589,CO145,2822AJ,,,CO,02,COPPERBELT,0210,NDOLA,02101,BWANA MKUBWA,0210102,ITAWA,02101022019,,Urban,161,743,init1,,OKAY,,,2025-01-16 22:40:56.053000000,2025-01-16 22:40:56.053000000,112
590,CO144,2822AJ,,,CO,02,COPPERBELT,0210,NDOLA,02101,BWANA MKUBWA,0210102,ITAWA,02101022023,,Urban,151,641,init1,,OKAY,,,2025-01-16 22:40:56.053000000,2025-01-16 22:40:56.053000000,112
591,CO143,2822AJ,,,CO,02,COPPERBELT,0210,NDOLA,02101,BWANA MKUBWA,0210102,ITAWA,02101022027,,Urban,132,589,init1,,OKAY,,,2025-01-16 22:40:56.053000000,2025-01-16 22:40:56.053000000,112
592,CO142,2822AJ,,,CO,02,COPPERBELT,0210,NDOLA,02101,BWANA MKUBWA,0210102,ITAWA,02101022030,,Urban,193,925,init1,,OKAY,,,2025-01-16 22:40:56.053000000,2025-01-16 22:40:56.053000000,112
593,CO141,2822AJ,,,CO,02,COPPERBELT,0210,NDOLA,02101,BWANA MKUBWA,0210102,ITAWA,02101022034,,Urban,118,639,init1,,OKAY,,,2025-01-16 22:40:56.053000000,2025-01-16 22:40:56.053000000,112
594,CO140,1124GR,,,CO,02,COPPERBELT,0210,NDOLA,02101,BWANA MKUBWA,0210103,KANTOLOMBA,02101032001,,Urban,156,808,init1,,OKAY,,,2025-01-16 22:40:56.053000000,2025-01-16 22:40:56.053000000,126
595,CO139,1124GR,,,CO,02,COPPERBELT,0210,NDOLA,02101,BWANA MKUBWA,0210103,KANTOLOMBA,02101032003,,Urban,181,868,init1,,OKAY,,,2025-01-16 22:40:56.053000000,2025-01-16 22:40:56.053000000,126
596,CO138,1124GR,,,CO,02,COPPERBELT,0210,NDOLA,02101,BWANA MKUBWA,0210103,KANTOLOMBA,02101032004,,Urban,184,839,init1,,OKAY,,,2025-01-16 22:40:56.053000000,2025-01-16 22:40:56.053000000,126
597,CO137,1124GR,,,CO,02,COPPERBELT,0210,NDOLA,02101,BWANA MKUBWA,0210103,KANTOLOMBA,02101032005,,Urban,124,590,init1,,OKAY,,,2025-01-16 22:40:56.053000000,2025-01-16 22:40:56.053000000,126
598,CO136,1124GR,,,CO,02,COPPERBELT,0210,NDOLA,02101,BWANA MKUBWA,0210103,KANTOLOMBA,02101032006,,Urban,188,1017,init1,,OKAY,,,2025-01-16 22:40:56.053000000,2025-01-16 22:40:56.053000000,126
599,CO135,1124GR,,,CO,02,COPPERBELT,0210,NDOLA,02101,BWANA MKUBWA,0210103,KANTOLOMBA,02101032007,,Urban,161,764,init1,,OKAY,,,2025-01-16 22:40:56.053000000,2025-01-16 22:40:56.053000000,126
600,CO134,1124GR,,,CO,02,COPPERBELT,0210,NDOLA,02101,BWANA MKUBWA,0210103,KANTOLOMBA,02101032009,,Urban,147,786,init1,,OKAY,,,2025-01-16 22:40:56.053000000,2025-01-16 22:40:56.053000000,126
601,CO133,1124GR,,,CO,02,COPPERBELT,0210,NDOLA,02101,BWANA MKUBWA,0210103,KANTOLOMBA,02101032010,,Urban,191,992,init1,,OKAY,,,2025-01-16 22:40:56.053000000,2025-01-16 22:40:56.053000000,126
602,CO132,1124GR,,,CO,02,COPPERBELT,0210,NDOLA,02101,BWANA MKUBWA,0210103,KANTOLOMBA,02101032011,,Urban,51,287,init1,,OKAY,,,2025-01-16 22:40:56.053000000,2025-01-16 22:40:56.053000000,126
603,CO131,1124GR,,,CO,02,COPPERBELT,0210,NDOLA,02101,BWANA MKUBWA,0210103,KANTOLOMBA,02101032012,,Urban,217,1079,init1,,OKAY,,,2025-01-16 22:40:56.053000000,2025-01-16 22:40:56.053000000,126
604,CO130,2391TZ,,,CO,02,COPPERBELT,0210,NDOLA,02101,BWANA MKUBWA,0210105,LUPILI,02101052002,,Urban,210,1145,init1,,OKAY,,,2025-01-16 22:40:56.053000000,2025-01-16 22:40:56.053000000,107
605,CO129,2391TZ,,,CO,02,COPPERBELT,0210,NDOLA,02101,BWANA MKUBWA,0210105,LUPILI,02101052005,,Urban,143,859,init1,,OKAY,,,2025-01-16 22:40:56.053000000,2025-01-16 22:40:56.053000000,107
606,CO128,2391TZ,,,CO,02,COPPERBELT,0210,NDOLA,02101,BWANA MKUBWA,0210105,LUPILI,02101052007,,Urban,156,829,init1,,OKAY,,,2025-01-16 22:40:56.053000000,2025-01-16 22:40:56.053000000,107
607,CO127,2391TZ,,,CO,02,COPPERBELT,0210,NDOLA,02101,BWANA MKUBWA,0210105,LUPILI,02101052010,,Urban,176,902,init1,,OKAY,,,2025-01-16 22:40:56.053000000,2025-01-16 22:40:56.053000000,107
608,CO126,2391TZ,,,CO,02,COPPERBELT,0210,NDOLA,02101,BWANA MKUBWA,0210105,LUPILI,02101052012,,Urban,167,892,init1,,OKAY,,,2025-01-16 22:40:56.053000000,2025-01-16 22:40:56.053000000,107
609,CO125,2391TZ,,,CO,02,COPPERBELT,0210,NDOLA,02101,BWANA MKUBWA,0210105,LUPILI,02101052015,,Urban,136,803,init1,,OKAY,,,2025-01-16 22:40:56.053000000,2025-01-16 22:40:56.053000000,107
610,CO124,2391TZ,,,CO,02,COPPERBELT,0210,NDOLA,02101,BWANA MKUBWA,0210105,LUPILI,02101052017,,Urban,168,1008,init1,,OKAY,,,2025-01-16 22:40:56.053000000,2025-01-16 22:40:56.053000000,107
611,CO123,2391TZ,,,CO,02,COPPERBELT,0210,NDOLA,02101,BWANA MKUBWA,0210105,LUPILI,02101052020,,Urban,188,1062,init1,,OKAY,,,2025-01-16 22:40:56.053000000,2025-01-16 22:40:56.053000000,107
612,CO122,2391TZ,,,CO,02,COPPERBELT,0210,NDOLA,02101,BWANA MKUBWA,0210105,LUPILI,02101052022,,Urban,149,845,init1,,OKAY,,,2025-01-16 22:40:56.053000000,2025-01-16 22:40:56.053000000,107
613,CO121,2391TZ,,,CO,02,COPPERBELT,0210,NDOLA,02101,BWANA MKUBWA,0210105,LUPILI,02101052025,,Urban,131,769,init1,,OKAY,,,2025-01-16 22:40:56.053000000,2025-01-16 22:40:56.053000000,107
614,CO120,1747PK,,,CO,02,COPPERBELT,0210,NDOLA,02101,BWANA MKUBWA,0210107,MUSHILI,02101072003,,Urban,136,686,init1,,OKAY,,,2025-01-16 22:40:56.053000000,2025-01-16 22:40:56.053000000,44
615,CO119,1747PK,,,CO,02,COPPERBELT,0210,NDOLA,02101,BWANA MKUBWA,0210107,MUSHILI,02101072008,,Urban,161,819,init1,,OKAY,,,2025-01-16 22:40:56.053000000,2025-01-16 22:40:56.053000000,44
616,CO118,1747PK,,,CO,02,COPPERBELT,0210,NDOLA,02101,BWANA MKUBWA,0210107,MUSHILI,02101072014,,Urban,185,888,init1,,OKAY,,,2025-01-16 22:40:56.053000000,2025-01-16 22:40:56.053000000,44
617,CO117,1747PK,,,CO,02,COPPERBELT,0210,NDOLA,02101,BWANA MKUBWA,0210107,MUSHILI,02101072019,,Urban,231,1336,init1,,OKAY,,,2025-01-16 22:40:56.053000000,2025-01-16 22:40:56.053000000,44
618,CO116,1747PK,,,CO,02,COPPERBELT,0210,NDOLA,02101,BWANA MKUBWA,0210107,MUSHILI,02101072025,,Urban,169,770,init1,,OKAY,,,2025-01-16 22:40:56.053000000,2025-01-16 22:40:56.053000000,44
619,CO115,1747PK,,,CO,02,COPPERBELT,0210,NDOLA,02101,BWANA MKUBWA,0210107,MUSHILI,02101072030,,Urban,190,1027,init1,,OKAY,,,2025-01-16 22:40:56.053000000,2025-01-16 22:40:56.053000000,44
620,CO114,1747PK,,,CO,02,COPPERBELT,0210,NDOLA,02101,BWANA MKUBWA,0210107,MUSHILI,02101072035,,Urban,166,1043,init1,,OKAY,,,2025-01-16 22:40:56.053000000,2025-01-16 22:40:56.053000000,44
621,CO113,1747PK,,,CO,02,COPPERBELT,0210,NDOLA,02101,BWANA MKUBWA,0210107,MUSHILI,02101072041,,Urban,134,594,init1,,OKAY,,,2025-01-16 22:40:56.053000000,2025-01-16 22:40:56.053000000,44
622,CO112,1747PK,,,CO,02,COPPERBELT,0210,NDOLA,02101,BWANA MKUBWA,0210107,MUSHILI,02101072046,,Urban,157,793,init1,,OKAY,,,2025-01-16 22:40:56.053000000,2025-01-16 22:40:56.053000000,44
623,CO111,1747PK,,,CO,02,COPPERBELT,0210,NDOLA,02101,BWANA MKUBWA,0210107,MUSHILI,02101072052,,Urban,180,888,init1,,OKAY,,,2025-01-16 22:40:56.053000000,2025-01-16 22:40:56.053000000,44
624,CO110,1748YC,,,CO,02,COPPERBELT,0210,NDOLA,02101,BWANA MKUBWA,0210108,TWASHUKA,02101082001,,Urban,192,736,init1,,OKAY,,,2025-01-16 22:40:56.053000000,2025-01-16 22:40:56.053000000,98
625,CO109,1748YC,,,CO,02,COPPERBELT,0210,NDOLA,02101,BWANA MKUBWA,0210108,TWASHUKA,02101082005,,Urban,225,1078,init1,,OKAY,,,2025-01-16 22:40:56.053000000,2025-01-16 22:40:56.053000000,98
626,CO108,1748YC,,,CO,02,COPPERBELT,0210,NDOLA,02101,BWANA MKUBWA,0210108,TWASHUKA,02101082010,,Urban,211,1009,init1,,OKAY,,,2025-01-16 22:40:56.053000000,2025-01-16 22:40:56.053000000,98
627,CO107,1748YC,,,CO,02,COPPERBELT,0210,NDOLA,02101,BWANA MKUBWA,0210108,TWASHUKA,02101082015,,Urban,212,1045,init1,,OKAY,,,2025-01-16 22:40:56.053000000,2025-01-16 22:40:56.053000000,98
628,CO106,1748YC,,,CO,02,COPPERBELT,0210,NDOLA,02101,BWANA MKUBWA,0210108,TWASHUKA,02101082019,,Urban,190,790,init1,,OKAY,,,2025-01-16 22:40:56.053000000,2025-01-16 22:40:56.053000000,98
629,CO105,1748YC,,,CO,02,COPPERBELT,0210,NDOLA,02101,BWANA MKUBWA,0210108,TWASHUKA,02101082024,,Urban,144,656,init1,,OKAY,,,2025-01-16 22:40:56.053000000,2025-01-16 22:40:56.053000000,98
630,CO104,1748YC,,,CO,02,COPPERBELT,0210,NDOLA,02101,BWANA MKUBWA,0210108,TWASHUKA,02101082029,,Urban,128,612,init1,,OKAY,,,2025-01-16 22:40:56.053000000,2025-01-16 22:40:56.053000000,98
631,CO103,1748YC,,,CO,02,COPPERBELT,0210,NDOLA,02101,BWANA MKUBWA,0210108,TWASHUKA,02101082033,,Urban,146,840,init1,,OKAY,,,2025-01-16 22:40:56.053000000,2025-01-16 22:40:56.053000000,98
632,CO102,1748YC,,,CO,02,COPPERBELT,0210,NDOLA,02101,BWANA MKUBWA,0210108,TWASHUKA,02101082038,,Urban,227,1198,init1,,OKAY,,,2025-01-16 22:40:56.053000000,2025-01-16 22:40:56.053000000,98
633,CO101,1748YC,,,CO,02,COPPERBELT,0210,NDOLA,02101,BWANA MKUBWA,0210108,TWASHUKA,02101082043,,Urban,127,744,init1,,OKAY,,,2025-01-16 22:40:56.053000000,2025-01-16 22:40:56.053000000,98
634,CO100,2748LF,,,CO,02,COPPERBELT,0210,NDOLA,02102,CHIFUBU,0210204,KANIKI,02102042003,,Urban,92,467,init1,,OKAY,,,2025-01-16 22:40:56.053000000,2025-01-16 22:40:56.053000000,169
635,CO099,2748LF,,,CO,02,COPPERBELT,0210,NDOLA,02102,CHIFUBU,0210204,KANIKI,02102042005,,Urban,178,736,init1,,OKAY,,,2025-01-16 22:40:56.053000000,2025-01-16 22:40:56.053000000,169
636,CO098,2748LF,,,CO,02,COPPERBELT,0210,NDOLA,02102,CHIFUBU,0210204,KANIKI,02102042008,,Urban,142,672,init1,,OKAY,,,2025-01-16 22:40:56.053000000,2025-01-16 22:40:56.053000000,169
637,CO097,2748LF,,,CO,02,COPPERBELT,0210,NDOLA,02102,CHIFUBU,0210204,KANIKI,02102042010,,Urban,160,715,init1,,OKAY,,,2025-01-16 22:40:56.053000000,2025-01-16 22:40:56.053000000,169
638,CO096,2748LF,,,CO,02,COPPERBELT,0210,NDOLA,02102,CHIFUBU,0210204,KANIKI,02102042013,,Urban,63,302,init1,,OKAY,,,2025-01-16 22:40:56.053000000,2025-01-16 22:40:56.053000000,169
639,CO095,2748LF,,,CO,02,COPPERBELT,0210,NDOLA,02102,CHIFUBU,0210204,KANIKI,02102042015,,Urban,229,1019,init1,,OKAY,,,2025-01-16 22:40:56.053000000,2025-01-16 22:40:56.053000000,169
640,CO094,2748LF,,,CO,02,COPPERBELT,0210,NDOLA,02102,CHIFUBU,0210204,KANIKI,02102042018,,Urban,163,754,init1,,OKAY,,,2025-01-16 22:40:56.053000000,2025-01-16 22:40:56.053000000,169
641,CO093,2748LF,,,CO,02,COPPERBELT,0210,NDOLA,02102,CHIFUBU,0210204,KANIKI,02102042020,,Urban,137,726,init1,,OKAY,,,2025-01-16 22:40:56.053000000,2025-01-16 22:40:56.053000000,169
642,CO092,2748LF,,,CO,02,COPPERBELT,0210,NDOLA,02102,CHIFUBU,0210204,KANIKI,02102042023,,Urban,103,409,init1,,OKAY,,,2025-01-16 22:40:56.053000000,2025-01-16 22:40:56.053000000,169
643,CO091,2748LF,,,CO,02,COPPERBELT,0210,NDOLA,02102,CHIFUBU,0210204,KANIKI,02102042025,,Urban,148,813,init1,,OKAY,,,2025-01-16 22:40:56.053000000,2025-01-16 22:40:56.053000000,169
644,CO090,1715JA,,,CO,02,COPPERBELT,0210,NDOLA,02102,CHIFUBU,0210206,KAWAMA,02102062003,,Urban,147,704,init1,,OKAY,,,2025-01-16 22:40:56.053000000,2025-01-16 22:40:56.053000000,148
645,CO089,1715JA,,,CO,02,COPPERBELT,0210,NDOLA,02102,CHIFUBU,0210206,KAWAMA,02102062006,,Urban,138,644,init1,,OKAY,,,2025-01-16 22:40:56.053000000,2025-01-16 22:40:56.053000000,148
646,CO088,1715JA,,,CO,02,COPPERBELT,0210,NDOLA,02102,CHIFUBU,0210206,KAWAMA,02102062009,,Urban,158,751,init1,,OKAY,,,2025-01-16 22:40:56.053000000,2025-01-16 22:40:56.053000000,148
647,CO087,1715JA,,,CO,02,COPPERBELT,0210,NDOLA,02102,CHIFUBU,0210206,KAWAMA,02102062012,,Urban,143,671,init1,,OKAY,,,2025-01-16 22:40:56.053000000,2025-01-16 22:40:56.053000000,148
648,CO086,1715JA,,,CO,02,COPPERBELT,0210,NDOLA,02102,CHIFUBU,0210206,KAWAMA,02102062016,,Urban,214,1148,init1,,OKAY,,,2025-01-16 22:40:56.053000000,2025-01-16 22:40:56.053000000,148
649,CO085,1715JA,,,CO,02,COPPERBELT,0210,NDOLA,02102,CHIFUBU,0210206,KAWAMA,02102062019,,Urban,157,861,init1,,OKAY,,,2025-01-16 22:40:56.053000000,2025-01-16 22:40:56.053000000,148
650,CO084,1715JA,,,CO,02,COPPERBELT,0210,NDOLA,02102,CHIFUBU,0210206,KAWAMA,02102062022,,Urban,151,745,init1,,OKAY,,,2025-01-16 22:40:56.053000000,2025-01-16 22:40:56.053000000,148
651,CO083,1715JA,,,CO,02,COPPERBELT,0210,NDOLA,02102,CHIFUBU,0210206,KAWAMA,02102062025,,Urban,142,630,init1,,OKAY,,,2025-01-16 22:40:56.053000000,2025-01-16 22:40:56.053000000,148
652,CO082,1715JA,,,CO,02,COPPERBELT,0210,NDOLA,02102,CHIFUBU,0210206,KAWAMA,02102062028,,Urban,129,665,init1,,OKAY,,,2025-01-16 22:40:56.053000000,2025-01-16 22:40:56.053000000,148
653,CO081,1715JA,,,CO,02,COPPERBELT,0210,NDOLA,02102,CHIFUBU,0210206,KAWAMA,02102062032,,Urban,114,460,init1,,OKAY,,,2025-01-16 22:40:56.053000000,2025-01-16 22:40:56.053000000,148
654,CO080,3165NB,,,CO,02,COPPERBELT,0210,NDOLA,02102,CHIFUBU,0210207,PAMODZI,02102072003,,Urban,210,1028,init1,,OKAY,,,2025-01-16 22:40:56.053000000,2025-01-16 22:40:56.053000000,201
655,CO079,3165NB,,,CO,02,COPPERBELT,0210,NDOLA,02102,CHIFUBU,0210207,PAMODZI,02102072009,,Urban,123,620,init1,,OKAY,,,2025-01-16 22:40:56.053000000,2025-01-16 22:40:56.053000000,201
656,CO078,3165NB,,,CO,02,COPPERBELT,0210,NDOLA,02102,CHIFUBU,0210207,PAMODZI,02102072016,,Urban,161,868,init1,,OKAY,,,2025-01-16 22:40:56.053000000,2025-01-16 22:40:56.053000000,201
657,CO077,3165NB,,,CO,02,COPPERBELT,0210,NDOLA,02102,CHIFUBU,0210207,PAMODZI,02102072022,,Urban,213,1063,init1,,OKAY,,,2025-01-16 22:40:56.053000000,2025-01-16 22:40:56.053000000,201
658,CO076,3165NB,,,CO,02,COPPERBELT,0210,NDOLA,02102,CHIFUBU,0210207,PAMODZI,02102072029,,Urban,137,673,init1,,OKAY,,,2025-01-16 22:40:56.053000000,2025-01-16 22:40:56.053000000,201
659,CO075,3165NB,,,CO,02,COPPERBELT,0210,NDOLA,02102,CHIFUBU,0210207,PAMODZI,02102072035,,Urban,163,817,init1,,OKAY,,,2025-01-16 22:40:56.053000000,2025-01-16 22:40:56.053000000,201
660,CO074,3165NB,,,CO,02,COPPERBELT,0210,NDOLA,02102,CHIFUBU,0210207,PAMODZI,02102072042,,Urban,172,838,init1,,OKAY,,,2025-01-16 22:40:56.053000000,2025-01-16 22:40:56.053000000,201
661,CO073,3165NB,,,CO,02,COPPERBELT,0210,NDOLA,02102,CHIFUBU,0210207,PAMODZI,02102072048,,Urban,144,663,init1,,OKAY,,,2025-01-16 22:40:56.053000000,2025-01-16 22:40:56.053000000,201
662,CO072,3165NB,,,CO,02,COPPERBELT,0210,NDOLA,02102,CHIFUBU,0210207,PAMODZI,02102072055,,Urban,148,768,init1,,OKAY,,,2025-01-16 22:40:56.053000000,2025-01-16 22:40:56.053000000,201
663,CO071,3165NB,,,CO,02,COPPERBELT,0210,NDOLA,02102,CHIFUBU,0210207,PAMODZI,02102072061,,Urban,162,790,init1,,OKAY,,,2025-01-16 22:40:56.053000000,2025-01-16 22:40:56.053000000,201
664,CO020,1882BF,,,CO,02,COPPERBELT,0210,NDOLA,02104,KABUSHI,0210402,KAFUBU,02104022001,,Urban,122,613,init1,,OKAY,,,2025-01-16 22:40:56.053000000,2025-01-16 22:40:56.053000000,90
665,CO019,1882BF,,,CO,02,COPPERBELT,0210,NDOLA,02104,KABUSHI,0210402,KAFUBU,02104022002,,Urban,217,1123,init1,,OKAY,,,2025-01-16 22:40:56.053000000,2025-01-16 22:40:56.053000000,90
666,CO018,1882BF,,,CO,02,COPPERBELT,0210,NDOLA,02104,KABUSHI,0210402,KAFUBU,02104022004,,Urban,190,946,init1,,OKAY,,,2025-01-16 22:40:56.053000000,2025-01-16 22:40:56.053000000,90
667,CO017,1882BF,,,CO,02,COPPERBELT,0210,NDOLA,02104,KABUSHI,0210402,KAFUBU,02104022005,,Urban,229,1059,init1,,OKAY,,,2025-01-16 22:40:56.053000000,2025-01-16 22:40:56.053000000,90
668,CO016,1882BF,,,CO,02,COPPERBELT,0210,NDOLA,02104,KABUSHI,0210402,KAFUBU,02104022006,,Urban,214,849,init1,,OKAY,,,2025-01-16 22:40:56.053000000,2025-01-16 22:40:56.053000000,90
669,CO015,1882BF,,,CO,02,COPPERBELT,0210,NDOLA,02104,KABUSHI,0210402,KAFUBU,02104022007,,Urban,170,832,init1,,OKAY,,,2025-01-16 22:40:56.053000000,2025-01-16 22:40:56.053000000,90
670,CO014,1882BF,,,CO,02,COPPERBELT,0210,NDOLA,02104,KABUSHI,0210402,KAFUBU,02104022008,,Urban,133,762,init1,,OKAY,,,2025-01-16 22:40:56.053000000,2025-01-16 22:40:56.053000000,90
671,CO013,1882BF,,,CO,02,COPPERBELT,0210,NDOLA,02104,KABUSHI,0210402,KAFUBU,02104022010,,Urban,225,1016,init1,,OKAY,,,2025-01-16 22:40:56.053000000,2025-01-16 22:40:56.053000000,90
672,CO012,1882BF,,,CO,02,COPPERBELT,0210,NDOLA,02104,KABUSHI,0210402,KAFUBU,02104022011,,Urban,184,759,init1,,OKAY,,,2025-01-16 22:40:56.053000000,2025-01-16 22:40:56.053000000,90
673,CO011,1882BF,,,CO,02,COPPERBELT,0210,NDOLA,02104,KABUSHI,0210402,KAFUBU,02104022012,,Urban,214,1080,init1,,OKAY,,,2025-01-16 22:40:56.053000000,2025-01-16 22:40:56.053000000,90
674,CO010,1049TM,,,CO,02,COPPERBELT,0210,NDOLA,02104,KABUSHI,0210406,MUKUBA,02104062001,,Urban,222,1178,init1,,OKAY,,,2025-01-16 22:40:56.053000000,2025-01-16 22:40:56.053000000,127
675,CO009,1049TM,,,CO,02,COPPERBELT,0210,NDOLA,02104,KABUSHI,0210406,MUKUBA,02104062003,,Urban,163,782,init1,,OKAY,,,2025-01-16 22:40:56.053000000,2025-01-16 22:40:56.053000000,127
676,CO008,1049TM,,,CO,02,COPPERBELT,0210,NDOLA,02104,KABUSHI,0210406,MUKUBA,02104062004,,Urban,177,760,init1,,OKAY,,,2025-01-16 22:40:56.053000000,2025-01-16 22:40:56.053000000,127
677,CO007,1049TM,,,CO,02,COPPERBELT,0210,NDOLA,02104,KABUSHI,0210406,MUKUBA,02104062006,,Urban,147,737,init1,,OKAY,,,2025-01-16 22:40:56.053000000,2025-01-16 22:40:56.053000000,127
678,CO006,1049TM,,,CO,02,COPPERBELT,0210,NDOLA,02104,KABUSHI,0210406,MUKUBA,02104062008,,Urban,120,622,init1,,OKAY,,,2025-01-16 22:40:56.053000000,2025-01-16 22:40:56.053000000,127
679,CO005,1049TM,,,CO,02,COPPERBELT,0210,NDOLA,02104,KABUSHI,0210406,MUKUBA,02104062009,,Urban,203,967,init1,,OKAY,,,2025-01-16 22:40:56.053000000,2025-01-16 22:40:56.053000000,127
680,CO004,1049TM,,,CO,02,COPPERBELT,0210,NDOLA,02104,KABUSHI,0210406,MUKUBA,02104062011,,Urban,181,1012,init1,,OKAY,,,2025-01-16 22:40:56.053000000,2025-01-16 22:40:56.053000000,127
681,CO003,1049TM,,,CO,02,COPPERBELT,0210,NDOLA,02104,KABUSHI,0210406,MUKUBA,02104062012,,Urban,137,707,init1,,OKAY,,,2025-01-16 22:40:56.053000000,2025-01-16 22:40:56.053000000,127
682,CO002,1049TM,,,CO,02,COPPERBELT,0210,NDOLA,02104,KABUSHI,0210406,MUKUBA,02104062014,,Urban,201,820,init1,,OKAY,,,2025-01-16 22:40:56.053000000,2025-01-16 22:40:56.053000000,127
683,CO001,1049TM,,,CO,02,COPPERBELT,0210,NDOLA,02104,KABUSHI,0210406,MUKUBA,02104062016,,Urban,166,790,init1,,OKAY,,,2025-01-16 22:40:56.053000000,2025-01-16 22:40:56.053000000,127
684,CO070,1034BT,,,CO,02,COPPERBELT,0210,NDOLA,02103,NDOLA CENTRAL,0210301,DAG HAMMERS JOELD,02103012002,,Urban,194,892,init1,,OKAY,,,2025-01-16 22:40:56.053000000,2025-01-16 22:40:56.053000000,21
685,CO069,1034BT,,,CO,02,COPPERBELT,0210,NDOLA,02103,NDOLA CENTRAL,0210301,DAG HAMMERS JOELD,02103012006,,Urban,109,434,init1,,OKAY,,,2025-01-16 22:40:56.053000000,2025-01-16 22:40:56.053000000,21
686,CO068,1034BT,,,CO,02,COPPERBELT,0210,NDOLA,02103,NDOLA CENTRAL,0210301,DAG HAMMERS JOELD,02103012010,,Urban,170,675,init1,,OKAY,,,2025-01-16 22:40:56.053000000,2025-01-16 22:40:56.053000000,21
687,CO067,1034BT,,,CO,02,COPPERBELT,0210,NDOLA,02103,NDOLA CENTRAL,0210301,DAG HAMMERS JOELD,02103012014,,Urban,193,788,init1,,OKAY,,,2025-01-16 22:40:56.053000000,2025-01-16 22:40:56.053000000,21
688,CO066,1034BT,,,CO,02,COPPERBELT,0210,NDOLA,02103,NDOLA CENTRAL,0210301,DAG HAMMERS JOELD,02103012018,,Urban,124,639,init1,,OKAY,,,2025-01-16 22:40:56.053000000,2025-01-16 22:40:56.053000000,21
689,CO065,1034BT,,,CO,02,COPPERBELT,0210,NDOLA,02103,NDOLA CENTRAL,0210301,DAG HAMMERS JOELD,02103012022,,Urban,141,564,init1,,OKAY,,,2025-01-16 22:40:56.053000000,2025-01-16 22:40:56.053000000,21
690,CO064,1034BT,,,CO,02,COPPERBELT,0210,NDOLA,02103,NDOLA CENTRAL,0210301,DAG HAMMERS JOELD,02103012026,,Urban,129,517,init1,,OKAY,,,2025-01-16 22:40:56.053000000,2025-01-16 22:40:56.053000000,21
691,CO063,1034BT,,,CO,02,COPPERBELT,0210,NDOLA,02103,NDOLA CENTRAL,0210301,DAG HAMMERS JOELD,02103012030,,Urban,224,991,init1,,OKAY,,,2025-01-16 22:40:56.053000000,2025-01-16 22:40:56.053000000,21
692,CO062,1034BT,,,CO,02,COPPERBELT,0210,NDOLA,02103,NDOLA CENTRAL,0210301,DAG HAMMERS JOELD,02103012034,,Urban,131,511,init1,,OKAY,,,2025-01-16 22:40:56.053000000,2025-01-16 22:40:56.053000000,21
693,CO061,1034BT,,,CO,02,COPPERBELT,0210,NDOLA,02103,NDOLA CENTRAL,0210301,DAG HAMMERS JOELD,02103012039,,Urban,105,518,init1,,OKAY,,,2025-01-16 22:40:56.053000000,2025-01-16 22:40:56.053000000,21
694,CO060,1602ER,,,CO,02,COPPERBELT,0210,NDOLA,02103,NDOLA CENTRAL,0210304,MAPALO,02103042005,,Urban,139,674,init1,,OKAY,,,2025-01-16 22:40:56.053000000,2025-01-16 22:40:56.053000000,214
695,CO059,1602ER,,,CO,02,COPPERBELT,0210,NDOLA,02103,NDOLA CENTRAL,0210304,MAPALO,02103042012,,Urban,105,463,init1,,OKAY,,,2025-01-16 22:40:56.053000000,2025-01-16 22:40:56.053000000,214
696,CO058,1602ER,,,CO,02,COPPERBELT,0210,NDOLA,02103,NDOLA CENTRAL,0210304,MAPALO,02103042019,,Urban,139,724,init1,,OKAY,,,2025-01-16 22:40:56.053000000,2025-01-16 22:40:56.053000000,214
697,CO057,1602ER,,,CO,02,COPPERBELT,0210,NDOLA,02103,NDOLA CENTRAL,0210304,MAPALO,02103042027,,Urban,120,557,init1,,OKAY,,,2025-01-16 22:40:56.053000000,2025-01-16 22:40:56.053000000,214
698,CO056,1602ER,,,CO,02,COPPERBELT,0210,NDOLA,02103,NDOLA CENTRAL,0210304,MAPALO,02103042034,,Urban,110,484,init1,,OKAY,,,2025-01-16 22:40:56.053000000,2025-01-16 22:40:56.053000000,214
699,CO055,1602ER,,,CO,02,COPPERBELT,0210,NDOLA,02103,NDOLA CENTRAL,0210304,MAPALO,02103042042,,Urban,184,926,init1,,OKAY,,,2025-01-16 22:40:56.053000000,2025-01-16 22:40:56.053000000,214
700,CO054,1602ER,,,CO,02,COPPERBELT,0210,NDOLA,02103,NDOLA CENTRAL,0210304,MAPALO,02103042049,,Urban,119,555,init1,,OKAY,,,2025-01-16 22:40:56.053000000,2025-01-16 22:40:56.053000000,214
701,CO053,1602ER,,,CO,02,COPPERBELT,0210,NDOLA,02103,NDOLA CENTRAL,0210304,MAPALO,02103042056,,Urban,116,531,init1,,OKAY,,,2025-01-16 22:40:56.053000000,2025-01-16 22:40:56.053000000,214
702,CO052,1602ER,,,CO,02,COPPERBELT,0210,NDOLA,02103,NDOLA CENTRAL,0210304,MAPALO,02103042064,,Urban,109,455,init1,,OKAY,,,2025-01-16 22:40:56.053000000,2025-01-16 22:40:56.053000000,214
703,CO051,1602ER,,,CO,02,COPPERBELT,0210,NDOLA,02103,NDOLA CENTRAL,0210304,MAPALO,02103042071,,Urban,71,377,init1,,OKAY,,,2025-01-16 22:40:56.053000000,2025-01-16 22:40:56.053000000,214
704,CO050,1790NL,,,CO,02,COPPERBELT,0210,NDOLA,02103,NDOLA CENTRAL,0210305,NKWAZI,02103052004,,Urban,157,725,init1,,OKAY,,,2025-01-16 22:40:56.053000000,2025-01-16 22:40:56.053000000,99
705,CO049,1790NL,,,CO,02,COPPERBELT,0210,NDOLA,02103,NDOLA CENTRAL,0210305,NKWAZI,02103052007,,Urban,182,823,init1,,OKAY,,,2025-01-16 22:40:56.053000000,2025-01-16 22:40:56.053000000,99
706,CO048,1790NL,,,CO,02,COPPERBELT,0210,NDOLA,02103,NDOLA CENTRAL,0210305,NKWAZI,02103052011,,Urban,159,649,init1,,OKAY,,,2025-01-16 22:40:56.053000000,2025-01-16 22:40:56.053000000,99
707,CO047,1790NL,,,CO,02,COPPERBELT,0210,NDOLA,02103,NDOLA CENTRAL,0210305,NKWAZI,02103052015,,Urban,193,917,init1,,OKAY,,,2025-01-16 22:40:56.053000000,2025-01-16 22:40:56.053000000,99
708,CO046,1790NL,,,CO,02,COPPERBELT,0210,NDOLA,02103,NDOLA CENTRAL,0210305,NKWAZI,02103052019,,Urban,165,756,init1,,OKAY,,,2025-01-16 22:40:56.053000000,2025-01-16 22:40:56.053000000,99
709,CO045,1790NL,,,CO,02,COPPERBELT,0210,NDOLA,02103,NDOLA CENTRAL,0210305,NKWAZI,02103052022,,Urban,111,507,init1,,OKAY,,,2025-01-16 22:40:56.053000000,2025-01-16 22:40:56.053000000,99
710,CO044,1790NL,,,CO,02,COPPERBELT,0210,NDOLA,02103,NDOLA CENTRAL,0210305,NKWAZI,02103052026,,Urban,182,871,init1,,OKAY,,,2025-01-16 22:40:56.053000000,2025-01-16 22:40:56.053000000,99
711,CO043,1790NL,,,CO,02,COPPERBELT,0210,NDOLA,02103,NDOLA CENTRAL,0210305,NKWAZI,02103052030,,Urban,186,787,init1,,OKAY,,,2025-01-16 22:40:56.053000000,2025-01-16 22:40:56.053000000,99
712,CO042,1790NL,,,CO,02,COPPERBELT,0210,NDOLA,02103,NDOLA CENTRAL,0210305,NKWAZI,02103052033,,Urban,99,466,init1,,OKAY,,,2025-01-16 22:40:56.053000000,2025-01-16 22:40:56.053000000,99
713,CO041,1790NL,,,CO,02,COPPERBELT,0210,NDOLA,02103,NDOLA CENTRAL,0210305,NKWAZI,02103052037,,Urban,122,552,init1,,OKAY,,,2025-01-16 22:40:56.053000000,2025-01-16 22:40:56.053000000,99
714,CO040,1003ZM,,,CO,02,COPPERBELT,0210,NDOLA,02103,NDOLA CENTRAL,0210306,TWAPIA,02103062004,,Urban,128,563,init1,,OKAY,,,2025-01-16 22:40:56.053000000,2025-01-16 22:40:56.053000000,2
715,CO039,1003ZM,,,CO,02,COPPERBELT,0210,NDOLA,02103,NDOLA CENTRAL,0210306,TWAPIA,02103062010,,Urban,118,542,init1,,OKAY,,,2025-01-16 22:40:56.053000000,2025-01-16 22:40:56.053000000,2
716,CO038,1003ZM,,,CO,02,COPPERBELT,0210,NDOLA,02103,NDOLA CENTRAL,0210306,TWAPIA,02103062015,,Urban,157,713,init1,,OKAY,,,2025-01-16 22:40:56.053000000,2025-01-16 22:40:56.053000000,2
717,CO037,1003ZM,,,CO,02,COPPERBELT,0210,NDOLA,02103,NDOLA CENTRAL,0210306,TWAPIA,02103062021,,Urban,138,676,init1,,OKAY,,,2025-01-16 22:40:56.053000000,2025-01-16 22:40:56.053000000,2
718,CO036,1003ZM,,,CO,02,COPPERBELT,0210,NDOLA,02103,NDOLA CENTRAL,0210306,TWAPIA,02103062027,,Urban,161,775,init1,,OKAY,,,2025-01-16 22:40:56.053000000,2025-01-16 22:40:56.053000000,2
719,CO035,1003ZM,,,CO,02,COPPERBELT,0210,NDOLA,02103,NDOLA CENTRAL,0210306,TWAPIA,02103062033,,Urban,129,643,init1,,OKAY,,,2025-01-16 22:40:56.053000000,2025-01-16 22:40:56.053000000,2
720,CO034,1003ZM,,,CO,02,COPPERBELT,0210,NDOLA,02103,NDOLA CENTRAL,0210306,TWAPIA,02103062039,,Urban,128,748,init1,,OKAY,,,2025-01-16 22:40:56.053000000,2025-01-16 22:40:56.053000000,2
721,CO033,1003ZM,,,CO,02,COPPERBELT,0210,NDOLA,02103,NDOLA CENTRAL,0210306,TWAPIA,02103062044,,Urban,169,854,init1,,OKAY,,,2025-01-16 22:40:56.053000000,2025-01-16 22:40:56.053000000,2
722,CO032,1003ZM,,,CO,02,COPPERBELT,0210,NDOLA,02103,NDOLA CENTRAL,0210306,TWAPIA,02103062050,,Urban,158,778,init1,,OKAY,,,2025-01-16 22:40:56.053000000,2025-01-16 22:40:56.053000000,2
723,CO031,1003ZM,,,CO,02,COPPERBELT,0210,NDOLA,02103,NDOLA CENTRAL,0210306,TWAPIA,02103062056,,Urban,99,482,init1,,OKAY,,,2025-01-16 22:40:56.053000000,2025-01-16 22:40:56.053000000,2
724,CO030,2368AT,,,CO,02,COPPERBELT,0210,NDOLA,02103,NDOLA CENTRAL,0210307,YENGWE,02103072002,,Urban,107,553,init1,,OKAY,,,2025-01-16 22:40:56.053000000,2025-01-16 22:40:56.053000000,100
725,CO029,2368AT,,,CO,02,COPPERBELT,0210,NDOLA,02103,NDOLA CENTRAL,0210307,YENGWE,02103072004,,Urban,171,583,init1,,OKAY,,,2025-01-16 22:40:56.053000000,2025-01-16 22:40:56.053000000,100
726,CO028,2368AT,,,CO,02,COPPERBELT,0210,NDOLA,02103,NDOLA CENTRAL,0210307,YENGWE,02103072006,,Urban,169,796,init1,,OKAY,,,2025-01-16 22:40:56.053000000,2025-01-16 22:40:56.053000000,100
727,CO027,2368AT,,,CO,02,COPPERBELT,0210,NDOLA,02103,NDOLA CENTRAL,0210307,YENGWE,02103072009,,Urban,127,492,init1,,OKAY,,,2025-01-16 22:40:56.053000000,2025-01-16 22:40:56.053000000,100
728,CO026,2368AT,,,CO,02,COPPERBELT,0210,NDOLA,02103,NDOLA CENTRAL,0210307,YENGWE,02103072011,,Urban,152,504,init1,,OKAY,,,2025-01-16 22:40:56.053000000,2025-01-16 22:40:56.053000000,100
729,CO025,2368AT,,,CO,02,COPPERBELT,0210,NDOLA,02103,NDOLA CENTRAL,0210307,YENGWE,02103072014,,Urban,184,630,init1,,OKAY,,,2025-01-16 22:40:56.053000000,2025-01-16 22:40:56.053000000,100
730,CO024,2368AT,,,CO,02,COPPERBELT,0210,NDOLA,02103,NDOLA CENTRAL,0210307,YENGWE,02103072016,,Urban,122,437,init1,,OKAY,,,2025-01-16 22:40:56.053000000,2025-01-16 22:40:56.053000000,100
731,CO023,2368AT,,,CO,02,COPPERBELT,0210,NDOLA,02103,NDOLA CENTRAL,0210307,YENGWE,02103072018,,Urban,152,623,init1,,OKAY,,,2025-01-16 22:40:56.053000000,2025-01-16 22:40:56.053000000,100
732,CO022,2368AT,,,CO,02,COPPERBELT,0210,NDOLA,02103,NDOLA CENTRAL,0210307,YENGWE,02103072021,,Urban,184,886,init1,,OKAY,,,2025-01-16 22:40:56.053000000,2025-01-16 22:40:56.053000000,100
733,CO021,2368AT,,,CO,02,COPPERBELT,0210,NDOLA,02103,NDOLA CENTRAL,0210307,YENGWE,02103072023,,Urban,75,275,init1,,OKAY,,,2025-01-16 22:40:56.053000000,2025-01-16 22:40:56.053000000,100
734,EA210,1190JK,,,EA,03,EASTERN,0305,CHIPATA,03051,CHIPATA CENTRAL,0305101,DILIKA,03051011031,,Rural,81,428,init1,,OKAY,,,2025-01-16 22:40:56.053000000,2025-01-16 22:40:56.053000000,6
735,EA209,1190JK,,,EA,03,EASTERN,0305,CHIPATA,03051,CHIPATA CENTRAL,0305101,DILIKA,03051012004,,Urban,205,879,init1,,OKAY,,,2025-01-16 22:40:56.053000000,2025-01-16 22:40:56.053000000,6
736,EA208,1190JK,,,EA,03,EASTERN,0305,CHIPATA,03051,CHIPATA CENTRAL,0305101,DILIKA,03051012013,,Urban,210,854,init1,,OKAY,,,2025-01-16 22:40:56.053000000,2025-01-16 22:40:56.053000000,6
737,EA207,1190JK,,,EA,03,EASTERN,0305,CHIPATA,03051,CHIPATA CENTRAL,0305101,DILIKA,03051012023,,Urban,100,486,init1,,OKAY,,,2025-01-16 22:40:56.053000000,2025-01-16 22:40:56.053000000,6
738,EA206,1190JK,,,EA,03,EASTERN,0305,CHIPATA,03051,CHIPATA CENTRAL,0305101,DILIKA,03051012040,,Urban,167,717,init1,,OKAY,,,2025-01-16 22:40:56.053000000,2025-01-16 22:40:56.053000000,6
739,EA205,1190JK,,,EA,03,EASTERN,0305,CHIPATA,03051,CHIPATA CENTRAL,0305101,DILIKA,03051012050,,Urban,121,593,init1,,OKAY,,,2025-01-16 22:40:56.053000000,2025-01-16 22:40:56.053000000,6
740,EA204,1190JK,,,EA,03,EASTERN,0305,CHIPATA,03051,CHIPATA CENTRAL,0305101,DILIKA,03051012062,,Urban,141,717,init1,,OKAY,,,2025-01-16 22:40:56.053000000,2025-01-16 22:40:56.053000000,6
741,EA203,1190JK,,,EA,03,EASTERN,0305,CHIPATA,03051,CHIPATA CENTRAL,0305101,DILIKA,03051012072,,Urban,142,618,init1,,OKAY,,,2025-01-16 22:40:56.053000000,2025-01-16 22:40:56.053000000,6
742,EA202,1190JK,,,EA,03,EASTERN,0305,CHIPATA,03051,CHIPATA CENTRAL,0305101,DILIKA,03051012081,,Urban,175,864,init1,,OKAY,,,2025-01-16 22:40:56.053000000,2025-01-16 22:40:56.053000000,6
743,EA201,1190JK,,,EA,03,EASTERN,0305,CHIPATA,03051,CHIPATA CENTRAL,0305101,DILIKA,03051012089,,Urban,110,454,init1,,OKAY,,,2025-01-16 22:40:56.053000000,2025-01-16 22:40:56.053000000,6
744,EA200,3152HL,,,EA,03,EASTERN,0305,CHIPATA,03051,CHIPATA CENTRAL,0305103,KAPATA,03051032001,,Urban,233,1005,init1,,OKAY,,,2025-01-16 22:40:56.053000000,2025-01-16 22:40:56.053000000,49
745,EA199,3152HL,,,EA,03,EASTERN,0305,CHIPATA,03051,CHIPATA CENTRAL,0305103,KAPATA,03051032009,,Urban,220,988,init1,,OKAY,,,2025-01-16 22:40:56.053000000,2025-01-16 22:40:56.053000000,49
746,EA198,3152HL,,,EA,03,EASTERN,0305,CHIPATA,03051,CHIPATA CENTRAL,0305103,KAPATA,03051032016,,Urban,201,991,init1,,OKAY,,,2025-01-16 22:40:56.053000000,2025-01-16 22:40:56.053000000,49
747,EA197,3152HL,,,EA,03,EASTERN,0305,CHIPATA,03051,CHIPATA CENTRAL,0305103,KAPATA,03051032024,,Urban,228,970,init1,,OKAY,,,2025-01-16 22:40:56.053000000,2025-01-16 22:40:56.053000000,49
748,EA196,3152HL,,,EA,03,EASTERN,0305,CHIPATA,03051,CHIPATA CENTRAL,0305103,KAPATA,03051032031,,Urban,150,643,init1,,OKAY,,,2025-01-16 22:40:56.053000000,2025-01-16 22:40:56.053000000,49
749,EA195,3152HL,,,EA,03,EASTERN,0305,CHIPATA,03051,CHIPATA CENTRAL,0305103,KAPATA,03051032039,,Urban,163,726,init1,,OKAY,,,2025-01-16 22:40:56.053000000,2025-01-16 22:40:56.053000000,49
750,EA194,3152HL,,,EA,03,EASTERN,0305,CHIPATA,03051,CHIPATA CENTRAL,0305103,KAPATA,03051032046,,Urban,197,969,init1,,OKAY,,,2025-01-16 22:40:56.053000000,2025-01-16 22:40:56.053000000,49
751,EA193,3152HL,,,EA,03,EASTERN,0305,CHIPATA,03051,CHIPATA CENTRAL,0305103,KAPATA,03051032054,,Urban,119,545,init1,,OKAY,,,2025-01-16 22:40:56.053000000,2025-01-16 22:40:56.053000000,49
752,EA192,3152HL,,,EA,03,EASTERN,0305,CHIPATA,03051,CHIPATA CENTRAL,0305103,KAPATA,03051032061,,Urban,181,814,init1,,OKAY,,,2025-01-16 22:40:56.053000000,2025-01-16 22:40:56.053000000,49
753,EA191,3152HL,,,EA,03,EASTERN,0305,CHIPATA,03051,CHIPATA CENTRAL,0305103,KAPATA,03051032069,,Urban,134,513,init1,,OKAY,,,2025-01-16 22:40:56.053000000,2025-01-16 22:40:56.053000000,49
754,EA190,2912RF,,,EA,03,EASTERN,0305,CHIPATA,03052,LUANGENI,0305201,CHIKANDO,03052011004,,Rural,82,367,init1,,OKAY,,,2025-01-16 22:40:56.053000000,2025-01-16 22:40:56.053000000,116
755,EA189,2912RF,,,EA,03,EASTERN,0305,CHIPATA,03052,LUANGENI,0305201,CHIKANDO,03052011009,,Rural,73,349,init1,,OKAY,,,2025-01-16 22:40:56.053000000,2025-01-16 22:40:56.053000000,116
756,EA188,2912RF,,,EA,03,EASTERN,0305,CHIPATA,03052,LUANGENI,0305201,CHIKANDO,03052011013,,Rural,104,517,init1,,OKAY,,,2025-01-16 22:40:56.053000000,2025-01-16 22:40:56.053000000,116
757,EA187,2912RF,,,EA,03,EASTERN,0305,CHIPATA,03052,LUANGENI,0305201,CHIKANDO,03052011018,,Rural,67,276,init1,,OKAY,,,2025-01-16 22:40:56.053000000,2025-01-16 22:40:56.053000000,116
758,EA186,2912RF,,,EA,03,EASTERN,0305,CHIPATA,03052,LUANGENI,0305201,CHIKANDO,03052011022,,Rural,125,531,init1,,OKAY,,,2025-01-16 22:40:56.053000000,2025-01-16 22:40:56.053000000,116
759,EA185,2912RF,,,EA,03,EASTERN,0305,CHIPATA,03052,LUANGENI,0305201,CHIKANDO,03052011027,,Rural,71,364,init1,,OKAY,,,2025-01-16 22:40:56.053000000,2025-01-16 22:40:56.053000000,116
760,EA184,2912RF,,,EA,03,EASTERN,0305,CHIPATA,03052,LUANGENI,0305201,CHIKANDO,03052011031,,Rural,95,475,init1,,OKAY,,,2025-01-16 22:40:56.053000000,2025-01-16 22:40:56.053000000,116
761,EA183,2912RF,,,EA,03,EASTERN,0305,CHIPATA,03052,LUANGENI,0305201,CHIKANDO,03052011036,,Rural,74,384,init1,,OKAY,,,2025-01-16 22:40:56.053000000,2025-01-16 22:40:56.053000000,116
762,EA182,2912RF,,,EA,03,EASTERN,0305,CHIPATA,03052,LUANGENI,0305201,CHIKANDO,03052011040,,Rural,130,684,init1,,OKAY,,,2025-01-16 22:40:56.053000000,2025-01-16 22:40:56.053000000,116
763,EA181,2912RF,,,EA,03,EASTERN,0305,CHIPATA,03052,LUANGENI,0305201,CHIKANDO,03052011045,,Rural,72,375,init1,,OKAY,,,2025-01-16 22:40:56.053000000,2025-01-16 22:40:56.053000000,116
764,EA180,2130EA,,,EA,03,EASTERN,0305,CHIPATA,03052,LUANGENI,0305204,MAKANGILA,03052041003,,Rural,100,469,init1,,OKAY,,,2025-01-16 22:40:56.053000000,2025-01-16 22:40:56.053000000,94
765,EA179,2130EA,,,EA,03,EASTERN,0305,CHIPATA,03052,LUANGENI,0305204,MAKANGILA,03052041006,,Rural,153,704,init1,,OKAY,,,2025-01-16 22:40:56.053000000,2025-01-16 22:40:56.053000000,94
766,EA178,2130EA,,,EA,03,EASTERN,0305,CHIPATA,03052,LUANGENI,0305204,MAKANGILA,03052041009,,Rural,94,465,init1,,OKAY,,,2025-01-16 22:40:56.053000000,2025-01-16 22:40:56.053000000,94
767,EA177,2130EA,,,EA,03,EASTERN,0305,CHIPATA,03052,LUANGENI,0305204,MAKANGILA,03052041012,,Rural,117,583,init1,,OKAY,,,2025-01-16 22:40:56.053000000,2025-01-16 22:40:56.053000000,94
768,EA176,2130EA,,,EA,03,EASTERN,0305,CHIPATA,03052,LUANGENI,0305204,MAKANGILA,03052041014,,Rural,113,544,init1,,OKAY,,,2025-01-16 22:40:56.053000000,2025-01-16 22:40:56.053000000,94
769,EA175,2130EA,,,EA,03,EASTERN,0305,CHIPATA,03052,LUANGENI,0305204,MAKANGILA,03052041017,,Rural,112,517,init1,,OKAY,,,2025-01-16 22:40:56.053000000,2025-01-16 22:40:56.053000000,94
770,EA174,2130EA,,,EA,03,EASTERN,0305,CHIPATA,03052,LUANGENI,0305204,MAKANGILA,03052041020,,Rural,123,496,init1,,OKAY,,,2025-01-16 22:40:56.053000000,2025-01-16 22:40:56.053000000,94
771,EA173,2130EA,,,EA,03,EASTERN,0305,CHIPATA,03052,LUANGENI,0305204,MAKANGILA,03052041023,,Rural,70,320,init1,,OKAY,,,2025-01-16 22:40:56.053000000,2025-01-16 22:40:56.053000000,94
772,EA172,2130EA,,,EA,03,EASTERN,0305,CHIPATA,03052,LUANGENI,0305204,MAKANGILA,03052041026,,Rural,104,549,init1,,OKAY,,,2025-01-16 22:40:56.053000000,2025-01-16 22:40:56.053000000,94
773,EA171,2130EA,,,EA,03,EASTERN,0305,CHIPATA,03052,LUANGENI,0305204,MAKANGILA,03052041029,,Rural,98,465,init1,,OKAY,,,2025-01-16 22:40:56.053000000,2025-01-16 22:40:56.053000000,94
774,EA170,3257BZ,,,EA,03,EASTERN,0305,CHIPATA,03052,LUANGENI,0305205,MWAMI,03052051001,,Rural,85,411,init1,,OKAY,,,2025-01-16 22:40:56.053000000,2025-01-16 22:40:56.053000000,220
775,EA169,3257BZ,,,EA,03,EASTERN,0305,CHIPATA,03052,LUANGENI,0305205,MWAMI,03052051003,,Rural,113,516,init1,,OKAY,,,2025-01-16 22:40:56.053000000,2025-01-16 22:40:56.053000000,220
776,EA168,3257BZ,,,EA,03,EASTERN,0305,CHIPATA,03052,LUANGENI,0305205,MWAMI,03052051005,,Rural,111,486,init1,,OKAY,,,2025-01-16 22:40:56.053000000,2025-01-16 22:40:56.053000000,220
777,EA167,3257BZ,,,EA,03,EASTERN,0305,CHIPATA,03052,LUANGENI,0305205,MWAMI,03052051007,,Rural,102,442,init1,,OKAY,,,2025-01-16 22:40:56.053000000,2025-01-16 22:40:56.053000000,220
778,EA166,3257BZ,,,EA,03,EASTERN,0305,CHIPATA,03052,LUANGENI,0305205,MWAMI,03052051009,,Rural,57,263,init1,,OKAY,,,2025-01-16 22:40:56.053000000,2025-01-16 22:40:56.053000000,220
779,EA165,3257BZ,,,EA,03,EASTERN,0305,CHIPATA,03052,LUANGENI,0305205,MWAMI,03052051011,,Rural,112,527,init1,,OKAY,,,2025-01-16 22:40:56.053000000,2025-01-16 22:40:56.053000000,220
780,EA164,3257BZ,,,EA,03,EASTERN,0305,CHIPATA,03052,LUANGENI,0305205,MWAMI,03052051013,,Rural,120,562,init1,,OKAY,,,2025-01-16 22:40:56.053000000,2025-01-16 22:40:56.053000000,220
781,EA163,3257BZ,,,EA,03,EASTERN,0305,CHIPATA,03052,LUANGENI,0305205,MWAMI,03052051015,,Rural,59,254,init1,,OKAY,,,2025-01-16 22:40:56.053000000,2025-01-16 22:40:56.053000000,220
782,EA162,3257BZ,,,EA,03,EASTERN,0305,CHIPATA,03052,LUANGENI,0305205,MWAMI,03052051017,,Rural,126,523,init1,,OKAY,,,2025-01-16 22:40:56.053000000,2025-01-16 22:40:56.053000000,220
783,EA161,3257BZ,,,EA,03,EASTERN,0305,CHIPATA,03052,LUANGENI,0305205,MWAMI,03052051019,,Rural,78,307,init1,,OKAY,,,2025-01-16 22:40:56.053000000,2025-01-16 22:40:56.053000000,220
784,EA160,1459NE,,,EA,03,EASTERN,0308,LUMEZI,03081,LUMEZI,0308103,DIWA,03081031003,,Rural,69,339,init1,,OKAY,,,2025-01-16 22:40:56.053000000,2025-01-16 22:40:56.053000000,45
785,EA159,1459NE,,,EA,03,EASTERN,0308,LUMEZI,03081,LUMEZI,0308103,DIWA,03081031007,,Rural,69,378,init1,,OKAY,,,2025-01-16 22:40:56.053000000,2025-01-16 22:40:56.053000000,45
786,EA158,1459NE,,,EA,03,EASTERN,0308,LUMEZI,03081,LUMEZI,0308103,DIWA,03081031011,,Rural,104,564,init1,,OKAY,,,2025-01-16 22:40:56.053000000,2025-01-16 22:40:56.053000000,45
787,EA157,1459NE,,,EA,03,EASTERN,0308,LUMEZI,03081,LUMEZI,0308103,DIWA,03081031015,,Rural,54,261,init1,,OKAY,,,2025-01-16 22:40:56.053000000,2025-01-16 22:40:56.053000000,45
788,EA156,1459NE,,,EA,03,EASTERN,0308,LUMEZI,03081,LUMEZI,0308103,DIWA,03081031019,,Rural,74,379,init1,,OKAY,,,2025-01-16 22:40:56.053000000,2025-01-16 22:40:56.053000000,45
789,EA155,1459NE,,,EA,03,EASTERN,0308,LUMEZI,03081,LUMEZI,0308103,DIWA,03081031023,,Rural,108,568,init1,,OKAY,,,2025-01-16 22:40:56.053000000,2025-01-16 22:40:56.053000000,45
790,EA154,1459NE,,,EA,03,EASTERN,0308,LUMEZI,03081,LUMEZI,0308103,DIWA,03081031027,,Rural,83,457,init1,,OKAY,,,2025-01-16 22:40:56.053000000,2025-01-16 22:40:56.053000000,45
791,EA153,1459NE,,,EA,03,EASTERN,0308,LUMEZI,03081,LUMEZI,0308103,DIWA,03081031031,,Rural,87,483,init1,,OKAY,,,2025-01-16 22:40:56.053000000,2025-01-16 22:40:56.053000000,45
792,EA152,1459NE,,,EA,03,EASTERN,0308,LUMEZI,03081,LUMEZI,0308103,DIWA,03081031035,,Rural,72,376,init1,,OKAY,,,2025-01-16 22:40:56.053000000,2025-01-16 22:40:56.053000000,45
793,EA151,1459NE,,,EA,03,EASTERN,0308,LUMEZI,03081,LUMEZI,0308103,DIWA,03081031039,,Rural,109,576,init1,,OKAY,,,2025-01-16 22:40:56.053000000,2025-01-16 22:40:56.053000000,45
794,EA150,1459NE,,,EA,03,EASTERN,0308,LUMEZI,03081,LUMEZI,0308103,DIWA,03081031043,,Rural,87,416,init1,,OKAY,,,2025-01-16 22:40:56.053000000,2025-01-16 22:40:56.053000000,45
795,EA149,1459NE,,,EA,03,EASTERN,0308,LUMEZI,03081,LUMEZI,0308103,DIWA,03081031047,,Rural,64,319,init1,,OKAY,,,2025-01-16 22:40:56.053000000,2025-01-16 22:40:56.053000000,45
796,EA148,1459NE,,,EA,03,EASTERN,0308,LUMEZI,03081,LUMEZI,0308103,DIWA,03081031051,,Rural,88,431,init1,,OKAY,,,2025-01-16 22:40:56.053000000,2025-01-16 22:40:56.053000000,45
797,EA147,1459NE,,,EA,03,EASTERN,0308,LUMEZI,03081,LUMEZI,0308103,DIWA,03081031055,,Rural,117,619,init1,,OKAY,,,2025-01-16 22:40:56.053000000,2025-01-16 22:40:56.053000000,45
798,EA146,1459NE,,,EA,03,EASTERN,0308,LUMEZI,03081,LUMEZI,0308103,DIWA,03081031060,,Rural,124,772,init1,,OKAY,,,2025-01-16 22:40:56.053000000,2025-01-16 22:40:56.053000000,45
799,EA145,1459NE,,,EA,03,EASTERN,0308,LUMEZI,03081,LUMEZI,0308103,DIWA,03081031064,,Rural,75,392,init1,,OKAY,,,2025-01-16 22:40:56.053000000,2025-01-16 22:40:56.053000000,45
800,EA144,1459NE,,,EA,03,EASTERN,0308,LUMEZI,03081,LUMEZI,0308103,DIWA,03081031068,,Rural,67,367,init1,,OKAY,,,2025-01-16 22:40:56.053000000,2025-01-16 22:40:56.053000000,45
801,EA143,1459NE,,,EA,03,EASTERN,0308,LUMEZI,03081,LUMEZI,0308103,DIWA,03081031072,,Rural,63,322,init1,,OKAY,,,2025-01-16 22:40:56.053000000,2025-01-16 22:40:56.053000000,45
802,EA142,1459NE,,,EA,03,EASTERN,0308,LUMEZI,03081,LUMEZI,0308103,DIWA,03081031076,,Rural,87,439,init1,,OKAY,,,2025-01-16 22:40:56.053000000,2025-01-16 22:40:56.053000000,45
803,EA141,1459NE,,,EA,03,EASTERN,0308,LUMEZI,03081,LUMEZI,0308103,DIWA,03081031080,,Rural,60,433,init1,,OKAY,,,2025-01-16 22:40:56.053000000,2025-01-16 22:40:56.053000000,45
804,EA140,2936DR,,,EA,03,EASTERN,0308,LUMEZI,03081,LUMEZI,0308106,KAMIMBA,03081061004,,Rural,86,418,init1,,OKAY,,,2025-01-16 22:40:56.053000000,2025-01-16 22:40:56.053000000,165
805,EA139,2936DR,,,EA,03,EASTERN,0308,LUMEZI,03081,LUMEZI,0308106,KAMIMBA,03081061009,,Rural,68,365,init1,,OKAY,,,2025-01-16 22:40:56.053000000,2025-01-16 22:40:56.053000000,165
806,EA138,2936DR,,,EA,03,EASTERN,0308,LUMEZI,03081,LUMEZI,0308106,KAMIMBA,03081061013,,Rural,88,429,init1,,OKAY,,,2025-01-16 22:40:56.053000000,2025-01-16 22:40:56.053000000,165
807,EA137,2936DR,,,EA,03,EASTERN,0308,LUMEZI,03081,LUMEZI,0308106,KAMIMBA,03081061018,,Rural,52,246,init1,,OKAY,,,2025-01-16 22:40:56.053000000,2025-01-16 22:40:56.053000000,165
808,EA136,2936DR,,,EA,03,EASTERN,0308,LUMEZI,03081,LUMEZI,0308106,KAMIMBA,03081061023,,Rural,52,225,init1,,OKAY,,,2025-01-16 22:40:56.053000000,2025-01-16 22:40:56.053000000,165
809,EA135,2936DR,,,EA,03,EASTERN,0308,LUMEZI,03081,LUMEZI,0308106,KAMIMBA,03081061028,,Rural,52,263,init1,,OKAY,,,2025-01-16 22:40:56.053000000,2025-01-16 22:40:56.053000000,165
810,EA134,2936DR,,,EA,03,EASTERN,0308,LUMEZI,03081,LUMEZI,0308106,KAMIMBA,03081061033,,Rural,87,388,init1,,OKAY,,,2025-01-16 22:40:56.053000000,2025-01-16 22:40:56.053000000,165
811,EA133,2936DR,,,EA,03,EASTERN,0308,LUMEZI,03081,LUMEZI,0308106,KAMIMBA,03081061037,,Rural,91,436,init1,,OKAY,,,2025-01-16 22:40:56.053000000,2025-01-16 22:40:56.053000000,165
812,EA132,2936DR,,,EA,03,EASTERN,0308,LUMEZI,03081,LUMEZI,0308106,KAMIMBA,03081061042,,Rural,91,445,init1,,OKAY,,,2025-01-16 22:40:56.053000000,2025-01-16 22:40:56.053000000,165
813,EA131,2936DR,,,EA,03,EASTERN,0308,LUMEZI,03081,LUMEZI,0308106,KAMIMBA,03081061047,,Rural,68,288,init1,,OKAY,,,2025-01-16 22:40:56.053000000,2025-01-16 22:40:56.053000000,165
814,EA130,2319JJ,,,EA,03,EASTERN,0308,LUMEZI,03081,LUMEZI,0308109,LUKUSUZI,03081091001,,Rural,107,524,init1,,OKAY,,,2025-01-16 22:40:56.053000000,2025-01-16 22:40:56.053000000,69
815,EA129,2319JJ,,,EA,03,EASTERN,0308,LUMEZI,03081,LUMEZI,0308109,LUKUSUZI,03081091002,,Rural,106,507,init1,,OKAY,,,2025-01-16 22:40:56.053000000,2025-01-16 22:40:56.053000000,69
816,EA128,2319JJ,,,EA,03,EASTERN,0308,LUMEZI,03081,LUMEZI,0308109,LUKUSUZI,03081091004,,Rural,148,751,init1,,OKAY,,,2025-01-16 22:40:56.053000000,2025-01-16 22:40:56.053000000,69
817,EA127,2319JJ,,,EA,03,EASTERN,0308,LUMEZI,03081,LUMEZI,0308109,LUKUSUZI,03081091005,,Rural,115,613,init1,,OKAY,,,2025-01-16 22:40:56.053000000,2025-01-16 22:40:56.053000000,69
818,EA126,2319JJ,,,EA,03,EASTERN,0308,LUMEZI,03081,LUMEZI,0308109,LUKUSUZI,03081091007,,Rural,141,681,init1,,OKAY,,,2025-01-16 22:40:56.053000000,2025-01-16 22:40:56.053000000,69
819,EA125,2319JJ,,,EA,03,EASTERN,0308,LUMEZI,03081,LUMEZI,0308109,LUKUSUZI,03081091008,,Rural,136,613,init1,,OKAY,,,2025-01-16 22:40:56.053000000,2025-01-16 22:40:56.053000000,69
820,EA124,2319JJ,,,EA,03,EASTERN,0308,LUMEZI,03081,LUMEZI,0308109,LUKUSUZI,03081091009,,Rural,134,711,init1,,OKAY,,,2025-01-16 22:40:56.053000000,2025-01-16 22:40:56.053000000,69
821,EA123,2319JJ,,,EA,03,EASTERN,0308,LUMEZI,03081,LUMEZI,0308109,LUKUSUZI,03081091011,,Rural,93,441,init1,,OKAY,,,2025-01-16 22:40:56.053000000,2025-01-16 22:40:56.053000000,69
822,EA122,2319JJ,,,EA,03,EASTERN,0308,LUMEZI,03081,LUMEZI,0308109,LUKUSUZI,03081091012,,Rural,128,565,init1,,OKAY,,,2025-01-16 22:40:56.053000000,2025-01-16 22:40:56.053000000,69
823,EA121,2319JJ,,,EA,03,EASTERN,0308,LUMEZI,03081,LUMEZI,0308109,LUKUSUZI,03081091014,,Rural,131,687,init1,,OKAY,,,2025-01-16 22:40:56.053000000,2025-01-16 22:40:56.053000000,69
824,EA120,2393FT,,,EA,03,EASTERN,0308,LUMEZI,03081,LUMEZI,0308111,WACHITANGACHI,03081111002,,Rural,106,545,init1,,OKAY,,,2025-01-16 22:40:56.053000000,2025-01-16 22:40:56.053000000,84
825,EA119,2393FT,,,EA,03,EASTERN,0308,LUMEZI,03081,LUMEZI,0308111,WACHITANGACHI,03081111007,,Rural,93,435,init1,,OKAY,,,2025-01-16 22:40:56.053000000,2025-01-16 22:40:56.053000000,84
826,EA118,2393FT,,,EA,03,EASTERN,0308,LUMEZI,03081,LUMEZI,0308111,WACHITANGACHI,03081111013,,Rural,93,531,init1,,OKAY,,,2025-01-16 22:40:56.053000000,2025-01-16 22:40:56.053000000,84
827,EA117,2393FT,,,EA,03,EASTERN,0308,LUMEZI,03081,LUMEZI,0308111,WACHITANGACHI,03081111019,,Rural,76,384,init1,,OKAY,,,2025-01-16 22:40:56.053000000,2025-01-16 22:40:56.053000000,84
828,EA116,2393FT,,,EA,03,EASTERN,0308,LUMEZI,03081,LUMEZI,0308111,WACHITANGACHI,03081111025,,Rural,104,493,init1,,OKAY,,,2025-01-16 22:40:56.053000000,2025-01-16 22:40:56.053000000,84
829,EA115,2393FT,,,EA,03,EASTERN,0308,LUMEZI,03081,LUMEZI,0308111,WACHITANGACHI,03081111030,,Rural,112,512,init1,,OKAY,,,2025-01-16 22:40:56.053000000,2025-01-16 22:40:56.053000000,84
830,EA114,2393FT,,,EA,03,EASTERN,0308,LUMEZI,03081,LUMEZI,0308111,WACHITANGACHI,03081111036,,Rural,104,518,init1,,OKAY,,,2025-01-16 22:40:56.053000000,2025-01-16 22:40:56.053000000,84
831,EA113,2393FT,,,EA,03,EASTERN,0308,LUMEZI,03081,LUMEZI,0308111,WACHITANGACHI,03081111042,,Rural,160,763,init1,,OKAY,,,2025-01-16 22:40:56.053000000,2025-01-16 22:40:56.053000000,84
832,EA112,2393FT,,,EA,03,EASTERN,0308,LUMEZI,03081,LUMEZI,0308111,WACHITANGACHI,03081111047,,Rural,98,481,init1,,OKAY,,,2025-01-16 22:40:56.053000000,2025-01-16 22:40:56.053000000,84
833,EA111,2393FT,,,EA,03,EASTERN,0308,LUMEZI,03081,LUMEZI,0308111,WACHITANGACHI,03081111053,,Rural,49,218,init1,,VAST EA,,,2025-01-16 22:40:56.053000000,2025-01-16 22:40:56.053000000,84
834,EA110,1114EJ,,,EA,03,EASTERN,0312,NYIMBA,03121,NYIMBA,0312101,CHAMILALA,03121011002,,Rural,86,418,init1,,OKAY,,,2025-01-16 22:40:56.053000000,2025-01-16 22:40:56.053000000,137
835,EA109,1114EJ,,,EA,03,EASTERN,0312,NYIMBA,03121,NYIMBA,0312101,CHAMILALA,03121011003,,Rural,49,238,init1,,VAST EA,,,2025-01-16 22:40:56.053000000,2025-01-16 22:40:56.053000000,137
836,EA108,1114EJ,,,EA,03,EASTERN,0312,NYIMBA,03121,NYIMBA,0312101,CHAMILALA,03121011004,,Rural,82,442,init1,,OKAY,,,2025-01-16 22:40:56.053000000,2025-01-16 22:40:56.053000000,137
837,EA107,1114EJ,,,EA,03,EASTERN,0312,NYIMBA,03121,NYIMBA,0312101,CHAMILALA,03121011005,,Rural,114,577,init1,,OKAY,,,2025-01-16 22:40:56.053000000,2025-01-16 22:40:56.053000000,137
838,EA106,1114EJ,,,EA,03,EASTERN,0312,NYIMBA,03121,NYIMBA,0312101,CHAMILALA,03121011007,,Rural,56,303,init1,,OKAY,,,2025-01-16 22:40:56.053000000,2025-01-16 22:40:56.053000000,137
839,EA105,1114EJ,,,EA,03,EASTERN,0312,NYIMBA,03121,NYIMBA,0312101,CHAMILALA,03121011008,,Rural,97,469,init1,,OKAY,,,2025-01-16 22:40:56.053000000,2025-01-16 22:40:56.053000000,137
840,EA104,1114EJ,,,EA,03,EASTERN,0312,NYIMBA,03121,NYIMBA,0312101,CHAMILALA,03121011009,,Rural,57,305,init1,,OKAY,,,2025-01-16 22:40:56.053000000,2025-01-16 22:40:56.053000000,137
841,EA103,1114EJ,,,EA,03,EASTERN,0312,NYIMBA,03121,NYIMBA,0312101,CHAMILALA,03121011011,,Rural,85,380,init1,,OKAY,,,2025-01-16 22:40:56.053000000,2025-01-16 22:40:56.053000000,137
842,EA102,1114EJ,,,EA,03,EASTERN,0312,NYIMBA,03121,NYIMBA,0312101,CHAMILALA,03121011012,,Rural,96,483,init1,,OKAY,,,2025-01-16 22:40:56.053000000,2025-01-16 22:40:56.053000000,137
843,EA101,1114EJ,,,EA,03,EASTERN,0312,NYIMBA,03121,NYIMBA,0312101,CHAMILALA,03121011013,,Rural,118,614,init1,,OKAY,,,2025-01-16 22:40:56.053000000,2025-01-16 22:40:56.053000000,137
844,EA100,2218RK,,,EA,03,EASTERN,0312,NYIMBA,03121,NYIMBA,0312104,CHIWEZA,03121041001,,Rural,155,673,init1,,OKAY,,,2025-01-16 22:40:56.053000000,2025-01-16 22:40:56.053000000,35
845,EA099,2218RK,,,EA,03,EASTERN,0312,NYIMBA,03121,NYIMBA,0312104,CHIWEZA,03121041003,,Rural,61,292,init1,,OKAY,,,2025-01-16 22:40:56.053000000,2025-01-16 22:40:56.053000000,35
846,EA098,2218RK,,,EA,03,EASTERN,0312,NYIMBA,03121,NYIMBA,0312104,CHIWEZA,03121041005,,Rural,94,435,init1,,OKAY,,,2025-01-16 22:40:56.053000000,2025-01-16 22:40:56.053000000,35
847,EA097,2218RK,,,EA,03,EASTERN,0312,NYIMBA,03121,NYIMBA,0312104,CHIWEZA,03121041007,,Rural,72,379,init1,,OKAY,,,2025-01-16 22:40:56.053000000,2025-01-16 22:40:56.053000000,35
848,EA096,2218RK,,,EA,03,EASTERN,0312,NYIMBA,03121,NYIMBA,0312104,CHIWEZA,03121041008,,Rural,143,726,init1,,OKAY,,,2025-01-16 22:40:56.053000000,2025-01-16 22:40:56.053000000,35
849,EA095,2218RK,,,EA,03,EASTERN,0312,NYIMBA,03121,NYIMBA,0312104,CHIWEZA,03121041010,,Rural,85,408,init1,,OKAY,,,2025-01-16 22:40:56.053000000,2025-01-16 22:40:56.053000000,35
850,EA094,2218RK,,,EA,03,EASTERN,0312,NYIMBA,03121,NYIMBA,0312104,CHIWEZA,03121041012,,Rural,86,471,init1,,OKAY,,,2025-01-16 22:40:56.053000000,2025-01-16 22:40:56.053000000,35
851,EA093,2218RK,,,EA,03,EASTERN,0312,NYIMBA,03121,NYIMBA,0312104,CHIWEZA,03121041014,,Rural,103,519,init1,,OKAY,,,2025-01-16 22:40:56.053000000,2025-01-16 22:40:56.053000000,35
852,EA092,2218RK,,,EA,03,EASTERN,0312,NYIMBA,03121,NYIMBA,0312104,CHIWEZA,03121041016,,Rural,104,514,init1,,OKAY,,,2025-01-16 22:40:56.053000000,2025-01-16 22:40:56.053000000,35
853,EA091,2218RK,,,EA,03,EASTERN,0312,NYIMBA,03121,NYIMBA,0312104,CHIWEZA,03121041017,,Rural,72,311,init1,,OKAY,,,2025-01-16 22:40:56.053000000,2025-01-16 22:40:56.053000000,35
854,EA090,2207BP,,,EA,03,EASTERN,0312,NYIMBA,03121,NYIMBA,0312106,KATIPA,03121061001,,Rural,97,448,init1,,OKAY,,,2025-01-16 22:40:56.053000000,2025-01-16 22:40:56.053000000,182
855,EA089,2207BP,,,EA,03,EASTERN,0312,NYIMBA,03121,NYIMBA,0312106,KATIPA,03121061002,,Rural,54,276,init1,,OKAY,,,2025-01-16 22:40:56.053000000,2025-01-16 22:40:56.053000000,182
856,EA088,2207BP,,,EA,03,EASTERN,0312,NYIMBA,03121,NYIMBA,0312106,KATIPA,03121061004,,Rural,89,463,init1,,OKAY,,,2025-01-16 22:40:56.053000000,2025-01-16 22:40:56.053000000,182
857,EA087,2207BP,,,EA,03,EASTERN,0312,NYIMBA,03121,NYIMBA,0312106,KATIPA,03121061005,,Rural,65,302,init1,,OKAY,,,2025-01-16 22:40:56.053000000,2025-01-16 22:40:56.053000000,182
858,EA086,2207BP,,,EA,03,EASTERN,0312,NYIMBA,03121,NYIMBA,0312106,KATIPA,03121061007,,Rural,167,904,init1,,OKAY,,,2025-01-16 22:40:56.053000000,2025-01-16 22:40:56.053000000,182
859,EA085,2207BP,,,EA,03,EASTERN,0312,NYIMBA,03121,NYIMBA,0312106,KATIPA,03121061008,,Rural,93,505,init1,,OKAY,,,2025-01-16 22:40:56.053000000,2025-01-16 22:40:56.053000000,182
860,EA084,2207BP,,,EA,03,EASTERN,0312,NYIMBA,03121,NYIMBA,0312106,KATIPA,03121061010,,Rural,101,457,init1,,OKAY,,,2025-01-16 22:40:56.053000000,2025-01-16 22:40:56.053000000,182
861,EA083,2207BP,,,EA,03,EASTERN,0312,NYIMBA,03121,NYIMBA,0312106,KATIPA,03121061011,,Rural,66,347,init1,,OKAY,,,2025-01-16 22:40:56.053000000,2025-01-16 22:40:56.053000000,182
862,EA082,2207BP,,,EA,03,EASTERN,0312,NYIMBA,03121,NYIMBA,0312106,KATIPA,03121061013,,Rural,95,452,init1,,OKAY,,,2025-01-16 22:40:56.053000000,2025-01-16 22:40:56.053000000,182
863,EA081,2207BP,,,EA,03,EASTERN,0312,NYIMBA,03121,NYIMBA,0312106,KATIPA,03121061014,,Rural,71,376,init1,,OKAY,,,2025-01-16 22:40:56.053000000,2025-01-16 22:40:56.053000000,182
864,EA080,3101KM,,,EA,03,EASTERN,0312,NYIMBA,03121,NYIMBA,0312109,MOMBE,03121091002,,Rural,89,386,init1,,OKAY,,,2025-01-16 22:40:56.053000000,2025-01-16 22:40:56.053000000,189
865,EA079,3101KM,,,EA,03,EASTERN,0312,NYIMBA,03121,NYIMBA,0312109,MOMBE,03121091003,,Rural,61,273,init1,,OKAY,,,2025-01-16 22:40:56.053000000,2025-01-16 22:40:56.053000000,189
866,EA078,3101KM,,,EA,03,EASTERN,0312,NYIMBA,03121,NYIMBA,0312109,MOMBE,03121091005,,Rural,92,459,init1,,OKAY,,,2025-01-16 22:40:56.053000000,2025-01-16 22:40:56.053000000,189
867,EA077,3101KM,,,EA,03,EASTERN,0312,NYIMBA,03121,NYIMBA,0312109,MOMBE,03121091007,,Rural,176,820,init1,,OKAY,,,2025-01-16 22:40:56.053000000,2025-01-16 22:40:56.053000000,189
868,EA076,3101KM,,,EA,03,EASTERN,0312,NYIMBA,03121,NYIMBA,0312109,MOMBE,03121091008,,Rural,135,613,init1,,OKAY,,,2025-01-16 22:40:56.053000000,2025-01-16 22:40:56.053000000,189
869,EA075,3101KM,,,EA,03,EASTERN,0312,NYIMBA,03121,NYIMBA,0312109,MOMBE,03121091010,,Rural,90,394,init1,,OKAY,,,2025-01-16 22:40:56.053000000,2025-01-16 22:40:56.053000000,189
870,EA074,3101KM,,,EA,03,EASTERN,0312,NYIMBA,03121,NYIMBA,0312109,MOMBE,03121091012,,Rural,69,287,init1,,OKAY,,,2025-01-16 22:40:56.053000000,2025-01-16 22:40:56.053000000,189
871,EA073,3101KM,,,EA,03,EASTERN,0312,NYIMBA,03121,NYIMBA,0312109,MOMBE,03121091014,,Rural,99,413,init1,,OKAY,,,2025-01-16 22:40:56.053000000,2025-01-16 22:40:56.053000000,189
872,EA072,3101KM,,,EA,03,EASTERN,0312,NYIMBA,03121,NYIMBA,0312109,MOMBE,03121091015,,Rural,133,567,init1,,OKAY,,,2025-01-16 22:40:56.053000000,2025-01-16 22:40:56.053000000,189
873,EA071,3101KM,,,EA,03,EASTERN,0312,NYIMBA,03121,NYIMBA,0312109,MOMBE,03121091017,,Rural,85,363,init1,,OKAY,,,2025-01-16 22:40:56.053000000,2025-01-16 22:40:56.053000000,189
874,EA070,2823ZT,,,EA,03,EASTERN,0312,NYIMBA,03121,NYIMBA,0312111,MSIMA,03121111002,,Rural,79,479,init1,,OKAY,,,2025-01-16 22:40:56.053000000,2025-01-16 22:40:56.053000000,140
875,EA069,2823ZT,,,EA,03,EASTERN,0312,NYIMBA,03121,NYIMBA,0312111,MSIMA,03121111003,,Rural,64,337,init1,,OKAY,,,2025-01-16 22:40:56.053000000,2025-01-16 22:40:56.053000000,140
876,EA068,2823ZT,,,EA,03,EASTERN,0312,NYIMBA,03121,NYIMBA,0312111,MSIMA,03121111005,,Rural,83,471,init1,,OKAY,,,2025-01-16 22:40:56.053000000,2025-01-16 22:40:56.053000000,140
877,EA067,2823ZT,,,EA,03,EASTERN,0312,NYIMBA,03121,NYIMBA,0312111,MSIMA,03121111007,,Rural,72,410,init1,,OKAY,,,2025-01-16 22:40:56.053000000,2025-01-16 22:40:56.053000000,140
878,EA066,2823ZT,,,EA,03,EASTERN,0312,NYIMBA,03121,NYIMBA,0312111,MSIMA,03121111009,,Rural,118,665,init1,,OKAY,,,2025-01-16 22:40:56.053000000,2025-01-16 22:40:56.053000000,140
879,EA065,2823ZT,,,EA,03,EASTERN,0312,NYIMBA,03121,NYIMBA,0312111,MSIMA,03121111011,,Rural,66,386,init1,,OKAY,,,2025-01-16 22:40:56.053000000,2025-01-16 22:40:56.053000000,140
880,EA064,2823ZT,,,EA,03,EASTERN,0312,NYIMBA,03121,NYIMBA,0312111,MSIMA,03121111012,,Rural,83,513,init1,,OKAY,,,2025-01-16 22:40:56.053000000,2025-01-16 22:40:56.053000000,140
881,EA063,2823ZT,,,EA,03,EASTERN,0312,NYIMBA,03121,NYIMBA,0312111,MSIMA,03121111014,,Rural,122,656,init1,,OKAY,,,2025-01-16 22:40:56.053000000,2025-01-16 22:40:56.053000000,140
882,EA062,2823ZT,,,EA,03,EASTERN,0312,NYIMBA,03121,NYIMBA,0312111,MSIMA,03121111016,,Rural,125,621,init1,,OKAY,,,2025-01-16 22:40:56.053000000,2025-01-16 22:40:56.053000000,140
883,EA061,2823ZT,,,EA,03,EASTERN,0312,NYIMBA,03121,NYIMBA,0312111,MSIMA,03121111018,,Rural,81,476,init1,,OKAY,,,2025-01-16 22:40:56.053000000,2025-01-16 22:40:56.053000000,140
884,EA050,2136HG,,,EA,03,EASTERN,0312,NYIMBA,03121,NYIMBA,0312115,NGOZI,03121151001,,Rural,67,334,init1,,OKAY,,,2025-01-16 22:40:56.053000000,2025-01-16 22:40:56.053000000,101
885,EA049,2136HG,,,EA,03,EASTERN,0312,NYIMBA,03121,NYIMBA,0312115,NGOZI,03121151002,,Rural,137,609,init1,,OKAY,,,2025-01-16 22:40:56.053000000,2025-01-16 22:40:56.053000000,101
886,EA048,2136HG,,,EA,03,EASTERN,0312,NYIMBA,03121,NYIMBA,0312115,NGOZI,03121151004,,Rural,98,509,init1,,OKAY,,,2025-01-16 22:40:56.053000000,2025-01-16 22:40:56.053000000,101
887,EA047,2136HG,,,EA,03,EASTERN,0312,NYIMBA,03121,NYIMBA,0312115,NGOZI,03121151006,,Rural,118,545,init1,,OKAY,,,2025-01-16 22:40:56.053000000,2025-01-16 22:40:56.053000000,101
888,EA046,2136HG,,,EA,03,EASTERN,0312,NYIMBA,03121,NYIMBA,0312115,NGOZI,03121151008,,Rural,130,638,init1,,OKAY,,,2025-01-16 22:40:56.053000000,2025-01-16 22:40:56.053000000,101
889,EA045,2136HG,,,EA,03,EASTERN,0312,NYIMBA,03121,NYIMBA,0312115,NGOZI,03121151010,,Rural,98,442,init1,,OKAY,,,2025-01-16 22:40:56.053000000,2025-01-16 22:40:56.053000000,101
890,EA044,2136HG,,,EA,03,EASTERN,0312,NYIMBA,03121,NYIMBA,0312115,NGOZI,03121151011,,Rural,99,478,init1,,OKAY,,,2025-01-16 22:40:56.053000000,2025-01-16 22:40:56.053000000,101
891,EA043,2136HG,,,EA,03,EASTERN,0312,NYIMBA,03121,NYIMBA,0312115,NGOZI,03121151013,,Rural,72,330,init1,,OKAY,,,2025-01-16 22:40:56.053000000,2025-01-16 22:40:56.053000000,101
892,EA042,2136HG,,,EA,03,EASTERN,0312,NYIMBA,03121,NYIMBA,0312115,NGOZI,03121151015,,Rural,99,507,init1,,OKAY,,,2025-01-16 22:40:56.053000000,2025-01-16 22:40:56.053000000,101
893,EA041,2136HG,,,EA,03,EASTERN,0312,NYIMBA,03121,NYIMBA,0312115,NGOZI,03121151017,,Rural,55,260,init1,,OKAY,,,2025-01-16 22:40:56.053000000,2025-01-16 22:40:56.053000000,101
894,EA060,2327BE,,,EA,03,EASTERN,0312,NYIMBA,03121,NYIMBA,0312113,NYIMBA,03121131010,,Rural,146,745,init1,,OKAY,,,2025-01-16 22:40:56.053000000,2025-01-16 22:40:56.053000000,123
895,EA059,2327BE,,,EA,03,EASTERN,0312,NYIMBA,03121,NYIMBA,0312113,NYIMBA,03121131025,,Rural,157,748,init1,,OKAY,,,2025-01-16 22:40:56.053000000,2025-01-16 22:40:56.053000000,123
896,EA058,2327BE,,,EA,03,EASTERN,0312,NYIMBA,03121,NYIMBA,0312113,NYIMBA,03121131033,,Rural,79,371,init1,,OKAY,,,2025-01-16 22:40:56.053000000,2025-01-16 22:40:56.053000000,123
897,EA057,2327BE,,,EA,03,EASTERN,0312,NYIMBA,03121,NYIMBA,0312113,NYIMBA,03121132002,,Urban,116,509,init1,,OKAY,,,2025-01-16 22:40:56.053000000,2025-01-16 22:40:56.053000000,123
898,EA056,2327BE,,,EA,03,EASTERN,0312,NYIMBA,03121,NYIMBA,0312113,NYIMBA,03121132007,,Urban,175,816,init1,,OKAY,,,2025-01-16 22:40:56.053000000,2025-01-16 22:40:56.053000000,123
899,EA055,2327BE,,,EA,03,EASTERN,0312,NYIMBA,03121,NYIMBA,0312113,NYIMBA,03121132015,,Urban,108,517,init1,,OKAY,,,2025-01-16 22:40:56.053000000,2025-01-16 22:40:56.053000000,123
900,EA054,2327BE,,,EA,03,EASTERN,0312,NYIMBA,03121,NYIMBA,0312113,NYIMBA,03121132020,,Urban,87,373,init1,,OKAY,,,2025-01-16 22:40:56.053000000,2025-01-16 22:40:56.053000000,123
901,EA053,2327BE,,,EA,03,EASTERN,0312,NYIMBA,03121,NYIMBA,0312113,NYIMBA,03121132024,,Urban,177,824,init1,,OKAY,,,2025-01-16 22:40:56.053000000,2025-01-16 22:40:56.053000000,123
902,EA052,2327BE,,,EA,03,EASTERN,0312,NYIMBA,03121,NYIMBA,0312113,NYIMBA,03121132031,,Urban,219,993,init1,,OKAY,,,2025-01-16 22:40:56.053000000,2025-01-16 22:40:56.053000000,123
903,EA051,2327BE,,,EA,03,EASTERN,0312,NYIMBA,03121,NYIMBA,0312113,NYIMBA,03121132041,,Urban,157,723,init1,,OKAY,,,2025-01-16 22:40:56.053000000,2025-01-16 22:40:56.053000000,123
904,EA040,1235BP,,,EA,03,EASTERN,0315,VUBWI,03151,VUBWI,0315104,MBANDE,03151041001,,Rural,106,451,init1,,OKAY,,,2025-01-16 22:40:56.053000000,2025-01-16 22:40:56.053000000,135
905,EA039,1235BP,,,EA,03,EASTERN,0315,VUBWI,03151,VUBWI,0315104,MBANDE,03151041002,,Rural,98,443,init1,,OKAY,,,2025-01-16 22:40:56.053000000,2025-01-16 22:40:56.053000000,135
906,EA038,1235BP,,,EA,03,EASTERN,0315,VUBWI,03151,VUBWI,0315104,MBANDE,03151041003,,Rural,129,554,init1,,OKAY,,,2025-01-16 22:40:56.053000000,2025-01-16 22:40:56.053000000,135
907,EA037,1235BP,,,EA,03,EASTERN,0315,VUBWI,03151,VUBWI,0315104,MBANDE,03151041004,,Rural,123,525,init1,,OKAY,,,2025-01-16 22:40:56.053000000,2025-01-16 22:40:56.053000000,135
908,EA036,1235BP,,,EA,03,EASTERN,0315,VUBWI,03151,VUBWI,0315104,MBANDE,03151041005,,Rural,83,387,init1,,OKAY,,,2025-01-16 22:40:56.053000000,2025-01-16 22:40:56.053000000,135
909,EA035,1235BP,,,EA,03,EASTERN,0315,VUBWI,03151,VUBWI,0315104,MBANDE,03151041006,,Rural,103,521,init1,,OKAY,,,2025-01-16 22:40:56.053000000,2025-01-16 22:40:56.053000000,135
910,EA034,1235BP,,,EA,03,EASTERN,0315,VUBWI,03151,VUBWI,0315104,MBANDE,03151041007,,Rural,156,736,init1,,OKAY,,,2025-01-16 22:40:56.053000000,2025-01-16 22:40:56.053000000,135
911,EA033,1235BP,,,EA,03,EASTERN,0315,VUBWI,03151,VUBWI,0315104,MBANDE,03151041008,,Rural,87,402,init1,,OKAY,,,2025-01-16 22:40:56.053000000,2025-01-16 22:40:56.053000000,135
912,EA032,1235BP,,,EA,03,EASTERN,0315,VUBWI,03151,VUBWI,0315104,MBANDE,03151041009,,Rural,101,477,init1,,OKAY,,,2025-01-16 22:40:56.053000000,2025-01-16 22:40:56.053000000,135
913,EA031,1235BP,,,EA,03,EASTERN,0315,VUBWI,03151,VUBWI,0315104,MBANDE,03151041010,,Rural,171,741,init1,,OKAY,,,2025-01-16 22:40:56.053000000,2025-01-16 22:40:56.053000000,135
914,EA030,1210GS,,,EA,03,EASTERN,0315,VUBWI,03151,VUBWI,0315106,MLAWE,03151061002,,Rural,136,620,init1,,OKAY,,,2025-01-16 22:40:56.053000000,2025-01-16 22:40:56.053000000,24
915,EA029,1210GS,,,EA,03,EASTERN,0315,VUBWI,03151,VUBWI,0315106,MLAWE,03151061003,,Rural,146,674,init1,,OKAY,,,2025-01-16 22:40:56.053000000,2025-01-16 22:40:56.053000000,24
916,EA028,1210GS,,,EA,03,EASTERN,0315,VUBWI,03151,VUBWI,0315106,MLAWE,03151061005,,Rural,129,540,init1,,OKAY,,,2025-01-16 22:40:56.053000000,2025-01-16 22:40:56.053000000,24
917,EA027,1210GS,,,EA,03,EASTERN,0315,VUBWI,03151,VUBWI,0315106,MLAWE,03151061006,,Rural,118,577,init1,,OKAY,,,2025-01-16 22:40:56.053000000,2025-01-16 22:40:56.053000000,24
918,EA026,1210GS,,,EA,03,EASTERN,0315,VUBWI,03151,VUBWI,0315106,MLAWE,03151061008,,Rural,119,552,init1,,OKAY,,,2025-01-16 22:40:56.053000000,2025-01-16 22:40:56.053000000,24
919,EA025,1210GS,,,EA,03,EASTERN,0315,VUBWI,03151,VUBWI,0315106,MLAWE,03151061009,,Rural,112,526,init1,,OKAY,,,2025-01-16 22:40:56.053000000,2025-01-16 22:40:56.053000000,24
920,EA024,1210GS,,,EA,03,EASTERN,0315,VUBWI,03151,VUBWI,0315106,MLAWE,03151061011,,Rural,118,581,init1,,OKAY,,,2025-01-16 22:40:56.053000000,2025-01-16 22:40:56.053000000,24
921,EA023,1210GS,,,EA,03,EASTERN,0315,VUBWI,03151,VUBWI,0315106,MLAWE,03151061012,,Rural,120,569,init1,,OKAY,,,2025-01-16 22:40:56.053000000,2025-01-16 22:40:56.053000000,24
922,EA022,1210GS,,,EA,03,EASTERN,0315,VUBWI,03151,VUBWI,0315106,MLAWE,03151061014,,Rural,53,276,init1,,OKAY,,,2025-01-16 22:40:56.053000000,2025-01-16 22:40:56.053000000,24
923,EA021,1210GS,,,EA,03,EASTERN,0315,VUBWI,03151,VUBWI,0315106,MLAWE,03151061015,,Rural,98,381,init1,,OKAY,,,2025-01-16 22:40:56.053000000,2025-01-16 22:40:56.053000000,24
924,EA020,2656ZL,,,EA,03,EASTERN,0315,VUBWI,03151,VUBWI,0315108,VUBWI,03151081001,,Rural,75,372,init1,,OKAY,,,2025-01-16 22:40:56.053000000,2025-01-16 22:40:56.053000000,83
925,EA019,2656ZL,,,EA,03,EASTERN,0315,VUBWI,03151,VUBWI,0315108,VUBWI,03151081004,,Rural,97,454,init1,,OKAY,,,2025-01-16 22:40:56.053000000,2025-01-16 22:40:56.053000000,83
926,EA018,2656ZL,,,EA,03,EASTERN,0315,VUBWI,03151,VUBWI,0315108,VUBWI,03151081006,,Rural,133,572,init1,,OKAY,,,2025-01-16 22:40:56.053000000,2025-01-16 22:40:56.053000000,83
927,EA017,2656ZL,,,EA,03,EASTERN,0315,VUBWI,03151,VUBWI,0315108,VUBWI,03151081008,,Rural,85,372,init1,,OKAY,,,2025-01-16 22:40:56.053000000,2025-01-16 22:40:56.053000000,83
928,EA016,2656ZL,,,EA,03,EASTERN,0315,VUBWI,03151,VUBWI,0315108,VUBWI,03151081015,,Rural,147,650,init1,,OKAY,,,2025-01-16 22:40:56.053000000,2025-01-16 22:40:56.053000000,83
929,EA015,2656ZL,,,EA,03,EASTERN,0315,VUBWI,03151,VUBWI,0315108,VUBWI,03151082002,,Urban,147,604,init1,,OKAY,,,2025-01-16 22:40:56.053000000,2025-01-16 22:40:56.053000000,83
930,EA014,2656ZL,,,EA,03,EASTERN,0315,VUBWI,03151,VUBWI,0315108,VUBWI,03151082007,,Urban,118,454,init1,,OKAY,,,2025-01-16 22:40:56.053000000,2025-01-16 22:40:56.053000000,83
931,EA013,2656ZL,,,EA,03,EASTERN,0315,VUBWI,03151,VUBWI,0315108,VUBWI,03151082009,,Urban,101,475,init1,,OKAY,,,2025-01-16 22:40:56.053000000,2025-01-16 22:40:56.053000000,83
932,EA012,2656ZL,,,EA,03,EASTERN,0315,VUBWI,03151,VUBWI,0315108,VUBWI,03151082011,,Urban,80,377,init1,,OKAY,,,2025-01-16 22:40:56.053000000,2025-01-16 22:40:56.053000000,83
933,EA011,2656ZL,,,EA,03,EASTERN,0315,VUBWI,03151,VUBWI,0315108,VUBWI,03151082012,,Urban,149,662,init1,,OKAY,,,2025-01-16 22:40:56.053000000,2025-01-16 22:40:56.053000000,83
934,EA010,3310DP,,,EA,03,EASTERN,0315,VUBWI,03151,VUBWI,0315109,ZOZWE,03151091002,,Rural,84,395,init1,,OKAY,,,2025-01-16 22:40:56.053000000,2025-01-16 22:40:56.053000000,175
935,EA009,3310DP,,,EA,03,EASTERN,0315,VUBWI,03151,VUBWI,0315109,ZOZWE,03151091003,,Rural,98,457,init1,,OKAY,,,2025-01-16 22:40:56.053000000,2025-01-16 22:40:56.053000000,175
936,EA008,3310DP,,,EA,03,EASTERN,0315,VUBWI,03151,VUBWI,0315109,ZOZWE,03151091005,,Rural,115,549,init1,,OKAY,,,2025-01-16 22:40:56.053000000,2025-01-16 22:40:56.053000000,175
937,EA007,3310DP,,,EA,03,EASTERN,0315,VUBWI,03151,VUBWI,0315109,ZOZWE,03151091006,,Rural,77,342,init1,,OKAY,,,2025-01-16 22:40:56.053000000,2025-01-16 22:40:56.053000000,175
938,EA006,3310DP,,,EA,03,EASTERN,0315,VUBWI,03151,VUBWI,0315109,ZOZWE,03151091008,,Rural,133,610,init1,,OKAY,,,2025-01-16 22:40:56.053000000,2025-01-16 22:40:56.053000000,175
939,EA005,3310DP,,,EA,03,EASTERN,0315,VUBWI,03151,VUBWI,0315109,ZOZWE,03151091009,,Rural,137,642,init1,,OKAY,,,2025-01-16 22:40:56.053000000,2025-01-16 22:40:56.053000000,175
940,EA004,3310DP,,,EA,03,EASTERN,0315,VUBWI,03151,VUBWI,0315109,ZOZWE,03151091011,,Rural,115,539,init1,,OKAY,,,2025-01-16 22:40:56.053000000,2025-01-16 22:40:56.053000000,175
941,EA003,3310DP,,,EA,03,EASTERN,0315,VUBWI,03151,VUBWI,0315109,ZOZWE,03151091012,,Rural,66,280,init1,,OKAY,,,2025-01-16 22:40:56.053000000,2025-01-16 22:40:56.053000000,175
942,EA002,3310DP,,,EA,03,EASTERN,0315,VUBWI,03151,VUBWI,0315109,ZOZWE,03151091014,,Rural,127,544,init1,,OKAY,,,2025-01-16 22:40:56.053000000,2025-01-16 22:40:56.053000000,175
943,EA001,3310DP,,,EA,03,EASTERN,0315,VUBWI,03151,VUBWI,0315109,ZOZWE,03151091015,,Rural,107,536,init1,,OKAY,,,2025-01-16 22:40:56.053000000,2025-01-16 22:40:56.053000000,175
944,LP269,1803ET,,,LP,04,LUAPULA,0402,Chienge,04021,CHIENGE,0402101,CHIBAMBA,04021011004,,Rural,83,396,init1,,OKAY,,,2025-01-16 22:40:56.053000000,2025-01-16 22:40:56.053000000,47
945,LP268,1803ET,,,LP,04,LUAPULA,0402,Chienge,04021,CHIENGE,0402101,CHIBAMBA,04021011009,,Rural,92,484,init1,,OKAY,,,2025-01-16 22:40:56.053000000,2025-01-16 22:40:56.053000000,47
946,LP267,1803ET,,,LP,04,LUAPULA,0402,Chienge,04021,CHIENGE,0402101,CHIBAMBA,04021011014,,Rural,72,399,init1,,OKAY,,,2025-01-16 22:40:56.053000000,2025-01-16 22:40:56.053000000,47
947,LP266,1803ET,,,LP,04,LUAPULA,0402,Chienge,04021,CHIENGE,0402101,CHIBAMBA,04021011019,,Rural,167,711,init1,,OKAY,,,2025-01-16 22:40:56.053000000,2025-01-16 22:40:56.053000000,47
948,LP265,1803ET,,,LP,04,LUAPULA,0402,Chienge,04021,CHIENGE,0402101,CHIBAMBA,04021011024,,Rural,88,443,init1,,OKAY,,,2025-01-16 22:40:56.053000000,2025-01-16 22:40:56.053000000,47
949,LP264,1803ET,,,LP,04,LUAPULA,0402,Chienge,04021,CHIENGE,0402101,CHIBAMBA,04021011029,,Rural,74,389,init1,,OKAY,,,2025-01-16 22:40:56.053000000,2025-01-16 22:40:56.053000000,47
950,LP263,1803ET,,,LP,04,LUAPULA,0402,Chienge,04021,CHIENGE,0402101,CHIBAMBA,04021011034,,Rural,125,557,init1,,OKAY,,,2025-01-16 22:40:56.053000000,2025-01-16 22:40:56.053000000,47
951,LP262,1803ET,,,LP,04,LUAPULA,0402,Chienge,04021,CHIENGE,0402101,CHIBAMBA,04021011039,,Rural,67,293,init1,,OKAY,,,2025-01-16 22:40:56.053000000,2025-01-16 22:40:56.053000000,47
952,LP261,1803ET,,,LP,04,LUAPULA,0402,Chienge,04021,CHIENGE,0402101,CHIBAMBA,04021011044,,Rural,77,421,init1,,OKAY,,,2025-01-16 22:40:56.053000000,2025-01-16 22:40:56.053000000,47
953,LP260,1803ET,,,LP,04,LUAPULA,0402,Chienge,04021,CHIENGE,0402101,CHIBAMBA,04021011049,,Rural,101,568,init1,,OKAY,,,2025-01-16 22:40:56.053000000,2025-01-16 22:40:56.053000000,47
954,LP259,2054GT,,,LP,04,LUAPULA,0402,Chienge,04021,CHIENGE,0402102,CHIENGE,04021021002,,Rural,108,539,init1,,OKAY,,,2025-01-16 22:40:56.053000000,2025-01-16 22:40:56.053000000,237
955,LP258,2054GT,,,LP,04,LUAPULA,0402,Chienge,04021,CHIENGE,0402102,CHIENGE,04021021006,,Rural,74,373,init1,,OKAY,,,2025-01-16 22:40:56.053000000,2025-01-16 22:40:56.053000000,237
956,LP257,2054GT,,,LP,04,LUAPULA,0402,Chienge,04021,CHIENGE,0402102,CHIENGE,04021021009,,Rural,104,417,init1,,OKAY,,,2025-01-16 22:40:56.053000000,2025-01-16 22:40:56.053000000,237
957,LP256,2054GT,,,LP,04,LUAPULA,0402,Chienge,04021,CHIENGE,0402102,CHIENGE,04021021012,,Rural,81,400,init1,,OKAY,,,2025-01-16 22:40:56.053000000,2025-01-16 22:40:56.053000000,237
958,LP255,2054GT,,,LP,04,LUAPULA,0402,Chienge,04021,CHIENGE,0402102,CHIENGE,04021021016,,Rural,106,551,init1,,OKAY,,,2025-01-16 22:40:56.053000000,2025-01-16 22:40:56.053000000,237
959,LP254,2054GT,,,LP,04,LUAPULA,0402,Chienge,04021,CHIENGE,0402102,CHIENGE,04021021019,,Rural,134,649,init1,,OKAY,,,2025-01-16 22:40:56.053000000,2025-01-16 22:40:56.053000000,237
960,LP253,2054GT,,,LP,04,LUAPULA,0402,Chienge,04021,CHIENGE,0402102,CHIENGE,04021021022,,Rural,103,480,init1,,OKAY,,,2025-01-16 22:40:56.053000000,2025-01-16 22:40:56.053000000,237
961,LP252,2054GT,,,LP,04,LUAPULA,0402,Chienge,04021,CHIENGE,0402102,CHIENGE,04021021026,,Rural,104,496,init1,,OKAY,,,2025-01-16 22:40:56.053000000,2025-01-16 22:40:56.053000000,237
962,LP251,2054GT,,,LP,04,LUAPULA,0402,Chienge,04021,CHIENGE,0402102,CHIENGE,04021021029,,Rural,79,361,init1,,OKAY,,,2025-01-16 22:40:56.053000000,2025-01-16 22:40:56.053000000,237
963,LP250,2054GT,,,LP,04,LUAPULA,0402,Chienge,04021,CHIENGE,0402102,CHIENGE,04021021032,,Rural,114,503,init1,,OKAY,,,2025-01-16 22:40:56.053000000,2025-01-16 22:40:56.053000000,237
964,LP249,1286SY,,,LP,04,LUAPULA,0402,Chienge,04021,CHIENGE,0402104,CHIPUNGU,04021041004,,Rural,85,461,init1,,OKAY,,,2025-01-16 22:40:56.053000000,2025-01-16 22:40:56.053000000,32
965,LP248,1286SY,,,LP,04,LUAPULA,0402,Chienge,04021,CHIENGE,0402104,CHIPUNGU,04021041008,,Rural,209,963,init1,,OKAY,,,2025-01-16 22:40:56.053000000,2025-01-16 22:40:56.053000000,32
966,LP247,1286SY,,,LP,04,LUAPULA,0402,Chienge,04021,CHIENGE,0402104,CHIPUNGU,04021041012,,Rural,124,658,init1,,OKAY,,,2025-01-16 22:40:56.053000000,2025-01-16 22:40:56.053000000,32
967,LP246,1286SY,,,LP,04,LUAPULA,0402,Chienge,04021,CHIENGE,0402104,CHIPUNGU,04021041016,,Rural,125,715,init1,,OKAY,,,2025-01-16 22:40:56.053000000,2025-01-16 22:40:56.053000000,32
968,LP245,1286SY,,,LP,04,LUAPULA,0402,Chienge,04021,CHIENGE,0402104,CHIPUNGU,04021041020,,Rural,95,459,init1,,OKAY,,,2025-01-16 22:40:56.053000000,2025-01-16 22:40:56.053000000,32
969,LP244,1286SY,,,LP,04,LUAPULA,0402,Chienge,04021,CHIENGE,0402104,CHIPUNGU,04021041024,,Rural,98,463,init1,,OKAY,,,2025-01-16 22:40:56.053000000,2025-01-16 22:40:56.053000000,32
970,LP243,1286SY,,,LP,04,LUAPULA,0402,Chienge,04021,CHIENGE,0402104,CHIPUNGU,04021041028,,Rural,71,342,init1,,OKAY,,,2025-01-16 22:40:56.053000000,2025-01-16 22:40:56.053000000,32
971,LP242,1286SY,,,LP,04,LUAPULA,0402,Chienge,04021,CHIENGE,0402104,CHIPUNGU,04021041032,,Rural,65,336,init1,,OKAY,,,2025-01-16 22:40:56.053000000,2025-01-16 22:40:56.053000000,32
972,LP241,1286SY,,,LP,04,LUAPULA,0402,Chienge,04021,CHIENGE,0402104,CHIPUNGU,04021041036,,Rural,66,320,init1,,OKAY,,,2025-01-16 22:40:56.053000000,2025-01-16 22:40:56.053000000,32
973,LP240,1286SY,,,LP,04,LUAPULA,0402,Chienge,04021,CHIENGE,0402104,CHIPUNGU,04021041041,,Rural,104,514,init1,,OKAY,,,2025-01-16 22:40:56.053000000,2025-01-16 22:40:56.053000000,32
974,LP239,1796BC,,,LP,04,LUAPULA,0402,Chienge,04021,CHIENGE,0402106,CHITUTU,04021061002,,Rural,134,729,init1,,OKAY,,,2025-01-16 22:40:56.053000000,2025-01-16 22:40:56.053000000,64
975,LP238,1796BC,,,LP,04,LUAPULA,0402,Chienge,04021,CHIENGE,0402106,CHITUTU,04021061006,,Rural,118,475,init1,,OKAY,,,2025-01-16 22:40:56.053000000,2025-01-16 22:40:56.053000000,64
976,LP237,1796BC,,,LP,04,LUAPULA,0402,Chienge,04021,CHIENGE,0402106,CHITUTU,04021061009,,Rural,61,285,init1,,OKAY,,,2025-01-16 22:40:56.053000000,2025-01-16 22:40:56.053000000,64
977,LP236,1796BC,,,LP,04,LUAPULA,0402,Chienge,04021,CHIENGE,0402106,CHITUTU,04021061013,,Rural,68,235,init1,,OKAY,,,2025-01-16 22:40:56.053000000,2025-01-16 22:40:56.053000000,64
978,LP235,1796BC,,,LP,04,LUAPULA,0402,Chienge,04021,CHIENGE,0402106,CHITUTU,04021061016,,Rural,62,327,init1,,OKAY,,,2025-01-16 22:40:56.053000000,2025-01-16 22:40:56.053000000,64
979,LP234,1796BC,,,LP,04,LUAPULA,0402,Chienge,04021,CHIENGE,0402106,CHITUTU,04021061020,,Rural,92,451,init1,,OKAY,,,2025-01-16 22:40:56.053000000,2025-01-16 22:40:56.053000000,64
980,LP233,1796BC,,,LP,04,LUAPULA,0402,Chienge,04021,CHIENGE,0402106,CHITUTU,04021061024,,Rural,79,362,init1,,OKAY,,,2025-01-16 22:40:56.053000000,2025-01-16 22:40:56.053000000,64
981,LP232,1796BC,,,LP,04,LUAPULA,0402,Chienge,04021,CHIENGE,0402106,CHITUTU,04021061027,,Rural,78,362,init1,,OKAY,,,2025-01-16 22:40:56.053000000,2025-01-16 22:40:56.053000000,64
982,LP231,1796BC,,,LP,04,LUAPULA,0402,Chienge,04021,CHIENGE,0402106,CHITUTU,04021061031,,Rural,148,802,init1,,OKAY,,,2025-01-16 22:40:56.053000000,2025-01-16 22:40:56.053000000,64
983,LP230,1796BC,,,LP,04,LUAPULA,0402,Chienge,04021,CHIENGE,0402106,CHITUTU,04021061034,,Rural,73,374,init1,,OKAY,,,2025-01-16 22:40:56.053000000,2025-01-16 22:40:56.053000000,64
984,LP229,3326FR,,,LP,04,LUAPULA,0402,Chienge,04021,CHIENGE,0402108,KALOBWA,04021081002,,Rural,97,448,init1,,OKAY,,,2025-01-16 22:40:56.053000000,2025-01-16 22:40:56.053000000,77
985,LP228,3326FR,,,LP,04,LUAPULA,0402,Chienge,04021,CHIENGE,0402108,KALOBWA,04021081004,,Rural,106,613,init1,,OKAY,,,2025-01-16 22:40:56.053000000,2025-01-16 22:40:56.053000000,77
986,LP227,3326FR,,,LP,04,LUAPULA,0402,Chienge,04021,CHIENGE,0402108,KALOBWA,04021081007,,Rural,83,486,init1,,OKAY,,,2025-01-16 22:40:56.053000000,2025-01-16 22:40:56.053000000,77
987,LP226,3326FR,,,LP,04,LUAPULA,0402,Chienge,04021,CHIENGE,0402108,KALOBWA,04021081009,,Rural,71,392,init1,,OKAY,,,2025-01-16 22:40:56.053000000,2025-01-16 22:40:56.053000000,77
988,LP225,3326FR,,,LP,04,LUAPULA,0402,Chienge,04021,CHIENGE,0402108,KALOBWA,04021081012,,Rural,124,655,init1,,OKAY,,,2025-01-16 22:40:56.053000000,2025-01-16 22:40:56.053000000,77
989,LP224,3326FR,,,LP,04,LUAPULA,0402,Chienge,04021,CHIENGE,0402108,KALOBWA,04021081014,,Rural,142,702,init1,,OKAY,,,2025-01-16 22:40:56.053000000,2025-01-16 22:40:56.053000000,77
990,LP223,3326FR,,,LP,04,LUAPULA,0402,Chienge,04021,CHIENGE,0402108,KALOBWA,04021081016,,Rural,96,487,init1,,OKAY,,,2025-01-16 22:40:56.053000000,2025-01-16 22:40:56.053000000,77
991,LP222,3326FR,,,LP,04,LUAPULA,0402,Chienge,04021,CHIENGE,0402108,KALOBWA,04021081019,,Rural,103,580,init1,,OKAY,,,2025-01-16 22:40:56.053000000,2025-01-16 22:40:56.053000000,77
992,LP221,3326FR,,,LP,04,LUAPULA,0402,Chienge,04021,CHIENGE,0402108,KALOBWA,04021081021,,Rural,83,409,init1,,OKAY,,,2025-01-16 22:40:56.053000000,2025-01-16 22:40:56.053000000,77
993,LP220,3326FR,,,LP,04,LUAPULA,0402,Chienge,04021,CHIENGE,0402108,KALOBWA,04021081024,,Rural,80,410,init1,,OKAY,,,2025-01-16 22:40:56.053000000,2025-01-16 22:40:56.053000000,77
994,LP219,1174TN,,,LP,04,LUAPULA,0402,Chienge,04021,CHIENGE,0402110,KATETE,04021101004,,Rural,134,678,init1,,OKAY,,,2025-01-16 22:40:56.053000000,2025-01-16 22:40:56.053000000,213
995,LP218,1174TN,,,LP,04,LUAPULA,0402,Chienge,04021,CHIENGE,0402110,KATETE,04021101008,,Rural,80,380,init1,,OKAY,,,2025-01-16 22:40:56.053000000,2025-01-16 22:40:56.053000000,213
996,LP217,1174TN,,,LP,04,LUAPULA,0402,Chienge,04021,CHIENGE,0402110,KATETE,04021101012,,Rural,68,269,init1,,OKAY,,,2025-01-16 22:40:56.053000000,2025-01-16 22:40:56.053000000,213
997,LP216,1174TN,,,LP,04,LUAPULA,0402,Chienge,04021,CHIENGE,0402110,KATETE,04021101016,,Rural,69,348,init1,,OKAY,,,2025-01-16 22:40:56.053000000,2025-01-16 22:40:56.053000000,213
998,LP215,1174TN,,,LP,04,LUAPULA,0402,Chienge,04021,CHIENGE,0402110,KATETE,04021101021,,Rural,90,448,init1,,OKAY,,,2025-01-16 22:40:56.053000000,2025-01-16 22:40:56.053000000,213
999,LP214,1174TN,,,LP,04,LUAPULA,0402,Chienge,04021,CHIENGE,0402110,KATETE,04021101025,,Rural,84,411,init1,,OKAY,,,2025-01-16 22:40:56.053000000,2025-01-16 22:40:56.053000000,213
1000,LP213,1174TN,,,LP,04,LUAPULA,0402,Chienge,04021,CHIENGE,0402110,KATETE,04021101029,,Rural,104,518,init1,,OKAY,,,2025-01-16 22:40:56.053000000,2025-01-16 22:40:56.053000000,213
1001,LP212,1174TN,,,LP,04,LUAPULA,0402,Chienge,04021,CHIENGE,0402110,KATETE,04021101034,,Rural,95,434,init1,,OKAY,,,2025-01-16 22:40:56.053000000,2025-01-16 22:40:56.053000000,213
1002,LP211,1174TN,,,LP,04,LUAPULA,0402,Chienge,04021,CHIENGE,0402110,KATETE,04021101038,,Rural,107,563,init1,,OKAY,,,2025-01-16 22:40:56.053000000,2025-01-16 22:40:56.053000000,213
1003,LP210,1174TN,,,LP,04,LUAPULA,0402,Chienge,04021,CHIENGE,0402110,KATETE,04021101042,,Rural,75,361,init1,,OKAY,,,2025-01-16 22:40:56.053000000,2025-01-16 22:40:56.053000000,213
1004,LP209,1487SB,,,LP,04,LUAPULA,0402,Chienge,04021,CHIENGE,0402113,LUNCHINDA,04021131001,,Rural,112,490,init1,,OKAY,,,2025-01-16 22:40:56.053000000,2025-01-16 22:40:56.053000000,136
1005,LP208,1487SB,,,LP,04,LUAPULA,0402,Chienge,04021,CHIENGE,0402113,LUNCHINDA,04021131004,,Rural,114,550,init1,,OKAY,,,2025-01-16 22:40:56.053000000,2025-01-16 22:40:56.053000000,136
1006,LP207,1487SB,,,LP,04,LUAPULA,0402,Chienge,04021,CHIENGE,0402113,LUNCHINDA,04021131007,,Rural,80,399,init1,,OKAY,,,2025-01-16 22:40:56.053000000,2025-01-16 22:40:56.053000000,136
1007,LP206,1487SB,,,LP,04,LUAPULA,0402,Chienge,04021,CHIENGE,0402113,LUNCHINDA,04021131010,,Rural,72,334,init1,,OKAY,,,2025-01-16 22:40:56.053000000,2025-01-16 22:40:56.053000000,136
1008,LP205,1487SB,,,LP,04,LUAPULA,0402,Chienge,04021,CHIENGE,0402113,LUNCHINDA,04021131013,,Rural,93,470,init1,,OKAY,,,2025-01-16 22:40:56.053000000,2025-01-16 22:40:56.053000000,136
1009,LP204,1487SB,,,LP,04,LUAPULA,0402,Chienge,04021,CHIENGE,0402113,LUNCHINDA,04021131015,,Rural,81,350,init1,,OKAY,,,2025-01-16 22:40:56.053000000,2025-01-16 22:40:56.053000000,136
1010,LP203,1487SB,,,LP,04,LUAPULA,0402,Chienge,04021,CHIENGE,0402113,LUNCHINDA,04021131018,,Rural,97,527,init1,,OKAY,,,2025-01-16 22:40:56.053000000,2025-01-16 22:40:56.053000000,136
1011,LP202,1487SB,,,LP,04,LUAPULA,0402,Chienge,04021,CHIENGE,0402113,LUNCHINDA,04021131021,,Rural,66,342,init1,,OKAY,,,2025-01-16 22:40:56.053000000,2025-01-16 22:40:56.053000000,136
1012,LP201,1487SB,,,LP,04,LUAPULA,0402,Chienge,04021,CHIENGE,0402113,LUNCHINDA,04021131024,,Rural,87,452,init1,,OKAY,,,2025-01-16 22:40:56.053000000,2025-01-16 22:40:56.053000000,136
1013,LP200,1487SB,,,LP,04,LUAPULA,0402,Chienge,04021,CHIENGE,0402113,LUNCHINDA,04021131027,,Rural,86,457,init1,,OKAY,,,2025-01-16 22:40:56.053000000,2025-01-16 22:40:56.053000000,136
1014,LP199,2791MG,,,LP,04,LUAPULA,0407,Mansa,04071,BAHATI,0407102,KAOLE,04071021014,,Rural,106,474,init1,,OKAY,,,2025-01-16 22:40:56.053000000,2025-01-16 22:40:56.053000000,16
1015,LP198,2791MG,,,LP,04,LUAPULA,0407,Mansa,04071,BAHATI,0407102,KAOLE,04071021021,,Rural,71,321,init1,,OKAY,,,2025-01-16 22:40:56.053000000,2025-01-16 22:40:56.053000000,16
1016,LP197,2791MG,,,LP,04,LUAPULA,0407,Mansa,04071,BAHATI,0407102,KAOLE,04071021025,,Rural,108,609,init1,,OKAY,,,2025-01-16 22:40:56.053000000,2025-01-16 22:40:56.053000000,16
1017,LP196,2791MG,,,LP,04,LUAPULA,0407,Mansa,04071,BAHATI,0407102,KAOLE,04071021034,,Rural,85,395,init1,,OKAY,,,2025-01-16 22:40:56.053000000,2025-01-16 22:40:56.053000000,16
1018,LP195,2791MG,,,LP,04,LUAPULA,0407,Mansa,04071,BAHATI,0407102,KAOLE,04071021040,,Rural,62,274,init1,,OKAY,,,2025-01-16 22:40:56.053000000,2025-01-16 22:40:56.053000000,16
1019,LP194,2791MG,,,LP,04,LUAPULA,0407,Mansa,04071,BAHATI,0407102,KAOLE,04071022005,,Urban,183,918,init1,,OKAY,,,2025-01-16 22:40:56.053000000,2025-01-16 22:40:56.053000000,16
1020,LP193,2791MG,,,LP,04,LUAPULA,0407,Mansa,04071,BAHATI,0407102,KAOLE,04071022009,,Urban,111,536,init1,,OKAY,,,2025-01-16 22:40:56.053000000,2025-01-16 22:40:56.053000000,16
1021,LP192,2791MG,,,LP,04,LUAPULA,0407,Mansa,04071,BAHATI,0407102,KAOLE,04071022013,,Urban,148,652,init1,,OKAY,,,2025-01-16 22:40:56.053000000,2025-01-16 22:40:56.053000000,16
1022,LP191,2791MG,,,LP,04,LUAPULA,0407,Mansa,04071,BAHATI,0407102,KAOLE,04071022028,,Urban,185,866,init1,,OKAY,,,2025-01-16 22:40:56.053000000,2025-01-16 22:40:56.053000000,16
1023,LP190,2791MG,,,LP,04,LUAPULA,0407,Mansa,04071,BAHATI,0407102,KAOLE,04071022036,,Urban,128,662,init1,,OKAY,,,2025-01-16 22:40:56.053000000,2025-01-16 22:40:56.053000000,16
1024,LP189,2020GS,,,LP,04,LUAPULA,0407,Mansa,04071,BAHATI,0407106,MANSA,04071061005,,Rural,109,489,init1,,OKAY,,,2025-01-16 22:40:56.053000000,2025-01-16 22:40:56.053000000,192
1025,LP188,2020GS,,,LP,04,LUAPULA,0407,Mansa,04071,BAHATI,0407106,MANSA,04071061032,,Rural,69,337,init1,,OKAY,,,2025-01-16 22:40:56.053000000,2025-01-16 22:40:56.053000000,192
1026,LP187,2020GS,,,LP,04,LUAPULA,0407,Mansa,04071,BAHATI,0407106,MANSA,04071062011,,Urban,111,600,init1,,OKAY,,,2025-01-16 22:40:56.053000000,2025-01-16 22:40:56.053000000,192
1027,LP186,2020GS,,,LP,04,LUAPULA,0407,Mansa,04071,BAHATI,0407106,MANSA,04071062017,,Urban,139,678,init1,,OKAY,,,2025-01-16 22:40:56.053000000,2025-01-16 22:40:56.053000000,192
1028,LP185,2020GS,,,LP,04,LUAPULA,0407,Mansa,04071,BAHATI,0407106,MANSA,04071062023,,Urban,142,705,init1,,OKAY,,,2025-01-16 22:40:56.053000000,2025-01-16 22:40:56.053000000,192
1029,LP184,2020GS,,,LP,04,LUAPULA,0407,Mansa,04071,BAHATI,0407106,MANSA,04071062029,,Urban,144,697,init1,,OKAY,,,2025-01-16 22:40:56.053000000,2025-01-16 22:40:56.053000000,192
1030,LP183,2020GS,,,LP,04,LUAPULA,0407,Mansa,04071,BAHATI,0407106,MANSA,04071062038,,Urban,177,921,init1,,OKAY,,,2025-01-16 22:40:56.053000000,2025-01-16 22:40:56.053000000,192
1031,LP182,2020GS,,,LP,04,LUAPULA,0407,Mansa,04071,BAHATI,0407106,MANSA,04071062044,,Urban,117,611,init1,,OKAY,,,2025-01-16 22:40:56.053000000,2025-01-16 22:40:56.053000000,192
1032,LP181,2020GS,,,LP,04,LUAPULA,0407,Mansa,04071,BAHATI,0407106,MANSA,04071062051,,Urban,112,570,init1,,OKAY,,,2025-01-16 22:40:56.053000000,2025-01-16 22:40:56.053000000,192
1033,LP180,2020GS,,,LP,04,LUAPULA,0407,Mansa,04071,BAHATI,0407106,MANSA,04071062057,,Urban,145,710,init1,,OKAY,,,2025-01-16 22:40:56.053000000,2025-01-16 22:40:56.053000000,192
1034,LP179,2990RD,,,LP,04,LUAPULA,0407,Mansa,04071,BAHATI,0407107,MISAKALALA,04071071001,,Rural,86,385,init1,,OKAY,,,2025-01-16 22:40:56.053000000,2025-01-16 22:40:56.053000000,209
1035,LP178,2990RD,,,LP,04,LUAPULA,0407,Mansa,04071,BAHATI,0407107,MISAKALALA,04071071005,,Rural,85,403,init1,,OKAY,,,2025-01-16 22:40:56.053000000,2025-01-16 22:40:56.053000000,209
1036,LP177,2990RD,,,LP,04,LUAPULA,0407,Mansa,04071,BAHATI,0407107,MISAKALALA,04071071008,,Rural,55,266,init1,,OKAY,,,2025-01-16 22:40:56.053000000,2025-01-16 22:40:56.053000000,209
1037,LP176,2990RD,,,LP,04,LUAPULA,0407,Mansa,04071,BAHATI,0407107,MISAKALALA,04071071012,,Rural,109,517,init1,,OKAY,,,2025-01-16 22:40:56.053000000,2025-01-16 22:40:56.053000000,209
1038,LP175,2990RD,,,LP,04,LUAPULA,0407,Mansa,04071,BAHATI,0407107,MISAKALALA,04071071016,,Rural,85,351,init1,,OKAY,,,2025-01-16 22:40:56.053000000,2025-01-16 22:40:56.053000000,209
1039,LP174,2990RD,,,LP,04,LUAPULA,0407,Mansa,04071,BAHATI,0407107,MISAKALALA,04071071019,,Rural,58,252,init1,,OKAY,,,2025-01-16 22:40:56.053000000,2025-01-16 22:40:56.053000000,209
1040,LP173,2990RD,,,LP,04,LUAPULA,0407,Mansa,04071,BAHATI,0407107,MISAKALALA,04071071023,,Rural,108,534,init1,,OKAY,,,2025-01-16 22:40:56.053000000,2025-01-16 22:40:56.053000000,209
1041,LP172,2990RD,,,LP,04,LUAPULA,0407,Mansa,04071,BAHATI,0407107,MISAKALALA,04071071026,,Rural,105,453,init1,,OKAY,,,2025-01-16 22:40:56.053000000,2025-01-16 22:40:56.053000000,209
1042,LP171,2990RD,,,LP,04,LUAPULA,0407,Mansa,04071,BAHATI,0407107,MISAKALALA,04071071030,,Rural,119,517,init1,,OKAY,,,2025-01-16 22:40:56.053000000,2025-01-16 22:40:56.053000000,209
1043,LP170,2990RD,,,LP,04,LUAPULA,0407,Mansa,04071,BAHATI,0407107,MISAKALALA,04071071034,,Rural,52,231,init1,,OKAY,,,2025-01-16 22:40:56.053000000,2025-01-16 22:40:56.053000000,209
1044,LP169,1374LG,,,LP,04,LUAPULA,0407,Mansa,04071,BAHATI,0407110,MYULU,04071101001,,Rural,77,357,init1,,OKAY,,,2025-01-16 22:40:56.053000000,2025-01-16 22:40:56.053000000,230
1045,LP168,1374LG,,,LP,04,LUAPULA,0407,Mansa,04071,BAHATI,0407110,MYULU,04071101003,,Rural,83,415,init1,,OKAY,,,2025-01-16 22:40:56.053000000,2025-01-16 22:40:56.053000000,230
1046,LP167,1374LG,,,LP,04,LUAPULA,0407,Mansa,04071,BAHATI,0407110,MYULU,04071101005,,Rural,90,398,init1,,OKAY,,,2025-01-16 22:40:56.053000000,2025-01-16 22:40:56.053000000,230
1047,LP166,1374LG,,,LP,04,LUAPULA,0407,Mansa,04071,BAHATI,0407110,MYULU,04071101007,,Rural,63,208,init1,,OKAY,,,2025-01-16 22:40:56.053000000,2025-01-16 22:40:56.053000000,230
1048,LP165,1374LG,,,LP,04,LUAPULA,0407,Mansa,04071,BAHATI,0407110,MYULU,04071101009,,Rural,69,327,init1,,OKAY,,,2025-01-16 22:40:56.053000000,2025-01-16 22:40:56.053000000,230
1049,LP164,1374LG,,,LP,04,LUAPULA,0407,Mansa,04071,BAHATI,0407110,MYULU,04071101011,,Rural,94,454,init1,,OKAY,,,2025-01-16 22:40:56.053000000,2025-01-16 22:40:56.053000000,230
1050,LP163,1374LG,,,LP,04,LUAPULA,0407,Mansa,04071,BAHATI,0407110,MYULU,04071101012,,Rural,107,532,init1,,OKAY,,,2025-01-16 22:40:56.053000000,2025-01-16 22:40:56.053000000,230
1051,LP162,1374LG,,,LP,04,LUAPULA,0407,Mansa,04071,BAHATI,0407110,MYULU,04071101014,,Rural,106,553,init1,,OKAY,,,2025-01-16 22:40:56.053000000,2025-01-16 22:40:56.053000000,230
1052,LP161,1374LG,,,LP,04,LUAPULA,0407,Mansa,04071,BAHATI,0407110,MYULU,04071101016,,Rural,130,600,init1,,OKAY,,,2025-01-16 22:40:56.053000000,2025-01-16 22:40:56.053000000,230
1053,LP160,1374LG,,,LP,04,LUAPULA,0407,Mansa,04071,BAHATI,0407110,MYULU,04071101018,,Rural,73,324,init1,,OKAY,,,2025-01-16 22:40:56.053000000,2025-01-16 22:40:56.053000000,230
1054,LP159,1595BS,,,LP,04,LUAPULA,0407,Mansa,04072,MANSA CENTRAL,0407201,CHANSUNSU,04072011003,,Rural,101,499,init1,,OKAY,,,2025-01-16 22:40:56.053000000,2025-01-16 22:40:56.053000000,29
1055,LP158,1595BS,,,LP,04,LUAPULA,0407,Mansa,04072,MANSA CENTRAL,0407201,CHANSUNSU,04072011005,,Rural,91,407,init1,,OKAY,,,2025-01-16 22:40:56.053000000,2025-01-16 22:40:56.053000000,29
1056,LP157,1595BS,,,LP,04,LUAPULA,0407,Mansa,04072,MANSA CENTRAL,0407201,CHANSUNSU,04072011008,,Rural,87,494,init1,,OKAY,,,2025-01-16 22:40:56.053000000,2025-01-16 22:40:56.053000000,29
1057,LP156,1595BS,,,LP,04,LUAPULA,0407,Mansa,04072,MANSA CENTRAL,0407201,CHANSUNSU,04072011010,,Rural,102,494,init1,,OKAY,,,2025-01-16 22:40:56.053000000,2025-01-16 22:40:56.053000000,29
1058,LP155,1595BS,,,LP,04,LUAPULA,0407,Mansa,04072,MANSA CENTRAL,0407201,CHANSUNSU,04072011013,,Rural,78,405,init1,,OKAY,,,2025-01-16 22:40:56.053000000,2025-01-16 22:40:56.053000000,29
1059,LP154,1595BS,,,LP,04,LUAPULA,0407,Mansa,04072,MANSA CENTRAL,0407201,CHANSUNSU,04072011015,,Rural,87,423,init1,,OKAY,,,2025-01-16 22:40:56.053000000,2025-01-16 22:40:56.053000000,29
1060,LP153,1595BS,,,LP,04,LUAPULA,0407,Mansa,04072,MANSA CENTRAL,0407201,CHANSUNSU,04072011018,,Rural,112,516,init1,,OKAY,,,2025-01-16 22:40:56.053000000,2025-01-16 22:40:56.053000000,29
1061,LP152,1595BS,,,LP,04,LUAPULA,0407,Mansa,04072,MANSA CENTRAL,0407201,CHANSUNSU,04072011020,,Rural,125,579,init1,,OKAY,,,2025-01-16 22:40:56.053000000,2025-01-16 22:40:56.053000000,29
1062,LP151,1595BS,,,LP,04,LUAPULA,0407,Mansa,04072,MANSA CENTRAL,0407201,CHANSUNSU,04072011023,,Rural,101,435,init1,,OKAY,,,2025-01-16 22:40:56.053000000,2025-01-16 22:40:56.053000000,29
1063,LP150,1595BS,,,LP,04,LUAPULA,0407,Mansa,04072,MANSA CENTRAL,0407201,CHANSUNSU,04072011025,,Rural,105,520,init1,,OKAY,,,2025-01-16 22:40:56.053000000,2025-01-16 22:40:56.053000000,29
1064,LP109,2897GC,,,LP,04,LUAPULA,0407,Mansa,04072,MANSA CENTRAL,0407210,CHILYAPA,04072102001,,Urban,106,469,init1,,OKAY,,,2025-01-16 22:40:56.053000000,2025-01-16 22:40:56.053000000,227
1065,LP108,2897GC,,,LP,04,LUAPULA,0407,Mansa,04072,MANSA CENTRAL,0407210,CHILYAPA,04072102006,,Urban,159,718,init1,,OKAY,,,2025-01-16 22:40:56.053000000,2025-01-16 22:40:56.053000000,227
1066,LP107,2897GC,,,LP,04,LUAPULA,0407,Mansa,04072,MANSA CENTRAL,0407210,CHILYAPA,04072102010,,Urban,181,841,init1,,OKAY,,,2025-01-16 22:40:56.053000000,2025-01-16 22:40:56.053000000,227
1067,LP106,2897GC,,,LP,04,LUAPULA,0407,Mansa,04072,MANSA CENTRAL,0407210,CHILYAPA,04072102015,,Urban,178,950,init1,,OKAY,,,2025-01-16 22:40:56.053000000,2025-01-16 22:40:56.053000000,227
1068,LP105,2897GC,,,LP,04,LUAPULA,0407,Mansa,04072,MANSA CENTRAL,0407210,CHILYAPA,04072102020,,Urban,142,715,init1,,OKAY,,,2025-01-16 22:40:56.053000000,2025-01-16 22:40:56.053000000,227
1069,LP104,2897GC,,,LP,04,LUAPULA,0407,Mansa,04072,MANSA CENTRAL,0407210,CHILYAPA,04072102024,,Urban,226,964,init1,,OKAY,,,2025-01-16 22:40:56.053000000,2025-01-16 22:40:56.053000000,227
1070,LP103,2897GC,,,LP,04,LUAPULA,0407,Mansa,04072,MANSA CENTRAL,0407210,CHILYAPA,04072102029,,Urban,109,497,init1,,OKAY,,,2025-01-16 22:40:56.053000000,2025-01-16 22:40:56.053000000,227
1071,LP102,2897GC,,,LP,04,LUAPULA,0407,Mansa,04072,MANSA CENTRAL,0407210,CHILYAPA,04072102033,,Urban,100,513,init1,,OKAY,,,2025-01-16 22:40:56.053000000,2025-01-16 22:40:56.053000000,227
1072,LP101,2897GC,,,LP,04,LUAPULA,0407,Mansa,04072,MANSA CENTRAL,0407210,CHILYAPA,04072102037,,Urban,109,505,init1,,OKAY,,,2025-01-16 22:40:56.053000000,2025-01-16 22:40:56.053000000,227
1073,LP100,2897GC,,,LP,04,LUAPULA,0407,Mansa,04072,MANSA CENTRAL,0407210,CHILYAPA,04072102042,,Urban,180,823,init1,,OKAY,,,2025-01-16 22:40:56.053000000,2025-01-16 22:40:56.053000000,227
1074,LP149,1851ZT,,,LP,04,LUAPULA,0407,Mansa,04072,MANSA CENTRAL,0407204,FIMPULU,04072041003,,Rural,93,496,init1,,OKAY,,,2025-01-16 22:40:56.053000000,2025-01-16 22:40:56.053000000,43
1075,LP148,1851ZT,,,LP,04,LUAPULA,0407,Mansa,04072,MANSA CENTRAL,0407204,FIMPULU,04072041006,,Rural,104,469,init1,,OKAY,,,2025-01-16 22:40:56.053000000,2025-01-16 22:40:56.053000000,43
1076,LP147,1851ZT,,,LP,04,LUAPULA,0407,Mansa,04072,MANSA CENTRAL,0407204,FIMPULU,04072041009,,Rural,77,352,init1,,OKAY,,,2025-01-16 22:40:56.053000000,2025-01-16 22:40:56.053000000,43
1077,LP146,1851ZT,,,LP,04,LUAPULA,0407,Mansa,04072,MANSA CENTRAL,0407204,FIMPULU,04072041012,,Rural,63,308,init1,,OKAY,,,2025-01-16 22:40:56.053000000,2025-01-16 22:40:56.053000000,43
1078,LP145,1851ZT,,,LP,04,LUAPULA,0407,Mansa,04072,MANSA CENTRAL,0407204,FIMPULU,04072041015,,Rural,70,258,init1,,OKAY,,,2025-01-16 22:40:56.053000000,2025-01-16 22:40:56.053000000,43
1079,LP144,1851ZT,,,LP,04,LUAPULA,0407,Mansa,04072,MANSA CENTRAL,0407204,FIMPULU,04072041018,,Rural,70,382,init1,,OKAY,,,2025-01-16 22:40:56.053000000,2025-01-16 22:40:56.053000000,43
1080,LP143,1851ZT,,,LP,04,LUAPULA,0407,Mansa,04072,MANSA CENTRAL,0407204,FIMPULU,04072041021,,Rural,120,539,init1,,OKAY,,,2025-01-16 22:40:56.053000000,2025-01-16 22:40:56.053000000,43
1081,LP142,1851ZT,,,LP,04,LUAPULA,0407,Mansa,04072,MANSA CENTRAL,0407204,FIMPULU,04072041024,,Rural,86,426,init1,,OKAY,,,2025-01-16 22:40:56.053000000,2025-01-16 22:40:56.053000000,43
1082,LP141,1851ZT,,,LP,04,LUAPULA,0407,Mansa,04072,MANSA CENTRAL,0407204,FIMPULU,04072041027,,Rural,67,347,init1,,OKAY,,,2025-01-16 22:40:56.053000000,2025-01-16 22:40:56.053000000,43
1083,LP140,1851ZT,,,LP,04,LUAPULA,0407,Mansa,04072,MANSA CENTRAL,0407204,FIMPULU,04072041030,,Rural,73,403,init1,,OKAY,,,2025-01-16 22:40:56.053000000,2025-01-16 22:40:56.053000000,43
1084,LP139,1513YG,,,LP,04,LUAPULA,0407,Mansa,04072,MANSA CENTRAL,0407205,LUKANGABA,04072051002,,Rural,118,535,init1,,OKAY,,,2025-01-16 22:40:56.053000000,2025-01-16 22:40:56.053000000,226
1085,LP138,1513YG,,,LP,04,LUAPULA,0407,Mansa,04072,MANSA CENTRAL,0407205,LUKANGABA,04072051005,,Rural,99,467,init1,,OKAY,,,2025-01-16 22:40:56.053000000,2025-01-16 22:40:56.053000000,226
1086,LP137,1513YG,,,LP,04,LUAPULA,0407,Mansa,04072,MANSA CENTRAL,0407205,LUKANGABA,04072051007,,Rural,93,488,init1,,OKAY,,,2025-01-16 22:40:56.053000000,2025-01-16 22:40:56.053000000,226
1087,LP136,1513YG,,,LP,04,LUAPULA,0407,Mansa,04072,MANSA CENTRAL,0407205,LUKANGABA,04072051010,,Rural,99,426,init1,,OKAY,,,2025-01-16 22:40:56.053000000,2025-01-16 22:40:56.053000000,226
1088,LP135,1513YG,,,LP,04,LUAPULA,0407,Mansa,04072,MANSA CENTRAL,0407205,LUKANGABA,04072051013,,Rural,95,425,init1,,OKAY,,,2025-01-16 22:40:56.053000000,2025-01-16 22:40:56.053000000,226
1089,LP134,1513YG,,,LP,04,LUAPULA,0407,Mansa,04072,MANSA CENTRAL,0407205,LUKANGABA,04072051015,,Rural,86,347,init1,,OKAY,,,2025-01-16 22:40:56.053000000,2025-01-16 22:40:56.053000000,226
1090,LP133,1513YG,,,LP,04,LUAPULA,0407,Mansa,04072,MANSA CENTRAL,0407205,LUKANGABA,04072051018,,Rural,112,514,init1,,OKAY,,,2025-01-16 22:40:56.053000000,2025-01-16 22:40:56.053000000,226
1091,LP132,1513YG,,,LP,04,LUAPULA,0407,Mansa,04072,MANSA CENTRAL,0407205,LUKANGABA,04072051020,,Rural,68,333,init1,,OKAY,,,2025-01-16 22:40:56.053000000,2025-01-16 22:40:56.053000000,226
1092,LP131,1513YG,,,LP,04,LUAPULA,0407,Mansa,04072,MANSA CENTRAL,0407205,LUKANGABA,04072051023,,Rural,63,289,init1,,OKAY,,,2025-01-16 22:40:56.053000000,2025-01-16 22:40:56.053000000,226
1093,LP130,1513YG,,,LP,04,LUAPULA,0407,Mansa,04072,MANSA CENTRAL,0407205,LUKANGABA,04072051026,,Rural,77,322,init1,,OKAY,,,2025-01-16 22:40:56.053000000,2025-01-16 22:40:56.053000000,226
1094,LP129,2614BG,,,LP,04,LUAPULA,0407,Mansa,04072,MANSA CENTRAL,0407207,MUCHINKA,04072072004,,Urban,157,690,init1,,OKAY,,,2025-01-16 22:40:56.053000000,2025-01-16 22:40:56.053000000,46
1095,LP128,2614BG,,,LP,04,LUAPULA,0407,Mansa,04072,MANSA CENTRAL,0407207,MUCHINKA,04072072010,,Urban,93,504,init1,,OKAY,,,2025-01-16 22:40:56.053000000,2025-01-16 22:40:56.053000000,46
1096,LP127,2614BG,,,LP,04,LUAPULA,0407,Mansa,04072,MANSA CENTRAL,0407207,MUCHINKA,04072072017,,Urban,124,653,init1,,OKAY,,,2025-01-16 22:40:56.053000000,2025-01-16 22:40:56.053000000,46
1097,LP126,2614BG,,,LP,04,LUAPULA,0407,Mansa,04072,MANSA CENTRAL,0407207,MUCHINKA,04072072023,,Urban,127,559,init1,,OKAY,,,2025-01-16 22:40:56.053000000,2025-01-16 22:40:56.053000000,46
1098,LP125,2614BG,,,LP,04,LUAPULA,0407,Mansa,04072,MANSA CENTRAL,0407207,MUCHINKA,04072072030,,Urban,90,473,init1,,OKAY,,,2025-01-16 22:40:56.053000000,2025-01-16 22:40:56.053000000,46
1099,LP124,2614BG,,,LP,04,LUAPULA,0407,Mansa,04072,MANSA CENTRAL,0407207,MUCHINKA,04072072036,,Urban,135,546,init1,,OKAY,,,2025-01-16 22:40:56.053000000,2025-01-16 22:40:56.053000000,46
1100,LP123,2614BG,,,LP,04,LUAPULA,0407,Mansa,04072,MANSA CENTRAL,0407207,MUCHINKA,04072072043,,Urban,119,637,init1,,OKAY,,,2025-01-16 22:40:56.053000000,2025-01-16 22:40:56.053000000,46
1101,LP122,2614BG,,,LP,04,LUAPULA,0407,Mansa,04072,MANSA CENTRAL,0407207,MUCHINKA,04072072049,,Urban,106,493,init1,,OKAY,,,2025-01-16 22:40:56.053000000,2025-01-16 22:40:56.053000000,46
1102,LP121,2614BG,,,LP,04,LUAPULA,0407,Mansa,04072,MANSA CENTRAL,0407207,MUCHINKA,04072072056,,Urban,108,512,init1,,OKAY,,,2025-01-16 22:40:56.053000000,2025-01-16 22:40:56.053000000,46
1103,LP120,2614BG,,,LP,04,LUAPULA,0407,Mansa,04072,MANSA CENTRAL,0407207,MUCHINKA,04072072062,,Urban,135,623,init1,,OKAY,,,2025-01-16 22:40:56.053000000,2025-01-16 22:40:56.053000000,46
1104,LP119,1760KD,,,LP,04,LUAPULA,0407,Mansa,04072,MANSA CENTRAL,0407209,MUSABA,04072091005,,Rural,93,414,init1,,OKAY,,,2025-01-16 22:40:56.053000000,2025-01-16 22:40:56.053000000,40
1105,LP118,1760KD,,,LP,04,LUAPULA,0407,Mansa,04072,MANSA CENTRAL,0407209,MUSABA,04072091010,,Rural,80,414,init1,,OKAY,,,2025-01-16 22:40:56.053000000,2025-01-16 22:40:56.053000000,40
1106,LP117,1760KD,,,LP,04,LUAPULA,0407,Mansa,04072,MANSA CENTRAL,0407209,MUSABA,04072091015,,Rural,118,615,init1,,OKAY,,,2025-01-16 22:40:56.053000000,2025-01-16 22:40:56.053000000,40
1107,LP116,1760KD,,,LP,04,LUAPULA,0407,Mansa,04072,MANSA CENTRAL,0407209,MUSABA,04072091020,,Rural,88,408,init1,,OKAY,,,2025-01-16 22:40:56.053000000,2025-01-16 22:40:56.053000000,40
1108,LP115,1760KD,,,LP,04,LUAPULA,0407,Mansa,04072,MANSA CENTRAL,0407209,MUSABA,04072091026,,Rural,65,352,init1,,OKAY,,,2025-01-16 22:40:56.053000000,2025-01-16 22:40:56.053000000,40
1109,LP114,1760KD,,,LP,04,LUAPULA,0407,Mansa,04072,MANSA CENTRAL,0407209,MUSABA,04072091031,,Rural,73,396,init1,,OKAY,,,2025-01-16 22:40:56.053000000,2025-01-16 22:40:56.053000000,40
1110,LP113,1760KD,,,LP,04,LUAPULA,0407,Mansa,04072,MANSA CENTRAL,0407209,MUSABA,04072091036,,Rural,100,421,init1,,OKAY,,,2025-01-16 22:40:56.053000000,2025-01-16 22:40:56.053000000,40
1111,LP112,1760KD,,,LP,04,LUAPULA,0407,Mansa,04072,MANSA CENTRAL,0407209,MUSABA,04072091041,,Rural,54,253,init1,,OKAY,,,2025-01-16 22:40:56.053000000,2025-01-16 22:40:56.053000000,40
1112,LP111,1760KD,,,LP,04,LUAPULA,0407,Mansa,04072,MANSA CENTRAL,0407209,MUSABA,04072091046,,Rural,90,387,init1,,OKAY,,,2025-01-16 22:40:56.053000000,2025-01-16 22:40:56.053000000,40
1113,LP110,1760KD,,,LP,04,LUAPULA,0407,Mansa,04072,MANSA CENTRAL,0407209,MUSABA,04072091052,,Rural,109,592,init1,,OKAY,,,2025-01-16 22:40:56.053000000,2025-01-16 22:40:56.053000000,40
1114,LP099,1892HA,,,LP,04,LUAPULA,0410,Mwense,04101,MAMBILIMA,0410105,MAMBILIMA,04101051002,,Rural,87,367,init1,,OKAY,,,2025-01-16 22:40:56.053000000,2025-01-16 22:40:56.053000000,138
1115,LP098,1892HA,,,LP,04,LUAPULA,0410,Mwense,04101,MAMBILIMA,0410105,MAMBILIMA,04101051004,,Rural,69,336,init1,,OKAY,,,2025-01-16 22:40:56.053000000,2025-01-16 22:40:56.053000000,138
1116,LP097,1892HA,,,LP,04,LUAPULA,0410,Mwense,04101,MAMBILIMA,0410105,MAMBILIMA,04101051005,,Rural,80,418,init1,,OKAY,,,2025-01-16 22:40:56.053000000,2025-01-16 22:40:56.053000000,138
1117,LP096,1892HA,,,LP,04,LUAPULA,0410,Mwense,04101,MAMBILIMA,0410105,MAMBILIMA,04101051007,,Rural,76,369,init1,,OKAY,,,2025-01-16 22:40:56.053000000,2025-01-16 22:40:56.053000000,138
1118,LP095,1892HA,,,LP,04,LUAPULA,0410,Mwense,04101,MAMBILIMA,0410105,MAMBILIMA,04101051008,,Rural,73,318,init1,,OKAY,,,2025-01-16 22:40:56.053000000,2025-01-16 22:40:56.053000000,138
1119,LP094,1892HA,,,LP,04,LUAPULA,0410,Mwense,04101,MAMBILIMA,0410105,MAMBILIMA,04101051010,,Rural,93,453,init1,,OKAY,,,2025-01-16 22:40:56.053000000,2025-01-16 22:40:56.053000000,138
1120,LP093,1892HA,,,LP,04,LUAPULA,0410,Mwense,04101,MAMBILIMA,0410105,MAMBILIMA,04101051012,,Rural,69,364,init1,,OKAY,,,2025-01-16 22:40:56.053000000,2025-01-16 22:40:56.053000000,138
1121,LP092,1892HA,,,LP,04,LUAPULA,0410,Mwense,04101,MAMBILIMA,0410105,MAMBILIMA,04101051013,,Rural,60,333,init1,,OKAY,,,2025-01-16 22:40:56.053000000,2025-01-16 22:40:56.053000000,138
1122,LP091,1892HA,,,LP,04,LUAPULA,0410,Mwense,04101,MAMBILIMA,0410105,MAMBILIMA,04101051015,,Rural,79,435,init1,,OKAY,,,2025-01-16 22:40:56.053000000,2025-01-16 22:40:56.053000000,138
1123,LP090,1892HA,,,LP,04,LUAPULA,0410,Mwense,04101,MAMBILIMA,0410105,MAMBILIMA,04101051016,,Rural,98,549,init1,,OKAY,,,2025-01-16 22:40:56.053000000,2025-01-16 22:40:56.053000000,138
1124,LP089,2621AF,,,LP,04,LUAPULA,0410,Mwense,04101,MAMBILIMA,0410108,MUNWA,04101081001,,Rural,89,460,init1,,OKAY,,,2025-01-16 22:40:56.053000000,2025-01-16 22:40:56.053000000,119
1125,LP088,2621AF,,,LP,04,LUAPULA,0410,Mwense,04101,MAMBILIMA,0410108,MUNWA,04101081002,,Rural,117,567,init1,,OKAY,,,2025-01-16 22:40:56.053000000,2025-01-16 22:40:56.053000000,119
1126,LP087,2621AF,,,LP,04,LUAPULA,0410,Mwense,04101,MAMBILIMA,0410108,MUNWA,04101081003,,Rural,55,281,init1,,OKAY,,,2025-01-16 22:40:56.053000000,2025-01-16 22:40:56.053000000,119
1127,LP086,2621AF,,,LP,04,LUAPULA,0410,Mwense,04101,MAMBILIMA,0410108,MUNWA,04101081004,,Rural,103,492,init1,,OKAY,,,2025-01-16 22:40:56.053000000,2025-01-16 22:40:56.053000000,119
1128,LP085,2621AF,,,LP,04,LUAPULA,0410,Mwense,04101,MAMBILIMA,0410108,MUNWA,04101081005,,Rural,65,341,init1,,OKAY,,,2025-01-16 22:40:56.053000000,2025-01-16 22:40:56.053000000,119
1129,LP084,2621AF,,,LP,04,LUAPULA,0410,Mwense,04101,MAMBILIMA,0410108,MUNWA,04101081006,,Rural,57,280,init1,,OKAY,,,2025-01-16 22:40:56.053000000,2025-01-16 22:40:56.053000000,119
1130,LP083,2621AF,,,LP,04,LUAPULA,0410,Mwense,04101,MAMBILIMA,0410108,MUNWA,04101081007,,Rural,73,374,init1,,OKAY,,,2025-01-16 22:40:56.053000000,2025-01-16 22:40:56.053000000,119
1131,LP082,2621AF,,,LP,04,LUAPULA,0410,Mwense,04101,MAMBILIMA,0410108,MUNWA,04101081008,,Rural,61,279,init1,,OKAY,,,2025-01-16 22:40:56.053000000,2025-01-16 22:40:56.053000000,119
1132,LP081,2621AF,,,LP,04,LUAPULA,0410,Mwense,04101,MAMBILIMA,0410108,MUNWA,04101081009,,Rural,83,410,init1,,OKAY,,,2025-01-16 22:40:56.053000000,2025-01-16 22:40:56.053000000,119
1133,LP080,1533RZ,,,LP,04,LUAPULA,0410,Mwense,04101,MAMBILIMA,0410110,NSOFI,04101101001,,Rural,77,361,init1,,OKAY,,,2025-01-16 22:40:56.053000000,2025-01-16 22:40:56.053000000,223
1134,LP079,1533RZ,,,LP,04,LUAPULA,0410,Mwense,04101,MAMBILIMA,0410110,NSOFI,04101101002,,Rural,122,622,init1,,OKAY,,,2025-01-16 22:40:56.053000000,2025-01-16 22:40:56.053000000,223
1135,LP078,1533RZ,,,LP,04,LUAPULA,0410,Mwense,04101,MAMBILIMA,0410110,NSOFI,04101101004,,Rural,67,312,init1,,OKAY,,,2025-01-16 22:40:56.053000000,2025-01-16 22:40:56.053000000,223
1136,LP077,1533RZ,,,LP,04,LUAPULA,0410,Mwense,04101,MAMBILIMA,0410110,NSOFI,04101101006,,Rural,93,440,init1,,OKAY,,,2025-01-16 22:40:56.053000000,2025-01-16 22:40:56.053000000,223
1137,LP076,1533RZ,,,LP,04,LUAPULA,0410,Mwense,04101,MAMBILIMA,0410110,NSOFI,04101101008,,Rural,145,692,init1,,OKAY,,,2025-01-16 22:40:56.053000000,2025-01-16 22:40:56.053000000,223
1138,LP075,1533RZ,,,LP,04,LUAPULA,0410,Mwense,04101,MAMBILIMA,0410110,NSOFI,04101101010,,Rural,104,448,init1,,OKAY,,,2025-01-16 22:40:56.053000000,2025-01-16 22:40:56.053000000,223
1139,LP074,1533RZ,,,LP,04,LUAPULA,0410,Mwense,04101,MAMBILIMA,0410110,NSOFI,04101101011,,Rural,107,525,init1,,OKAY,,,2025-01-16 22:40:56.053000000,2025-01-16 22:40:56.053000000,223
1140,LP073,1533RZ,,,LP,04,LUAPULA,0410,Mwense,04101,MAMBILIMA,0410110,NSOFI,04101101013,,Rural,62,316,init1,,OKAY,,,2025-01-16 22:40:56.053000000,2025-01-16 22:40:56.053000000,223
1141,LP072,1533RZ,,,LP,04,LUAPULA,0410,Mwense,04101,MAMBILIMA,0410110,NSOFI,04101101015,,Rural,72,378,init1,,OKAY,,,2025-01-16 22:40:56.053000000,2025-01-16 22:40:56.053000000,223
1142,LP071,1533RZ,,,LP,04,LUAPULA,0410,Mwense,04101,MAMBILIMA,0410110,NSOFI,04101101017,,Rural,83,361,init1,,OKAY,,,2025-01-16 22:40:56.053000000,2025-01-16 22:40:56.053000000,223
1143,LP070,1954YJ,,,LP,04,LUAPULA,0410,Mwense,04102,MWENSE,0410201,CHACHACHA,04102011001,,Rural,80,380,init1,,OKAY,,,2025-01-16 22:40:56.053000000,2025-01-16 22:40:56.053000000,28
1144,LP069,1954YJ,,,LP,04,LUAPULA,0410,Mwense,04102,MWENSE,0410201,CHACHACHA,04102011003,,Rural,88,512,init1,,OKAY,,,2025-01-16 22:40:56.053000000,2025-01-16 22:40:56.053000000,28
1145,LP068,1954YJ,,,LP,04,LUAPULA,0410,Mwense,04102,MWENSE,0410201,CHACHACHA,04102011005,,Rural,69,291,init1,,OKAY,,,2025-01-16 22:40:56.053000000,2025-01-16 22:40:56.053000000,28
1146,LP067,1954YJ,,,LP,04,LUAPULA,0410,Mwense,04102,MWENSE,0410201,CHACHACHA,04102011007,,Rural,114,626,init1,,OKAY,,,2025-01-16 22:40:56.053000000,2025-01-16 22:40:56.053000000,28
1147,LP066,1954YJ,,,LP,04,LUAPULA,0410,Mwense,04102,MWENSE,0410201,CHACHACHA,04102011009,,Rural,75,393,init1,,OKAY,,,2025-01-16 22:40:56.053000000,2025-01-16 22:40:56.053000000,28
1148,LP065,1954YJ,,,LP,04,LUAPULA,0410,Mwense,04102,MWENSE,0410201,CHACHACHA,04102011011,,Rural,102,311,init1,,OKAY,,,2025-01-16 22:40:56.053000000,2025-01-16 22:40:56.053000000,28
1149,LP064,1954YJ,,,LP,04,LUAPULA,0410,Mwense,04102,MWENSE,0410201,CHACHACHA,04102011013,,Rural,72,398,init1,,OKAY,,,2025-01-16 22:40:56.053000000,2025-01-16 22:40:56.053000000,28
1150,LP063,1954YJ,,,LP,04,LUAPULA,0410,Mwense,04102,MWENSE,0410201,CHACHACHA,04102011015,,Rural,81,473,init1,,OKAY,,,2025-01-16 22:40:56.053000000,2025-01-16 22:40:56.053000000,28
1151,LP062,1954YJ,,,LP,04,LUAPULA,0410,Mwense,04102,MWENSE,0410201,CHACHACHA,04102011016,,Rural,87,519,init1,,OKAY,,,2025-01-16 22:40:56.053000000,2025-01-16 22:40:56.053000000,28
1152,LP061,1954YJ,,,LP,04,LUAPULA,0410,Mwense,04102,MWENSE,0410201,CHACHACHA,04102011018,,Rural,83,390,init1,,OKAY,,,2025-01-16 22:40:56.053000000,2025-01-16 22:40:56.053000000,28
1153,LP060,1201BC,,,LP,04,LUAPULA,0410,Mwense,04102,MWENSE,0410202,CHIWASHA,04102021001,,Rural,106,546,init1,,OKAY,,,2025-01-16 22:40:56.053000000,2025-01-16 22:40:56.053000000,20
1154,LP059,1201BC,,,LP,04,LUAPULA,0410,Mwense,04102,MWENSE,0410202,CHIWASHA,04102021002,,Rural,88,511,init1,,OKAY,,,2025-01-16 22:40:56.053000000,2025-01-16 22:40:56.053000000,20
1155,LP058,1201BC,,,LP,04,LUAPULA,0410,Mwense,04102,MWENSE,0410202,CHIWASHA,04102021004,,Rural,103,574,init1,,OKAY,,,2025-01-16 22:40:56.053000000,2025-01-16 22:40:56.053000000,20
1156,LP057,1201BC,,,LP,04,LUAPULA,0410,Mwense,04102,MWENSE,0410202,CHIWASHA,04102021005,,Rural,114,655,init1,,OKAY,,,2025-01-16 22:40:56.053000000,2025-01-16 22:40:56.053000000,20
1157,LP056,1201BC,,,LP,04,LUAPULA,0410,Mwense,04102,MWENSE,0410202,CHIWASHA,04102021006,,Rural,110,661,init1,,OKAY,,,2025-01-16 22:40:56.053000000,2025-01-16 22:40:56.053000000,20
1158,LP055,1201BC,,,LP,04,LUAPULA,0410,Mwense,04102,MWENSE,0410202,CHIWASHA,04102021007,,Rural,95,501,init1,,OKAY,,,2025-01-16 22:40:56.053000000,2025-01-16 22:40:56.053000000,20
1159,LP054,1201BC,,,LP,04,LUAPULA,0410,Mwense,04102,MWENSE,0410202,CHIWASHA,04102021008,,Rural,152,740,init1,,OKAY,,,2025-01-16 22:40:56.053000000,2025-01-16 22:40:56.053000000,20
1160,LP053,1201BC,,,LP,04,LUAPULA,0410,Mwense,04102,MWENSE,0410202,CHIWASHA,04102021009,,Rural,91,463,init1,,OKAY,,,2025-01-16 22:40:56.053000000,2025-01-16 22:40:56.053000000,20
1161,LP052,1201BC,,,LP,04,LUAPULA,0410,Mwense,04102,MWENSE,0410202,CHIWASHA,04102021010,,Rural,85,395,init1,,OKAY,,,2025-01-16 22:40:56.053000000,2025-01-16 22:40:56.053000000,20
1162,LP051,1201BC,,,LP,04,LUAPULA,0410,Mwense,04102,MWENSE,0410202,CHIWASHA,04102021011,,Rural,44,244,init1,,VAST EA,,,2025-01-16 22:40:56.053000000,2025-01-16 22:40:56.053000000,20
1163,LP050,3318LG,,,LP,04,LUAPULA,0410,Mwense,04102,MWENSE,0410203,KAOMBE,04102031001,,Rural,113,664,init1,,OKAY,,,2025-01-16 22:40:56.053000000,2025-01-16 22:40:56.053000000,1
1164,LP049,3318LG,,,LP,04,LUAPULA,0410,Mwense,04102,MWENSE,0410203,KAOMBE,04102031003,,Rural,76,397,init1,,OKAY,,,2025-01-16 22:40:56.053000000,2025-01-16 22:40:56.053000000,1
1165,LP048,3318LG,,,LP,04,LUAPULA,0410,Mwense,04102,MWENSE,0410203,KAOMBE,04102031005,,Rural,94,469,init1,,OKAY,,,2025-01-16 22:40:56.053000000,2025-01-16 22:40:56.053000000,1
1166,LP047,3318LG,,,LP,04,LUAPULA,0410,Mwense,04102,MWENSE,0410203,KAOMBE,04102031007,,Rural,70,349,init1,,OKAY,,,2025-01-16 22:40:56.053000000,2025-01-16 22:40:56.053000000,1
1167,LP046,3318LG,,,LP,04,LUAPULA,0410,Mwense,04102,MWENSE,0410203,KAOMBE,04102031008,,Rural,102,506,init1,,OKAY,,,2025-01-16 22:40:56.053000000,2025-01-16 22:40:56.053000000,1
1168,LP045,3318LG,,,LP,04,LUAPULA,0410,Mwense,04102,MWENSE,0410203,KAOMBE,04102031010,,Rural,97,514,init1,,OKAY,,,2025-01-16 22:40:56.053000000,2025-01-16 22:40:56.053000000,1
1169,LP044,3318LG,,,LP,04,LUAPULA,0410,Mwense,04102,MWENSE,0410203,KAOMBE,04102031012,,Rural,81,474,init1,,OKAY,,,2025-01-16 22:40:56.053000000,2025-01-16 22:40:56.053000000,1
1170,LP043,3318LG,,,LP,04,LUAPULA,0410,Mwense,04102,MWENSE,0410203,KAOMBE,04102031013,,Rural,89,462,init1,,OKAY,,,2025-01-16 22:40:56.053000000,2025-01-16 22:40:56.053000000,1
1171,LP042,3318LG,,,LP,04,LUAPULA,0410,Mwense,04102,MWENSE,0410203,KAOMBE,04102031015,,Rural,89,449,init1,,OKAY,,,2025-01-16 22:40:56.053000000,2025-01-16 22:40:56.053000000,1
1172,LP041,3318LG,,,LP,04,LUAPULA,0410,Mwense,04102,MWENSE,0410203,KAOMBE,04102031017,,Rural,63,386,init1,,OKAY,,,2025-01-16 22:40:56.053000000,2025-01-16 22:40:56.053000000,1
1173,LP040,1422TP,,,LP,04,LUAPULA,0410,Mwense,04102,MWENSE,0410205,KAPELA,04102051001,,Rural,74,393,init1,,OKAY,,,2025-01-16 22:40:56.053000000,2025-01-16 22:40:56.053000000,89
1174,LP039,1422TP,,,LP,04,LUAPULA,0410,Mwense,04102,MWENSE,0410205,KAPELA,04102051003,,Rural,75,382,init1,,OKAY,,,2025-01-16 22:40:56.053000000,2025-01-16 22:40:56.053000000,89
1175,LP038,1422TP,,,LP,04,LUAPULA,0410,Mwense,04102,MWENSE,0410205,KAPELA,04102051006,,Rural,85,450,init1,,OKAY,,,2025-01-16 22:40:56.053000000,2025-01-16 22:40:56.053000000,89
1176,LP037,1422TP,,,LP,04,LUAPULA,0410,Mwense,04102,MWENSE,0410205,KAPELA,04102051008,,Rural,94,418,init1,,OKAY,,,2025-01-16 22:40:56.053000000,2025-01-16 22:40:56.053000000,89
1177,LP036,1422TP,,,LP,04,LUAPULA,0410,Mwense,04102,MWENSE,0410205,KAPELA,04102051010,,Rural,65,349,init1,,OKAY,,,2025-01-16 22:40:56.053000000,2025-01-16 22:40:56.053000000,89
1178,LP035,1422TP,,,LP,04,LUAPULA,0410,Mwense,04102,MWENSE,0410205,KAPELA,04102051013,,Rural,105,578,init1,,OKAY,,,2025-01-16 22:40:56.053000000,2025-01-16 22:40:56.053000000,89
1179,LP034,1422TP,,,LP,04,LUAPULA,0410,Mwense,04102,MWENSE,0410205,KAPELA,04102051015,,Rural,77,439,init1,,OKAY,,,2025-01-16 22:40:56.053000000,2025-01-16 22:40:56.053000000,89
1180,LP033,1422TP,,,LP,04,LUAPULA,0410,Mwense,04102,MWENSE,0410205,KAPELA,04102051017,,Rural,99,489,init1,,OKAY,,,2025-01-16 22:40:56.053000000,2025-01-16 22:40:56.053000000,89
1181,LP032,1422TP,,,LP,04,LUAPULA,0410,Mwense,04102,MWENSE,0410205,KAPELA,04102051020,,Rural,110,579,init1,,OKAY,,,2025-01-16 22:40:56.053000000,2025-01-16 22:40:56.053000000,89
1182,LP031,1422TP,,,LP,04,LUAPULA,0410,Mwense,04102,MWENSE,0410205,KAPELA,04102051022,,Rural,84,397,init1,,OKAY,,,2025-01-16 22:40:56.053000000,2025-01-16 22:40:56.053000000,89
1183,LP030,2605YM,,,LP,04,LUAPULA,0410,Mwense,04102,MWENSE,0410206,KASENGU,04102061002,,Rural,76,385,init1,,OKAY,,,2025-01-16 22:40:56.053000000,2025-01-16 22:40:56.053000000,205
1184,LP029,2605YM,,,LP,04,LUAPULA,0410,Mwense,04102,MWENSE,0410206,KASENGU,04102061003,,Rural,85,369,init1,,OKAY,,,2025-01-16 22:40:56.053000000,2025-01-16 22:40:56.053000000,205
1185,LP028,2605YM,,,LP,04,LUAPULA,0410,Mwense,04102,MWENSE,0410206,KASENGU,04102061005,,Rural,74,284,init1,,OKAY,,,2025-01-16 22:40:56.053000000,2025-01-16 22:40:56.053000000,205
1186,LP027,2605YM,,,LP,04,LUAPULA,0410,Mwense,04102,MWENSE,0410206,KASENGU,04102061006,,Rural,102,472,init1,,OKAY,,,2025-01-16 22:40:56.053000000,2025-01-16 22:40:56.053000000,205
1187,LP026,2605YM,,,LP,04,LUAPULA,0410,Mwense,04102,MWENSE,0410206,KASENGU,04102061009,,Rural,114,548,init1,,OKAY,,,2025-01-16 22:40:56.053000000,2025-01-16 22:40:56.053000000,205
1188,LP025,2605YM,,,LP,04,LUAPULA,0410,Mwense,04102,MWENSE,0410206,KASENGU,04102061010,,Rural,91,450,init1,,OKAY,,,2025-01-16 22:40:56.053000000,2025-01-16 22:40:56.053000000,205
1189,LP024,2605YM,,,LP,04,LUAPULA,0410,Mwense,04102,MWENSE,0410206,KASENGU,04102061011,,Rural,63,350,init1,,OKAY,,,2025-01-16 22:40:56.053000000,2025-01-16 22:40:56.053000000,205
1190,LP023,2605YM,,,LP,04,LUAPULA,0410,Mwense,04102,MWENSE,0410206,KASENGU,04102062007,,Urban,107,495,init1,,OKAY,,,2025-01-16 22:40:56.053000000,2025-01-16 22:40:56.053000000,205
1191,LP022,2605YM,,,LP,04,LUAPULA,0410,Mwense,04102,MWENSE,0410206,KASENGU,04102062012,,Urban,113,530,init1,,OKAY,,,2025-01-16 22:40:56.053000000,2025-01-16 22:40:56.053000000,205
1192,LP021,2605YM,,,LP,04,LUAPULA,0410,Mwense,04102,MWENSE,0410206,KASENGU,04102062013,,Urban,95,475,init1,,OKAY,,,2025-01-16 22:40:56.053000000,2025-01-16 22:40:56.053000000,205
1193,LP020,1681BM,,,LP,04,LUAPULA,0410,Mwense,04102,MWENSE,0410208,LUCHE,04102081002,,Rural,68,419,init1,,OKAY,,,2025-01-16 22:40:56.053000000,2025-01-16 22:40:56.053000000,68
1194,LP019,1681BM,,,LP,04,LUAPULA,0410,Mwense,04102,MWENSE,0410208,LUCHE,04102081005,,Rural,96,525,init1,,OKAY,,,2025-01-16 22:40:56.053000000,2025-01-16 22:40:56.053000000,68
1195,LP018,1681BM,,,LP,04,LUAPULA,0410,Mwense,04102,MWENSE,0410208,LUCHE,04102081007,,Rural,109,586,init1,,OKAY,,,2025-01-16 22:40:56.053000000,2025-01-16 22:40:56.053000000,68
1196,LP017,1681BM,,,LP,04,LUAPULA,0410,Mwense,04102,MWENSE,0410208,LUCHE,04102081009,,Rural,83,488,init1,,OKAY,,,2025-01-16 22:40:56.053000000,2025-01-16 22:40:56.053000000,68
1197,LP016,1681BM,,,LP,04,LUAPULA,0410,Mwense,04102,MWENSE,0410208,LUCHE,04102081012,,Rural,97,491,init1,,OKAY,,,2025-01-16 22:40:56.053000000,2025-01-16 22:40:56.053000000,68
1198,LP015,1681BM,,,LP,04,LUAPULA,0410,Mwense,04102,MWENSE,0410208,LUCHE,04102081014,,Rural,56,287,init1,,OKAY,,,2025-01-16 22:40:56.053000000,2025-01-16 22:40:56.053000000,68
1199,LP014,1681BM,,,LP,04,LUAPULA,0410,Mwense,04102,MWENSE,0410208,LUCHE,04102081016,,Rural,96,586,init1,,OKAY,,,2025-01-16 22:40:56.053000000,2025-01-16 22:40:56.053000000,68
1200,LP013,1681BM,,,LP,04,LUAPULA,0410,Mwense,04102,MWENSE,0410208,LUCHE,04102081018,,Rural,84,495,init1,,OKAY,,,2025-01-16 22:40:56.053000000,2025-01-16 22:40:56.053000000,68
1201,LP012,1681BM,,,LP,04,LUAPULA,0410,Mwense,04102,MWENSE,0410208,LUCHE,04102081021,,Rural,80,445,init1,,OKAY,,,2025-01-16 22:40:56.053000000,2025-01-16 22:40:56.053000000,68
1202,LP011,1681BM,,,LP,04,LUAPULA,0410,Mwense,04102,MWENSE,0410208,LUCHE,04102081023,,Rural,83,467,init1,,OKAY,,,2025-01-16 22:40:56.053000000,2025-01-16 22:40:56.053000000,68
1203,LP010,1326HG,,,LP,04,LUAPULA,0410,Mwense,04102,MWENSE,0410210,NKANGA,04102101002,,Rural,85,485,init1,,OKAY,,,2025-01-16 22:40:56.053000000,2025-01-16 22:40:56.053000000,197
1204,LP009,1326HG,,,LP,04,LUAPULA,0410,Mwense,04102,MWENSE,0410210,NKANGA,04102101003,,Rural,98,619,init1,,OKAY,,,2025-01-16 22:40:56.053000000,2025-01-16 22:40:56.053000000,197
1205,LP008,1326HG,,,LP,04,LUAPULA,0410,Mwense,04102,MWENSE,0410210,NKANGA,04102101004,,Rural,70,395,init1,,OKAY,,,2025-01-16 22:40:56.053000000,2025-01-16 22:40:56.053000000,197
1206,LP007,1326HG,,,LP,04,LUAPULA,0410,Mwense,04102,MWENSE,0410210,NKANGA,04102101006,,Rural,73,448,init1,,OKAY,,,2025-01-16 22:40:56.053000000,2025-01-16 22:40:56.053000000,197
1207,LP006,1326HG,,,LP,04,LUAPULA,0410,Mwense,04102,MWENSE,0410210,NKANGA,04102101007,,Rural,126,731,init1,,OKAY,,,2025-01-16 22:40:56.053000000,2025-01-16 22:40:56.053000000,197
1208,LP005,1326HG,,,LP,04,LUAPULA,0410,Mwense,04102,MWENSE,0410210,NKANGA,04102101009,,Rural,91,414,init1,,OKAY,,,2025-01-16 22:40:56.053000000,2025-01-16 22:40:56.053000000,197
1209,LP004,1326HG,,,LP,04,LUAPULA,0410,Mwense,04102,MWENSE,0410210,NKANGA,04102101010,,Rural,86,498,init1,,OKAY,,,2025-01-16 22:40:56.053000000,2025-01-16 22:40:56.053000000,197
1210,LP003,1326HG,,,LP,04,LUAPULA,0410,Mwense,04102,MWENSE,0410210,NKANGA,04102101011,,Rural,87,463,init1,,OKAY,,,2025-01-16 22:40:56.053000000,2025-01-16 22:40:56.053000000,197
1211,LP002,1326HG,,,LP,04,LUAPULA,0410,Mwense,04102,MWENSE,0410210,NKANGA,04102101013,,Rural,73,433,init1,,OKAY,,,2025-01-16 22:40:56.053000000,2025-01-16 22:40:56.053000000,197
1212,LP001,1326HG,,,LP,04,LUAPULA,0410,Mwense,04102,MWENSE,0410210,NKANGA,04102101014,,Rural,82,468,init1,,OKAY,,,2025-01-16 22:40:56.053000000,2025-01-16 22:40:56.053000000,197
1213,LS339,2138SC,,,LS,05,LUSAKA,0502,CHONGWE,05021,CHONGWE,0502101,CHAINDA,05021011001,,Rural,106,530,init1,,OKAY,,,2025-01-16 22:40:56.053000000,2025-01-16 22:40:56.053000000,177
1214,LS338,2138SC,,,LS,05,LUSAKA,0502,CHONGWE,05021,CHONGWE,0502101,CHAINDA,05021011004,,Rural,80,403,init1,,OKAY,,,2025-01-16 22:40:56.053000000,2025-01-16 22:40:56.053000000,177
1215,LS337,2138SC,,,LS,05,LUSAKA,0502,CHONGWE,05021,CHONGWE,0502101,CHAINDA,05021011007,,Rural,118,511,init1,,OKAY,,,2025-01-16 22:40:56.053000000,2025-01-16 22:40:56.053000000,177
1216,LS336,2138SC,,,LS,05,LUSAKA,0502,CHONGWE,05021,CHONGWE,0502101,CHAINDA,05021011010,,Rural,96,405,init1,,OKAY,,,2025-01-16 22:40:56.053000000,2025-01-16 22:40:56.053000000,177
1217,LS335,2138SC,,,LS,05,LUSAKA,0502,CHONGWE,05021,CHONGWE,0502101,CHAINDA,05021011013,,Rural,82,356,init1,,OKAY,,,2025-01-16 22:40:56.053000000,2025-01-16 22:40:56.053000000,177
1218,LS334,2138SC,,,LS,05,LUSAKA,0502,CHONGWE,05021,CHONGWE,0502101,CHAINDA,05021011016,,Rural,80,403,init1,,OKAY,,,2025-01-16 22:40:56.053000000,2025-01-16 22:40:56.053000000,177
1219,LS333,2138SC,,,LS,05,LUSAKA,0502,CHONGWE,05021,CHONGWE,0502101,CHAINDA,05021011019,,Rural,115,595,init1,,OKAY,,,2025-01-16 22:40:56.053000000,2025-01-16 22:40:56.053000000,177
1220,LS332,2138SC,,,LS,05,LUSAKA,0502,CHONGWE,05021,CHONGWE,0502101,CHAINDA,05021011022,,Rural,149,564,init1,,OKAY,,,2025-01-16 22:40:56.053000000,2025-01-16 22:40:56.053000000,177
1221,LS331,2138SC,,,LS,05,LUSAKA,0502,CHONGWE,05021,CHONGWE,0502101,CHAINDA,05021011025,,Rural,69,353,init1,,OKAY,,,2025-01-16 22:40:56.053000000,2025-01-16 22:40:56.053000000,177
1222,LS330,2138SC,,,LS,05,LUSAKA,0502,CHONGWE,05021,CHONGWE,0502101,CHAINDA,05021011028,,Rural,57,279,init1,,OKAY,,,2025-01-16 22:40:56.053000000,2025-01-16 22:40:56.053000000,177
1223,LS329,1068BN,,,LS,05,LUSAKA,0502,CHONGWE,05021,CHONGWE,0502103,CHINKULI,05021031003,,Rural,120,573,init1,,OKAY,,,2025-01-16 22:40:56.053000000,2025-01-16 22:40:56.053000000,104
1224,LS328,1068BN,,,LS,05,LUSAKA,0502,CHONGWE,05021,CHONGWE,0502103,CHINKULI,05021031005,,Rural,143,635,init1,,OKAY,,,2025-01-16 22:40:56.053000000,2025-01-16 22:40:56.053000000,104
1225,LS327,1068BN,,,LS,05,LUSAKA,0502,CHONGWE,05021,CHONGWE,0502103,CHINKULI,05021031008,,Rural,161,706,init1,,OKAY,,,2025-01-16 22:40:56.053000000,2025-01-16 22:40:56.053000000,104
1226,LS326,1068BN,,,LS,05,LUSAKA,0502,CHONGWE,05021,CHONGWE,0502103,CHINKULI,05021031011,,Rural,114,546,init1,,OKAY,,,2025-01-16 22:40:56.053000000,2025-01-16 22:40:56.053000000,104
1227,LS325,1068BN,,,LS,05,LUSAKA,0502,CHONGWE,05021,CHONGWE,0502103,CHINKULI,05021031013,,Rural,101,482,init1,,OKAY,,,2025-01-16 22:40:56.053000000,2025-01-16 22:40:56.053000000,104
1228,LS324,1068BN,,,LS,05,LUSAKA,0502,CHONGWE,05021,CHONGWE,0502103,CHINKULI,05021031016,,Rural,100,442,init1,,OKAY,,,2025-01-16 22:40:56.053000000,2025-01-16 22:40:56.053000000,104
1229,LS323,1068BN,,,LS,05,LUSAKA,0502,CHONGWE,05021,CHONGWE,0502103,CHINKULI,05021031018,,Rural,129,560,init1,,OKAY,,,2025-01-16 22:40:56.053000000,2025-01-16 22:40:56.053000000,104
1230,LS322,1068BN,,,LS,05,LUSAKA,0502,CHONGWE,05021,CHONGWE,0502103,CHINKULI,05021031021,,Rural,101,465,init1,,OKAY,,,2025-01-16 22:40:56.053000000,2025-01-16 22:40:56.053000000,104
1231,LS321,1068BN,,,LS,05,LUSAKA,0502,CHONGWE,05021,CHONGWE,0502103,CHINKULI,05021031024,,Rural,92,386,init1,,OKAY,,,2025-01-16 22:40:56.053000000,2025-01-16 22:40:56.053000000,104
1232,LS320,1068BN,,,LS,05,LUSAKA,0502,CHONGWE,05021,CHONGWE,0502103,CHINKULI,05021031026,,Rural,78,309,init1,,OKAY,,,2025-01-16 22:40:56.053000000,2025-01-16 22:40:56.053000000,104
1233,LS319,1301LJ,,,LS,05,LUSAKA,0502,CHONGWE,05021,CHONGWE,0502104,CHONGWE,05021042001,,Urban,80,366,init1,,OKAY,,,2025-01-16 22:40:56.053000000,2025-01-16 22:40:56.053000000,70
1234,LS318,1301LJ,,,LS,05,LUSAKA,0502,CHONGWE,05021,CHONGWE,0502104,CHONGWE,05021042010,,Urban,111,538,init1,,OKAY,,,2025-01-16 22:40:56.053000000,2025-01-16 22:40:56.053000000,70
1235,LS317,1301LJ,,,LS,05,LUSAKA,0502,CHONGWE,05021,CHONGWE,0502104,CHONGWE,05021042019,,Urban,170,802,init1,,OKAY,,,2025-01-16 22:40:56.053000000,2025-01-16 22:40:56.053000000,70
1236,LS316,1301LJ,,,LS,05,LUSAKA,0502,CHONGWE,05021,CHONGWE,0502104,CHONGWE,05021042028,,Urban,161,594,init1,,OKAY,,,2025-01-16 22:40:56.053000000,2025-01-16 22:40:56.053000000,70
1237,LS315,1301LJ,,,LS,05,LUSAKA,0502,CHONGWE,05021,CHONGWE,0502104,CHONGWE,05021042037,,Urban,176,718,init1,,OKAY,,,2025-01-16 22:40:56.053000000,2025-01-16 22:40:56.053000000,70
1238,LS314,1301LJ,,,LS,05,LUSAKA,0502,CHONGWE,05021,CHONGWE,0502104,CHONGWE,05021042046,,Urban,166,763,init1,,OKAY,,,2025-01-16 22:40:56.053000000,2025-01-16 22:40:56.053000000,70
1239,LS313,1301LJ,,,LS,05,LUSAKA,0502,CHONGWE,05021,CHONGWE,0502104,CHONGWE,05021042054,,Urban,199,750,init1,,OKAY,,,2025-01-16 22:40:56.053000000,2025-01-16 22:40:56.053000000,70
1240,LS312,1301LJ,,,LS,05,LUSAKA,0502,CHONGWE,05021,CHONGWE,0502104,CHONGWE,05021042064,,Urban,137,569,init1,,OKAY,,,2025-01-16 22:40:56.053000000,2025-01-16 22:40:56.053000000,70
1241,LS311,1301LJ,,,LS,05,LUSAKA,0502,CHONGWE,05021,CHONGWE,0502104,CHONGWE,05021042073,,Urban,102,445,init1,,OKAY,,,2025-01-16 22:40:56.053000000,2025-01-16 22:40:56.053000000,70
1242,LS310,1301LJ,,,LS,05,LUSAKA,0502,CHONGWE,05021,CHONGWE,0502104,CHONGWE,05021042082,,Urban,187,759,init1,,OKAY,,,2025-01-16 22:40:56.053000000,2025-01-16 22:40:56.053000000,70
1243,LS309,2013AE,,,LS,05,LUSAKA,0502,CHONGWE,05021,CHONGWE,0502105,KANAKANTAPA,05021051001,,Rural,161,665,init1,,OKAY,,,2025-01-16 22:40:56.053000000,2025-01-16 22:40:56.053000000,131
1244,LS308,2013AE,,,LS,05,LUSAKA,0502,CHONGWE,05021,CHONGWE,0502105,KANAKANTAPA,05021051003,,Rural,175,755,init1,,OKAY,,,2025-01-16 22:40:56.053000000,2025-01-16 22:40:56.053000000,131
1245,LS307,2013AE,,,LS,05,LUSAKA,0502,CHONGWE,05021,CHONGWE,0502105,KANAKANTAPA,05021051005,,Rural,131,557,init1,,OKAY,,,2025-01-16 22:40:56.053000000,2025-01-16 22:40:56.053000000,131
1246,LS306,2013AE,,,LS,05,LUSAKA,0502,CHONGWE,05021,CHONGWE,0502105,KANAKANTAPA,05021051007,,Rural,115,575,init1,,OKAY,,,2025-01-16 22:40:56.053000000,2025-01-16 22:40:56.053000000,131
1247,LS305,2013AE,,,LS,05,LUSAKA,0502,CHONGWE,05021,CHONGWE,0502105,KANAKANTAPA,05021051008,,Rural,95,435,init1,,OKAY,,,2025-01-16 22:40:56.053000000,2025-01-16 22:40:56.053000000,131
1248,LS304,2013AE,,,LS,05,LUSAKA,0502,CHONGWE,05021,CHONGWE,0502105,KANAKANTAPA,05021051010,,Rural,109,481,init1,,OKAY,,,2025-01-16 22:40:56.053000000,2025-01-16 22:40:56.053000000,131
1249,LS303,2013AE,,,LS,05,LUSAKA,0502,CHONGWE,05021,CHONGWE,0502105,KANAKANTAPA,05021051012,,Rural,125,578,init1,,OKAY,,,2025-01-16 22:40:56.053000000,2025-01-16 22:40:56.053000000,131
1250,LS302,2013AE,,,LS,05,LUSAKA,0502,CHONGWE,05021,CHONGWE,0502105,KANAKANTAPA,05021051014,,Rural,97,511,init1,,OKAY,,,2025-01-16 22:40:56.053000000,2025-01-16 22:40:56.053000000,131
1251,LS301,2013AE,,,LS,05,LUSAKA,0502,CHONGWE,05021,CHONGWE,0502105,KANAKANTAPA,05021051016,,Rural,84,364,init1,,OKAY,,,2025-01-16 22:40:56.053000000,2025-01-16 22:40:56.053000000,131
1252,LS300,2013AE,,,LS,05,LUSAKA,0502,CHONGWE,05021,CHONGWE,0502105,KANAKANTAPA,05021051018,,Rural,76,345,init1,,OKAY,,,2025-01-16 22:40:56.053000000,2025-01-16 22:40:56.053000000,131
1253,LS299,2417GP,,,LS,05,LUSAKA,0502,CHONGWE,05021,CHONGWE,0502108,KASENGA,05021081001,,Rural,96,524,init1,,OKAY,,,2025-01-16 22:40:56.053000000,2025-01-16 22:40:56.053000000,143
1254,LS298,2417GP,,,LS,05,LUSAKA,0502,CHONGWE,05021,CHONGWE,0502108,KASENGA,05021081002,,Rural,94,439,init1,,OKAY,,,2025-01-16 22:40:56.053000000,2025-01-16 22:40:56.053000000,143
1255,LS297,2417GP,,,LS,05,LUSAKA,0502,CHONGWE,05021,CHONGWE,0502108,KASENGA,05021081003,,Rural,131,736,init1,,OKAY,,,2025-01-16 22:40:56.053000000,2025-01-16 22:40:56.053000000,143
1256,LS296,2417GP,,,LS,05,LUSAKA,0502,CHONGWE,05021,CHONGWE,0502108,KASENGA,05021081004,,Rural,127,665,init1,,OKAY,,,2025-01-16 22:40:56.053000000,2025-01-16 22:40:56.053000000,143
1257,LS295,2417GP,,,LS,05,LUSAKA,0502,CHONGWE,05021,CHONGWE,0502108,KASENGA,05021081005,,Rural,108,526,init1,,OKAY,,,2025-01-16 22:40:56.053000000,2025-01-16 22:40:56.053000000,143
1258,LS294,2417GP,,,LS,05,LUSAKA,0502,CHONGWE,05021,CHONGWE,0502108,KASENGA,05021081006,,Rural,159,716,init1,,OKAY,,,2025-01-16 22:40:56.053000000,2025-01-16 22:40:56.053000000,143
1259,LS293,2417GP,,,LS,05,LUSAKA,0502,CHONGWE,05021,CHONGWE,0502108,KASENGA,05021081007,,Rural,161,674,init1,,OKAY,,,2025-01-16 22:40:56.053000000,2025-01-16 22:40:56.053000000,143
1260,LS292,2417GP,,,LS,05,LUSAKA,0502,CHONGWE,05021,CHONGWE,0502108,KASENGA,05021081008,,Rural,137,605,init1,,OKAY,,,2025-01-16 22:40:56.053000000,2025-01-16 22:40:56.053000000,143
1261,LS291,2417GP,,,LS,05,LUSAKA,0502,CHONGWE,05021,CHONGWE,0502108,KASENGA,05021081009,,Rural,73,385,init1,,OKAY,,,2025-01-16 22:40:56.053000000,2025-01-16 22:40:56.053000000,143
1262,LS290,2417GP,,,LS,05,LUSAKA,0502,CHONGWE,05021,CHONGWE,0502108,KASENGA,05021081010,,Rural,95,440,init1,,OKAY,,,2025-01-16 22:40:56.053000000,2025-01-16 22:40:56.053000000,143
1263,LS289,2413BB,,,LS,05,LUSAKA,0502,CHONGWE,05021,CHONGWE,0502111,LWIMBA,05021111001,,Rural,132,719,init1,,OKAY,,,2025-01-16 22:40:56.053000000,2025-01-16 22:40:56.053000000,146
1264,LS288,2413BB,,,LS,05,LUSAKA,0502,CHONGWE,05021,CHONGWE,0502111,LWIMBA,05021111002,,Rural,107,561,init1,,OKAY,,,2025-01-16 22:40:56.053000000,2025-01-16 22:40:56.053000000,146
1265,LS287,2413BB,,,LS,05,LUSAKA,0502,CHONGWE,05021,CHONGWE,0502111,LWIMBA,05021111004,,Rural,164,782,init1,,OKAY,,,2025-01-16 22:40:56.053000000,2025-01-16 22:40:56.053000000,146
1266,LS286,2413BB,,,LS,05,LUSAKA,0502,CHONGWE,05021,CHONGWE,0502111,LWIMBA,05021111006,,Rural,174,888,init1,,OKAY,,,2025-01-16 22:40:56.053000000,2025-01-16 22:40:56.053000000,146
1267,LS285,2413BB,,,LS,05,LUSAKA,0502,CHONGWE,05021,CHONGWE,0502111,LWIMBA,05021111007,,Rural,87,444,init1,,OKAY,,,2025-01-16 22:40:56.053000000,2025-01-16 22:40:56.053000000,146
1268,LS284,2413BB,,,LS,05,LUSAKA,0502,CHONGWE,05021,CHONGWE,0502111,LWIMBA,05021111009,,Rural,139,799,init1,,OKAY,,,2025-01-16 22:40:56.053000000,2025-01-16 22:40:56.053000000,146
1269,LS283,2413BB,,,LS,05,LUSAKA,0502,CHONGWE,05021,CHONGWE,0502111,LWIMBA,05021111010,,Rural,92,535,init1,,OKAY,,,2025-01-16 22:40:56.053000000,2025-01-16 22:40:56.053000000,146
1270,LS282,2413BB,,,LS,05,LUSAKA,0502,CHONGWE,05021,CHONGWE,0502111,LWIMBA,05021111012,,Rural,127,671,init1,,OKAY,,,2025-01-16 22:40:56.053000000,2025-01-16 22:40:56.053000000,146
1271,LS281,2413BB,,,LS,05,LUSAKA,0502,CHONGWE,05021,CHONGWE,0502111,LWIMBA,05021111014,,Rural,68,392,init1,,OKAY,,,2025-01-16 22:40:56.053000000,2025-01-16 22:40:56.053000000,146
1272,LS280,2413BB,,,LS,05,LUSAKA,0502,CHONGWE,05021,CHONGWE,0502111,LWIMBA,05021111015,,Rural,134,602,init1,,OKAY,,,2025-01-16 22:40:56.053000000,2025-01-16 22:40:56.053000000,146
1273,LS279,3222ER,,,LS,05,LUSAKA,0502,CHONGWE,05021,CHONGWE,0502112,MADIDO,05021122008,,Urban,162,694,init1,,OKAY,,,2025-01-16 22:40:56.053000000,2025-01-16 22:40:56.053000000,162
1274,LS278,3222ER,,,LS,05,LUSAKA,0502,CHONGWE,05021,CHONGWE,0502112,MADIDO,05021122018,,Urban,123,584,init1,,OKAY,,,2025-01-16 22:40:56.053000000,2025-01-16 22:40:56.053000000,162
1275,LS277,3222ER,,,LS,05,LUSAKA,0502,CHONGWE,05021,CHONGWE,0502112,MADIDO,05021122028,,Urban,165,484,init1,,OKAY,,,2025-01-16 22:40:56.053000000,2025-01-16 22:40:56.053000000,162
1276,LS276,3222ER,,,LS,05,LUSAKA,0502,CHONGWE,05021,CHONGWE,0502112,MADIDO,05021122038,,Urban,128,568,init1,,OKAY,,,2025-01-16 22:40:56.053000000,2025-01-16 22:40:56.053000000,162
1277,LS275,3222ER,,,LS,05,LUSAKA,0502,CHONGWE,05021,CHONGWE,0502112,MADIDO,05021122048,,Urban,195,970,init1,,OKAY,,,2025-01-16 22:40:56.053000000,2025-01-16 22:40:56.053000000,162
1278,LS274,3222ER,,,LS,05,LUSAKA,0502,CHONGWE,05021,CHONGWE,0502112,MADIDO,05021122058,,Urban,118,575,init1,,OKAY,,,2025-01-16 22:40:56.053000000,2025-01-16 22:40:56.053000000,162
1279,LS273,3222ER,,,LS,05,LUSAKA,0502,CHONGWE,05021,CHONGWE,0502112,MADIDO,05021122068,,Urban,126,605,init1,,OKAY,,,2025-01-16 22:40:56.053000000,2025-01-16 22:40:56.053000000,162
1280,LS272,3222ER,,,LS,05,LUSAKA,0502,CHONGWE,05021,CHONGWE,0502112,MADIDO,05021122078,,Urban,119,608,init1,,OKAY,,,2025-01-16 22:40:56.053000000,2025-01-16 22:40:56.053000000,162
1281,LS271,3222ER,,,LS,05,LUSAKA,0502,CHONGWE,05021,CHONGWE,0502112,MADIDO,05021122088,,Urban,129,675,init1,,OKAY,,,2025-01-16 22:40:56.053000000,2025-01-16 22:40:56.053000000,162
1282,LS270,3222ER,,,LS,05,LUSAKA,0502,CHONGWE,05021,CHONGWE,0502112,MADIDO,05021122098,,Urban,172,812,init1,,OKAY,,,2025-01-16 22:40:56.053000000,2025-01-16 22:40:56.053000000,162
1283,LS269,3277TA,,,LS,05,LUSAKA,0502,CHONGWE,05021,CHONGWE,0502113,MANYIKA,05021131002,,Rural,99,493,init1,,OKAY,,,2025-01-16 22:40:56.053000000,2025-01-16 22:40:56.053000000,176
1284,LS268,3277TA,,,LS,05,LUSAKA,0502,CHONGWE,05021,CHONGWE,0502113,MANYIKA,05021131003,,Rural,70,397,init1,,OKAY,,,2025-01-16 22:40:56.053000000,2025-01-16 22:40:56.053000000,176
1285,LS267,3277TA,,,LS,05,LUSAKA,0502,CHONGWE,05021,CHONGWE,0502113,MANYIKA,05021131005,,Rural,66,337,init1,,OKAY,,,2025-01-16 22:40:56.053000000,2025-01-16 22:40:56.053000000,176
1286,LS266,3277TA,,,LS,05,LUSAKA,0502,CHONGWE,05021,CHONGWE,0502113,MANYIKA,05021131006,,Rural,123,597,init1,,OKAY,,,2025-01-16 22:40:56.053000000,2025-01-16 22:40:56.053000000,176
1287,LS265,3277TA,,,LS,05,LUSAKA,0502,CHONGWE,05021,CHONGWE,0502113,MANYIKA,05021131008,,Rural,140,636,init1,,OKAY,,,2025-01-16 22:40:56.053000000,2025-01-16 22:40:56.053000000,176
1288,LS264,3277TA,,,LS,05,LUSAKA,0502,CHONGWE,05021,CHONGWE,0502113,MANYIKA,05021131009,,Rural,107,546,init1,,OKAY,,,2025-01-16 22:40:56.053000000,2025-01-16 22:40:56.053000000,176
1289,LS263,3277TA,,,LS,05,LUSAKA,0502,CHONGWE,05021,CHONGWE,0502113,MANYIKA,05021131011,,Rural,93,433,init1,,OKAY,,,2025-01-16 22:40:56.053000000,2025-01-16 22:40:56.053000000,176
1290,LS262,3277TA,,,LS,05,LUSAKA,0502,CHONGWE,05021,CHONGWE,0502113,MANYIKA,05021131012,,Rural,128,697,init1,,OKAY,,,2025-01-16 22:40:56.053000000,2025-01-16 22:40:56.053000000,176
1291,LS261,3277TA,,,LS,05,LUSAKA,0502,CHONGWE,05021,CHONGWE,0502113,MANYIKA,05021131014,,Rural,116,586,init1,,OKAY,,,2025-01-16 22:40:56.053000000,2025-01-16 22:40:56.053000000,176
1292,LS260,3277TA,,,LS,05,LUSAKA,0502,CHONGWE,05021,CHONGWE,0502113,MANYIKA,05021131015,,Rural,116,575,init1,,OKAY,,,2025-01-16 22:40:56.053000000,2025-01-16 22:40:56.053000000,176
1293,LS259,1742LL,,,LS,05,LUSAKA,0502,CHONGWE,05021,CHONGWE,0502119,NJOLWE,05021191001,,Rural,146,587,init1,,OKAY,,,2025-01-16 22:40:56.053000000,2025-01-16 22:40:56.053000000,34
1294,LS258,1742LL,,,LS,05,LUSAKA,0502,CHONGWE,05021,CHONGWE,0502119,NJOLWE,05021191002,,Rural,142,662,init1,,OKAY,,,2025-01-16 22:40:56.053000000,2025-01-16 22:40:56.053000000,34
1295,LS257,1742LL,,,LS,05,LUSAKA,0502,CHONGWE,05021,CHONGWE,0502119,NJOLWE,05021191003,,Rural,193,836,init1,,OKAY,,,2025-01-16 22:40:56.053000000,2025-01-16 22:40:56.053000000,34
1296,LS256,1742LL,,,LS,05,LUSAKA,0502,CHONGWE,05021,CHONGWE,0502119,NJOLWE,05021191004,,Rural,83,398,init1,,OKAY,,,2025-01-16 22:40:56.053000000,2025-01-16 22:40:56.053000000,34
1297,LS255,1742LL,,,LS,05,LUSAKA,0502,CHONGWE,05021,CHONGWE,0502119,NJOLWE,05021191005,,Rural,77,245,init1,,OKAY,,,2025-01-16 22:40:56.053000000,2025-01-16 22:40:56.053000000,34
1298,LS254,1742LL,,,LS,05,LUSAKA,0502,CHONGWE,05021,CHONGWE,0502119,NJOLWE,05021191006,,Rural,132,530,init1,,OKAY,,,2025-01-16 22:40:56.053000000,2025-01-16 22:40:56.053000000,34
1299,LS253,1742LL,,,LS,05,LUSAKA,0502,CHONGWE,05021,CHONGWE,0502119,NJOLWE,05021191007,,Rural,72,242,init1,,OKAY,,,2025-01-16 22:40:56.053000000,2025-01-16 22:40:56.053000000,34
1300,LS252,1742LL,,,LS,05,LUSAKA,0502,CHONGWE,05021,CHONGWE,0502119,NJOLWE,05021191008,,Rural,68,319,init1,,OKAY,,,2025-01-16 22:40:56.053000000,2025-01-16 22:40:56.053000000,34
1301,LS251,1742LL,,,LS,05,LUSAKA,0502,CHONGWE,05021,CHONGWE,0502119,NJOLWE,05021191009,,Rural,80,377,init1,,OKAY,,,2025-01-16 22:40:56.053000000,2025-01-16 22:40:56.053000000,34
1302,LS250,2241PT,,,LS,05,LUSAKA,0502,CHONGWE,05021,CHONGWE,0502121,PALABANA,05021211002,,Rural,107,493,init1,,OKAY,,,2025-01-16 22:40:56.053000000,2025-01-16 22:40:56.053000000,97
1303,LS249,2241PT,,,LS,05,LUSAKA,0502,CHONGWE,05021,CHONGWE,0502121,PALABANA,05021211006,,Rural,95,316,init1,,OKAY,,,2025-01-16 22:40:56.053000000,2025-01-16 22:40:56.053000000,97
1304,LS248,2241PT,,,LS,05,LUSAKA,0502,CHONGWE,05021,CHONGWE,0502121,PALABANA,05021211011,,Rural,175,650,init1,,OKAY,,,2025-01-16 22:40:56.053000000,2025-01-16 22:40:56.053000000,97
1305,LS247,2241PT,,,LS,05,LUSAKA,0502,CHONGWE,05021,CHONGWE,0502121,PALABANA,05021211015,,Rural,99,412,init1,,OKAY,,,2025-01-16 22:40:56.053000000,2025-01-16 22:40:56.053000000,97
1306,LS246,2241PT,,,LS,05,LUSAKA,0502,CHONGWE,05021,CHONGWE,0502121,PALABANA,05021211020,,Rural,102,473,init1,,OKAY,,,2025-01-16 22:40:56.053000000,2025-01-16 22:40:56.053000000,97
1307,LS245,2241PT,,,LS,05,LUSAKA,0502,CHONGWE,05021,CHONGWE,0502121,PALABANA,05021211024,,Rural,141,691,init1,,OKAY,,,2025-01-16 22:40:56.053000000,2025-01-16 22:40:56.053000000,97
1308,LS244,2241PT,,,LS,05,LUSAKA,0502,CHONGWE,05021,CHONGWE,0502121,PALABANA,05021211029,,Rural,90,427,init1,,OKAY,,,2025-01-16 22:40:56.053000000,2025-01-16 22:40:56.053000000,97
1309,LS243,2241PT,,,LS,05,LUSAKA,0502,CHONGWE,05021,CHONGWE,0502121,PALABANA,05021211033,,Rural,77,352,init1,,OKAY,,,2025-01-16 22:40:56.053000000,2025-01-16 22:40:56.053000000,97
1310,LS242,2241PT,,,LS,05,LUSAKA,0502,CHONGWE,05021,CHONGWE,0502121,PALABANA,05021211038,,Rural,132,620,init1,,OKAY,,,2025-01-16 22:40:56.053000000,2025-01-16 22:40:56.053000000,97
1311,LS241,2241PT,,,LS,05,LUSAKA,0502,CHONGWE,05021,CHONGWE,0502121,PALABANA,05021211042,,Rural,98,387,init1,,OKAY,,,2025-01-16 22:40:56.053000000,2025-01-16 22:40:56.053000000,97
1312,LS240,1931AJ,,,LS,05,LUSAKA,0505,LUSAKA,05051,CHAWAMA,0505101,Chawama,05051012008,,Urban,185,778,init1,,OKAY,,,2025-01-16 22:40:56.053000000,2025-01-16 22:40:56.053000000,14
1313,LS239,1931AJ,,,LS,05,LUSAKA,0505,LUSAKA,05051,CHAWAMA,0505101,Chawama,05051012019,,Urban,199,904,init1,,OKAY,,,2025-01-16 22:40:56.053000000,2025-01-16 22:40:56.053000000,14
1314,LS238,1931AJ,,,LS,05,LUSAKA,0505,LUSAKA,05051,CHAWAMA,0505101,Chawama,05051012031,,Urban,149,612,init1,,OKAY,,,2025-01-16 22:40:56.053000000,2025-01-16 22:40:56.053000000,14
1315,LS237,1931AJ,,,LS,05,LUSAKA,0505,LUSAKA,05051,CHAWAMA,0505101,Chawama,05051012042,,Urban,164,527,init1,,OKAY,,,2025-01-16 22:40:56.053000000,2025-01-16 22:40:56.053000000,14
1316,LS236,1931AJ,,,LS,05,LUSAKA,0505,LUSAKA,05051,CHAWAMA,0505101,Chawama,05051012053,,Urban,117,497,init1,,OKAY,,,2025-01-16 22:40:56.053000000,2025-01-16 22:40:56.053000000,14
1317,LS235,1931AJ,,,LS,05,LUSAKA,0505,LUSAKA,05051,CHAWAMA,0505101,Chawama,05051012064,,Urban,97,414,init1,,OKAY,,,2025-01-16 22:40:56.053000000,2025-01-16 22:40:56.053000000,14
1318,LS234,1931AJ,,,LS,05,LUSAKA,0505,LUSAKA,05051,CHAWAMA,0505101,Chawama,05051012075,,Urban,146,668,init1,,OKAY,,,2025-01-16 22:40:56.053000000,2025-01-16 22:40:56.053000000,14
1319,LS233,1931AJ,,,LS,05,LUSAKA,0505,LUSAKA,05051,CHAWAMA,0505101,Chawama,05051012087,,Urban,121,562,init1,,OKAY,,,2025-01-16 22:40:56.053000000,2025-01-16 22:40:56.053000000,14
1320,LS232,1931AJ,,,LS,05,LUSAKA,0505,LUSAKA,05051,CHAWAMA,0505101,Chawama,05051012098,,Urban,96,380,init1,,OKAY,,,2025-01-16 22:40:56.053000000,2025-01-16 22:40:56.053000000,14
1321,LS231,1931AJ,,,LS,05,LUSAKA,0505,LUSAKA,05051,CHAWAMA,0505101,Chawama,05051012109,,Urban,115,471,init1,,OKAY,,,2025-01-16 22:40:56.053000000,2025-01-16 22:40:56.053000000,14
1322,LS230,2237YZ,,,LS,05,LUSAKA,0505,LUSAKA,05051,CHAWAMA,0505104,Nkoloma,05051042011,,Urban,165,693,init1,,OKAY,,,2025-01-16 22:40:56.053000000,2025-01-16 22:40:56.053000000,103
1323,LS229,2237YZ,,,LS,05,LUSAKA,0505,LUSAKA,05051,CHAWAMA,0505104,Nkoloma,05051042024,,Urban,140,616,init1,,OKAY,,,2025-01-16 22:40:56.053000000,2025-01-16 22:40:56.053000000,103
1324,LS228,2237YZ,,,LS,05,LUSAKA,0505,LUSAKA,05051,CHAWAMA,0505104,Nkoloma,05051042038,,Urban,150,669,init1,,OKAY,,,2025-01-16 22:40:56.053000000,2025-01-16 22:40:56.053000000,103
1325,LS227,2237YZ,,,LS,05,LUSAKA,0505,LUSAKA,05051,CHAWAMA,0505104,Nkoloma,05051042051,,Urban,154,693,init1,,OKAY,,,2025-01-16 22:40:56.053000000,2025-01-16 22:40:56.053000000,103
1326,LS226,2237YZ,,,LS,05,LUSAKA,0505,LUSAKA,05051,CHAWAMA,0505104,Nkoloma,05051042065,,Urban,187,870,init1,,OKAY,,,2025-01-16 22:40:56.053000000,2025-01-16 22:40:56.053000000,103
1327,LS225,2237YZ,,,LS,05,LUSAKA,0505,LUSAKA,05051,CHAWAMA,0505104,Nkoloma,05051042078,,Urban,207,911,init1,,OKAY,,,2025-01-16 22:40:56.053000000,2025-01-16 22:40:56.053000000,103
1328,LS224,2237YZ,,,LS,05,LUSAKA,0505,LUSAKA,05051,CHAWAMA,0505104,Nkoloma,05051042092,,Urban,123,597,init1,,OKAY,,,2025-01-16 22:40:56.053000000,2025-01-16 22:40:56.053000000,103
1329,LS223,2237YZ,,,LS,05,LUSAKA,0505,LUSAKA,05051,CHAWAMA,0505104,Nkoloma,05051042105,,Urban,86,334,init1,,OKAY,,,2025-01-16 22:40:56.053000000,2025-01-16 22:40:56.053000000,103
1330,LS222,2237YZ,,,LS,05,LUSAKA,0505,LUSAKA,05051,CHAWAMA,0505104,Nkoloma,05051042119,,Urban,80,355,init1,,OKAY,,,2025-01-16 22:40:56.053000000,2025-01-16 22:40:56.053000000,103
1331,LS221,2237YZ,,,LS,05,LUSAKA,0505,LUSAKA,05051,CHAWAMA,0505104,Nkoloma,05051042132,,Urban,141,610,init1,,OKAY,,,2025-01-16 22:40:56.053000000,2025-01-16 22:40:56.053000000,103
1332,LS220,2734BM,,,LS,05,LUSAKA,0505,LUSAKA,05052,KABWATA,0505201,CHILENJE,05052012003,,Urban,171,750,init1,,OKAY,,,2025-01-16 22:40:56.053000000,2025-01-16 22:40:56.053000000,178
1333,LS219,2734BM,,,LS,05,LUSAKA,0505,LUSAKA,05052,KABWATA,0505201,CHILENJE,05052012012,,Urban,101,497,init1,,OKAY,,,2025-01-16 22:40:56.053000000,2025-01-16 22:40:56.053000000,178
1334,LS218,2734BM,,,LS,05,LUSAKA,0505,LUSAKA,05052,KABWATA,0505201,CHILENJE,05052012021,,Urban,165,662,init1,,OKAY,,,2025-01-16 22:40:56.053000000,2025-01-16 22:40:56.053000000,178
1335,LS217,2734BM,,,LS,05,LUSAKA,0505,LUSAKA,05052,KABWATA,0505201,CHILENJE,05052012031,,Urban,172,737,init1,,OKAY,,,2025-01-16 22:40:56.053000000,2025-01-16 22:40:56.053000000,178
1336,LS216,2734BM,,,LS,05,LUSAKA,0505,LUSAKA,05052,KABWATA,0505201,CHILENJE,05052012040,,Urban,192,740,init1,,OKAY,,,2025-01-16 22:40:56.053000000,2025-01-16 22:40:56.053000000,178
1337,LS215,2734BM,,,LS,05,LUSAKA,0505,LUSAKA,05052,KABWATA,0505201,CHILENJE,05052012049,,Urban,198,887,init1,,OKAY,,,2025-01-16 22:40:56.053000000,2025-01-16 22:40:56.053000000,178
1338,LS214,2734BM,,,LS,05,LUSAKA,0505,LUSAKA,05052,KABWATA,0505201,CHILENJE,05052012058,,Urban,173,654,init1,,OKAY,,,2025-01-16 22:40:56.053000000,2025-01-16 22:40:56.053000000,178
1339,LS213,2734BM,,,LS,05,LUSAKA,0505,LUSAKA,05052,KABWATA,0505201,CHILENJE,05052012067,,Urban,145,718,init1,,OKAY,,,2025-01-16 22:40:56.053000000,2025-01-16 22:40:56.053000000,178
1340,LS212,2734BM,,,LS,05,LUSAKA,0505,LUSAKA,05052,KABWATA,0505201,CHILENJE,05052012076,,Urban,141,682,init1,,OKAY,,,2025-01-16 22:40:56.053000000,2025-01-16 22:40:56.053000000,178
1341,LS211,2734BM,,,LS,05,LUSAKA,0505,LUSAKA,05052,KABWATA,0505201,CHILENJE,05052012085,,Urban,168,709,init1,,OKAY,,,2025-01-16 22:40:56.053000000,2025-01-16 22:40:56.053000000,178
1342,LS210,3001MZ,,,LS,05,LUSAKA,0505,LUSAKA,05052,KABWATA,0505204,KAMWALA,05052042005,,Urban,115,608,init1,,OKAY,,,2025-01-16 22:40:56.053000000,2025-01-16 22:40:56.053000000,120
1343,LS209,3001MZ,,,LS,05,LUSAKA,0505,LUSAKA,05052,KABWATA,0505204,KAMWALA,05052042011,,Urban,77,306,init1,,OKAY,,,2025-01-16 22:40:56.053000000,2025-01-16 22:40:56.053000000,120
1344,LS208,3001MZ,,,LS,05,LUSAKA,0505,LUSAKA,05052,KABWATA,0505204,KAMWALA,05052042017,,Urban,103,430,init1,,OKAY,,,2025-01-16 22:40:56.053000000,2025-01-16 22:40:56.053000000,120
1345,LS207,3001MZ,,,LS,05,LUSAKA,0505,LUSAKA,05052,KABWATA,0505204,KAMWALA,05052042024,,Urban,149,762,init1,,OKAY,,,2025-01-16 22:40:56.053000000,2025-01-16 22:40:56.053000000,120
1346,LS206,3001MZ,,,LS,05,LUSAKA,0505,LUSAKA,05052,KABWATA,0505204,KAMWALA,05052042030,,Urban,98,458,init1,,OKAY,,,2025-01-16 22:40:56.053000000,2025-01-16 22:40:56.053000000,120
1347,LS205,3001MZ,,,LS,05,LUSAKA,0505,LUSAKA,05052,KABWATA,0505204,KAMWALA,05052042036,,Urban,225,990,init1,,OKAY,,,2025-01-16 22:40:56.053000000,2025-01-16 22:40:56.053000000,120
1348,LS204,3001MZ,,,LS,05,LUSAKA,0505,LUSAKA,05052,KABWATA,0505204,KAMWALA,05052042042,,Urban,70,360,init1,,OKAY,,,2025-01-16 22:40:56.053000000,2025-01-16 22:40:56.053000000,120
1349,LS203,3001MZ,,,LS,05,LUSAKA,0505,LUSAKA,05052,KABWATA,0505204,KAMWALA,05052042049,,Urban,181,929,init1,,OKAY,,,2025-01-16 22:40:56.053000000,2025-01-16 22:40:56.053000000,120
1350,LS202,3001MZ,,,LS,05,LUSAKA,0505,LUSAKA,05052,KABWATA,0505204,KAMWALA,05052042055,,Urban,157,750,init1,,OKAY,,,2025-01-16 22:40:56.053000000,2025-01-16 22:40:56.053000000,120
1351,LS201,3001MZ,,,LS,05,LUSAKA,0505,LUSAKA,05052,KABWATA,0505204,KAMWALA,05052042061,,Urban,159,683,init1,,OKAY,,,2025-01-16 22:40:56.053000000,2025-01-16 22:40:56.053000000,120
1352,LS200,2018SS,,,LS,05,LUSAKA,0505,LUSAKA,05053,KANYAMA,0505302,GARDEN PARK,05053022011,,Urban,193,995,init1,,OKAY,,,2025-01-16 22:40:56.053000000,2025-01-16 22:40:56.053000000,23
1353,LS199,2018SS,,,LS,05,LUSAKA,0505,LUSAKA,05053,KANYAMA,0505302,GARDEN PARK,05053022023,,Urban,207,998,init1,,OKAY,,,2025-01-16 22:40:56.053000000,2025-01-16 22:40:56.053000000,23
1354,LS198,2018SS,,,LS,05,LUSAKA,0505,LUSAKA,05053,KANYAMA,0505302,GARDEN PARK,05053022035,,Urban,125,577,init1,,OKAY,,,2025-01-16 22:40:56.053000000,2025-01-16 22:40:56.053000000,23
1355,LS197,2018SS,,,LS,05,LUSAKA,0505,LUSAKA,05053,KANYAMA,0505302,GARDEN PARK,05053022047,,Urban,106,514,init1,,OKAY,,,2025-01-16 22:40:56.053000000,2025-01-16 22:40:56.053000000,23
1356,LS196,2018SS,,,LS,05,LUSAKA,0505,LUSAKA,05053,KANYAMA,0505302,GARDEN PARK,05053022059,,Urban,172,835,init1,,OKAY,,,2025-01-16 22:40:56.053000000,2025-01-16 22:40:56.053000000,23
1357,LS195,2018SS,,,LS,05,LUSAKA,0505,LUSAKA,05053,KANYAMA,0505302,GARDEN PARK,05053022071,,Urban,129,639,init1,,OKAY,,,2025-01-16 22:40:56.053000000,2025-01-16 22:40:56.053000000,23
1358,LS194,2018SS,,,LS,05,LUSAKA,0505,LUSAKA,05053,KANYAMA,0505302,GARDEN PARK,05053022083,,Urban,126,627,init1,,OKAY,,,2025-01-16 22:40:56.053000000,2025-01-16 22:40:56.053000000,23
1359,LS193,2018SS,,,LS,05,LUSAKA,0505,LUSAKA,05053,KANYAMA,0505302,GARDEN PARK,05053022095,,Urban,139,654,init1,,OKAY,,,2025-01-16 22:40:56.053000000,2025-01-16 22:40:56.053000000,23
1360,LS192,2018SS,,,LS,05,LUSAKA,0505,LUSAKA,05053,KANYAMA,0505302,GARDEN PARK,05053022107,,Urban,120,638,init1,,OKAY,,,2025-01-16 22:40:56.053000000,2025-01-16 22:40:56.053000000,23
1361,LS191,2018SS,,,LS,05,LUSAKA,0505,LUSAKA,05053,KANYAMA,0505302,GARDEN PARK,05053022119,,Urban,186,767,init1,,OKAY,,,2025-01-16 22:40:56.053000000,2025-01-16 22:40:56.053000000,23
1362,LS190,2382RS,,,LS,05,LUSAKA,0505,LUSAKA,05053,KANYAMA,0505303,Harry Mwanga Nkumbula,05053032013,,Urban,153,516,init1,,OKAY,,,2025-01-16 22:40:56.053000000,2025-01-16 22:40:56.053000000,95
1363,LS189,2382RS,,,LS,05,LUSAKA,0505,LUSAKA,05053,KANYAMA,0505303,Harry Mwanga Nkumbula,05053032031,,Urban,141,724,init1,,OKAY,,,2025-01-16 22:40:56.053000000,2025-01-16 22:40:56.053000000,95
1364,LS188,2382RS,,,LS,05,LUSAKA,0505,LUSAKA,05053,KANYAMA,0505303,Harry Mwanga Nkumbula,05053032049,,Urban,140,675,init1,,OKAY,,,2025-01-16 22:40:56.053000000,2025-01-16 22:40:56.053000000,95
1365,LS187,2382RS,,,LS,05,LUSAKA,0505,LUSAKA,05053,KANYAMA,0505303,Harry Mwanga Nkumbula,05053032068,,Urban,144,600,init1,,OKAY,,,2025-01-16 22:40:56.053000000,2025-01-16 22:40:56.053000000,95
1366,LS186,2382RS,,,LS,05,LUSAKA,0505,LUSAKA,05053,KANYAMA,0505303,Harry Mwanga Nkumbula,05053032086,,Urban,218,904,init1,,OKAY,,,2025-01-16 22:40:56.053000000,2025-01-16 22:40:56.053000000,95
1367,LS185,2382RS,,,LS,05,LUSAKA,0505,LUSAKA,05053,KANYAMA,0505303,Harry Mwanga Nkumbula,05053032104,,Urban,170,755,init1,,OKAY,,,2025-01-16 22:40:56.053000000,2025-01-16 22:40:56.053000000,95
1368,LS184,2382RS,,,LS,05,LUSAKA,0505,LUSAKA,05053,KANYAMA,0505303,Harry Mwanga Nkumbula,05053032123,,Urban,167,741,init1,,OKAY,,,2025-01-16 22:40:56.053000000,2025-01-16 22:40:56.053000000,95
1369,LS183,2382RS,,,LS,05,LUSAKA,0505,LUSAKA,05053,KANYAMA,0505303,Harry Mwanga Nkumbula,05053032141,,Urban,111,419,init1,,OKAY,,,2025-01-16 22:40:56.053000000,2025-01-16 22:40:56.053000000,95
1370,LS182,2382RS,,,LS,05,LUSAKA,0505,LUSAKA,05053,KANYAMA,0505303,Harry Mwanga Nkumbula,05053032159,,Urban,134,525,init1,,OKAY,,,2025-01-16 22:40:56.053000000,2025-01-16 22:40:56.053000000,95
1371,LS181,2382RS,,,LS,05,LUSAKA,0505,LUSAKA,05053,KANYAMA,0505303,Harry Mwanga Nkumbula,05053032177,,Urban,94,430,init1,,OKAY,,,2025-01-16 22:40:56.053000000,2025-01-16 22:40:56.053000000,95
1372,LS180,2858GS,,,LS,05,LUSAKA,0505,LUSAKA,05053,KANYAMA,0505304,Kanyama,05053042003,,Urban,182,772,init1,,OKAY,,,2025-01-16 22:40:56.053000000,2025-01-16 22:40:56.053000000,183
1373,LS179,2858GS,,,LS,05,LUSAKA,0505,LUSAKA,05053,KANYAMA,0505304,Kanyama,05053042024,,Urban,133,650,init1,,OKAY,,,2025-01-16 22:40:56.053000000,2025-01-16 22:40:56.053000000,183
1374,LS178,2858GS,,,LS,05,LUSAKA,0505,LUSAKA,05053,KANYAMA,0505304,Kanyama,05053042044,,Urban,165,725,init1,,OKAY,,,2025-01-16 22:40:56.053000000,2025-01-16 22:40:56.053000000,183
1375,LS177,2858GS,,,LS,05,LUSAKA,0505,LUSAKA,05053,KANYAMA,0505304,Kanyama,05053042065,,Urban,162,668,init1,,OKAY,,,2025-01-16 22:40:56.053000000,2025-01-16 22:40:56.053000000,183
1376,LS176,2858GS,,,LS,05,LUSAKA,0505,LUSAKA,05053,KANYAMA,0505304,Kanyama,05053042086,,Urban,122,551,init1,,OKAY,,,2025-01-16 22:40:56.053000000,2025-01-16 22:40:56.053000000,183
1377,LS175,2858GS,,,LS,05,LUSAKA,0505,LUSAKA,05053,KANYAMA,0505304,Kanyama,05053042107,,Urban,209,919,init1,,OKAY,,,2025-01-16 22:40:56.053000000,2025-01-16 22:40:56.053000000,183
1378,LS174,2858GS,,,LS,05,LUSAKA,0505,LUSAKA,05053,KANYAMA,0505304,Kanyama,05053042128,,Urban,148,616,init1,,OKAY,,,2025-01-16 22:40:56.053000000,2025-01-16 22:40:56.053000000,183
1379,LS173,2858GS,,,LS,05,LUSAKA,0505,LUSAKA,05053,KANYAMA,0505304,Kanyama,05053042149,,Urban,129,471,init1,,OKAY,,,2025-01-16 22:40:56.053000000,2025-01-16 22:40:56.053000000,183
1380,LS172,2858GS,,,LS,05,LUSAKA,0505,LUSAKA,05053,KANYAMA,0505304,Kanyama,05053042170,,Urban,111,507,init1,,OKAY,,,2025-01-16 22:40:56.053000000,2025-01-16 22:40:56.053000000,183
1381,LS171,2858GS,,,LS,05,LUSAKA,0505,LUSAKA,05053,KANYAMA,0505304,Kanyama,05053042191,,Urban,141,662,init1,,OKAY,,,2025-01-16 22:40:56.053000000,2025-01-16 22:40:56.053000000,183
1382,LS170,1600JE,,,LS,05,LUSAKA,0505,LUSAKA,05053,KANYAMA,0505305,MAKENI VILLA,05053052011,,Urban,157,651,init1,,OKAY,,,2025-01-16 22:40:56.053000000,2025-01-16 22:40:56.053000000,229
1383,LS169,1600JE,,,LS,05,LUSAKA,0505,LUSAKA,05053,KANYAMA,0505305,MAKENI VILLA,05053052025,,Urban,213,992,init1,,OKAY,,,2025-01-16 22:40:56.053000000,2025-01-16 22:40:56.053000000,229
1384,LS168,1600JE,,,LS,05,LUSAKA,0505,LUSAKA,05053,KANYAMA,0505305,MAKENI VILLA,05053052040,,Urban,127,498,init1,,OKAY,,,2025-01-16 22:40:56.053000000,2025-01-16 22:40:56.053000000,229
1385,LS167,1600JE,,,LS,05,LUSAKA,0505,LUSAKA,05053,KANYAMA,0505305,MAKENI VILLA,05053052054,,Urban,101,496,init1,,OKAY,,,2025-01-16 22:40:56.053000000,2025-01-16 22:40:56.053000000,229
1386,LS166,1600JE,,,LS,05,LUSAKA,0505,LUSAKA,05053,KANYAMA,0505305,MAKENI VILLA,05053052069,,Urban,179,866,init1,,OKAY,,,2025-01-16 22:40:56.053000000,2025-01-16 22:40:56.053000000,229
1387,LS165,1600JE,,,LS,05,LUSAKA,0505,LUSAKA,05053,KANYAMA,0505305,MAKENI VILLA,05053052083,,Urban,146,708,init1,,OKAY,,,2025-01-16 22:40:56.053000000,2025-01-16 22:40:56.053000000,229
1388,LS164,1600JE,,,LS,05,LUSAKA,0505,LUSAKA,05053,KANYAMA,0505305,MAKENI VILLA,05053052098,,Urban,105,492,init1,,OKAY,,,2025-01-16 22:40:56.053000000,2025-01-16 22:40:56.053000000,229
1389,LS163,1600JE,,,LS,05,LUSAKA,0505,LUSAKA,05053,KANYAMA,0505305,MAKENI VILLA,05053052112,,Urban,209,876,init1,,OKAY,,,2025-01-16 22:40:56.053000000,2025-01-16 22:40:56.053000000,229
1390,LS162,1600JE,,,LS,05,LUSAKA,0505,LUSAKA,05053,KANYAMA,0505305,MAKENI VILLA,05053052127,,Urban,180,861,init1,,OKAY,,,2025-01-16 22:40:56.053000000,2025-01-16 22:40:56.053000000,229
1391,LS161,1600JE,,,LS,05,LUSAKA,0505,LUSAKA,05053,KANYAMA,0505305,MAKENI VILLA,05053052141,,Urban,152,801,init1,,OKAY,,,2025-01-16 22:40:56.053000000,2025-01-16 22:40:56.053000000,229
1392,LS160,1776LF,,,LS,05,LUSAKA,0505,LUSAKA,05054,LUSAKA CENTRAL,0505401,INDEPENDENCE,05054012001,,Urban,136,443,init1,,OKAY,,,2025-01-16 22:40:56.053000000,2025-01-16 22:40:56.053000000,234
1393,LS159,1776LF,,,LS,05,LUSAKA,0505,LUSAKA,05054,LUSAKA CENTRAL,0505401,INDEPENDENCE,05054012004,,Urban,159,413,init1,,OKAY,,,2025-01-16 22:40:56.053000000,2025-01-16 22:40:56.053000000,234
1394,LS158,1776LF,,,LS,05,LUSAKA,0505,LUSAKA,05054,LUSAKA CENTRAL,0505401,INDEPENDENCE,05054012006,,Urban,109,566,init1,,OKAY,,,2025-01-16 22:40:56.053000000,2025-01-16 22:40:56.053000000,234
1395,LS157,1776LF,,,LS,05,LUSAKA,0505,LUSAKA,05054,LUSAKA CENTRAL,0505401,INDEPENDENCE,05054012009,,Urban,99,385,init1,,OKAY,,,2025-01-16 22:40:56.053000000,2025-01-16 22:40:56.053000000,234
1396,LS156,1776LF,,,LS,05,LUSAKA,0505,LUSAKA,05054,LUSAKA CENTRAL,0505401,INDEPENDENCE,05054012011,,Urban,104,523,init1,,OKAY,,,2025-01-16 22:40:56.053000000,2025-01-16 22:40:56.053000000,234
1397,LS155,1776LF,,,LS,05,LUSAKA,0505,LUSAKA,05054,LUSAKA CENTRAL,0505401,INDEPENDENCE,05054012014,,Urban,232,830,init1,,OKAY,,,2025-01-16 22:40:56.053000000,2025-01-16 22:40:56.053000000,234
1398,LS154,1776LF,,,LS,05,LUSAKA,0505,LUSAKA,05054,LUSAKA CENTRAL,0505401,INDEPENDENCE,05054012016,,Urban,123,469,init1,,OKAY,,,2025-01-16 22:40:56.053000000,2025-01-16 22:40:56.053000000,234
1399,LS153,1776LF,,,LS,05,LUSAKA,0505,LUSAKA,05054,LUSAKA CENTRAL,0505401,INDEPENDENCE,05054012019,,Urban,205,695,init1,,OKAY,,,2025-01-16 22:40:56.053000000,2025-01-16 22:40:56.053000000,234
1400,LS152,1776LF,,,LS,05,LUSAKA,0505,LUSAKA,05054,LUSAKA CENTRAL,0505401,INDEPENDENCE,05054012021,,Urban,115,428,init1,,OKAY,,,2025-01-16 22:40:56.053000000,2025-01-16 22:40:56.053000000,234
1401,LS151,1776LF,,,LS,05,LUSAKA,0505,LUSAKA,05054,LUSAKA CENTRAL,0505401,INDEPENDENCE,05054012024,,Urban,118,547,init1,,OKAY,,,2025-01-16 22:40:56.053000000,2025-01-16 22:40:56.053000000,234
1402,LS150,1062NC,,,LS,05,LUSAKA,0505,LUSAKA,05054,LUSAKA CENTRAL,0505402,KABULONGA,05054022004,,Urban,123,486,init1,,OKAY,,,2025-01-16 22:40:56.053000000,2025-01-16 22:40:56.053000000,149
1403,LS149,1062NC,,,LS,05,LUSAKA,0505,LUSAKA,05054,LUSAKA CENTRAL,0505402,KABULONGA,05054022018,,Urban,145,571,init1,,OKAY,,,2025-01-16 22:40:56.053000000,2025-01-16 22:40:56.053000000,149
1404,LS148,1062NC,,,LS,05,LUSAKA,0505,LUSAKA,05054,LUSAKA CENTRAL,0505402,KABULONGA,05054022032,,Urban,157,691,init1,,OKAY,,,2025-01-16 22:40:56.053000000,2025-01-16 22:40:56.053000000,149
1405,LS147,1062NC,,,LS,05,LUSAKA,0505,LUSAKA,05054,LUSAKA CENTRAL,0505402,KABULONGA,05054022046,,Urban,155,611,init1,,OKAY,,,2025-01-16 22:40:56.053000000,2025-01-16 22:40:56.053000000,149
1406,LS146,1062NC,,,LS,05,LUSAKA,0505,LUSAKA,05054,LUSAKA CENTRAL,0505402,KABULONGA,05054022059,,Urban,143,575,init1,,OKAY,,,2025-01-16 22:40:56.053000000,2025-01-16 22:40:56.053000000,149
1407,LS145,1062NC,,,LS,05,LUSAKA,0505,LUSAKA,05054,LUSAKA CENTRAL,0505402,KABULONGA,05054022073,,Urban,212,909,init1,,OKAY,,,2025-01-16 22:40:56.053000000,2025-01-16 22:40:56.053000000,149
1408,LS144,1062NC,,,LS,05,LUSAKA,0505,LUSAKA,05054,LUSAKA CENTRAL,0505402,KABULONGA,05054022087,,Urban,190,775,init1,,OKAY,,,2025-01-16 22:40:56.053000000,2025-01-16 22:40:56.053000000,149
1409,LS143,1062NC,,,LS,05,LUSAKA,0505,LUSAKA,05054,LUSAKA CENTRAL,0505402,KABULONGA,05054022101,,Urban,173,699,init1,,OKAY,,,2025-01-16 22:40:56.053000000,2025-01-16 22:40:56.053000000,149
1410,LS142,1062NC,,,LS,05,LUSAKA,0505,LUSAKA,05054,LUSAKA CENTRAL,0505402,KABULONGA,05054022115,,Urban,90,288,init1,,OKAY,,,2025-01-16 22:40:56.053000000,2025-01-16 22:40:56.053000000,149
1411,LS141,1062NC,,,LS,05,LUSAKA,0505,LUSAKA,05054,LUSAKA CENTRAL,0505402,KABULONGA,05054022128,,Urban,84,297,init1,,OKAY,,,2025-01-16 22:40:56.053000000,2025-01-16 22:40:56.053000000,149
1412,LS140,3022BY,,,LS,05,LUSAKA,0505,LUSAKA,05055,MANDEVU,0505501,CHAISA,05055012002,,Urban,120,557,init1,,OKAY,,,2025-01-16 22:40:56.053000000,2025-01-16 22:40:56.053000000,186
1413,LS139,3022BY,,,LS,05,LUSAKA,0505,LUSAKA,05055,MANDEVU,0505501,CHAISA,05055012005,,Urban,177,731,init1,,OKAY,,,2025-01-16 22:40:56.053000000,2025-01-16 22:40:56.053000000,186
1414,LS138,3022BY,,,LS,05,LUSAKA,0505,LUSAKA,05055,MANDEVU,0505501,CHAISA,05055012008,,Urban,163,743,init1,,OKAY,,,2025-01-16 22:40:56.053000000,2025-01-16 22:40:56.053000000,186
1415,LS137,3022BY,,,LS,05,LUSAKA,0505,LUSAKA,05055,MANDEVU,0505501,CHAISA,05055012011,,Urban,183,770,init1,,OKAY,,,2025-01-16 22:40:56.053000000,2025-01-16 22:40:56.053000000,186
1416,LS136,3022BY,,,LS,05,LUSAKA,0505,LUSAKA,05055,MANDEVU,0505501,CHAISA,05055012014,,Urban,129,522,init1,,OKAY,,,2025-01-16 22:40:56.053000000,2025-01-16 22:40:56.053000000,186
1417,LS135,3022BY,,,LS,05,LUSAKA,0505,LUSAKA,05055,MANDEVU,0505501,CHAISA,05055012017,,Urban,159,712,init1,,OKAY,,,2025-01-16 22:40:56.053000000,2025-01-16 22:40:56.053000000,186
1418,LS134,3022BY,,,LS,05,LUSAKA,0505,LUSAKA,05055,MANDEVU,0505501,CHAISA,05055012020,,Urban,176,739,init1,,OKAY,,,2025-01-16 22:40:56.053000000,2025-01-16 22:40:56.053000000,186
1419,LS133,3022BY,,,LS,05,LUSAKA,0505,LUSAKA,05055,MANDEVU,0505501,CHAISA,05055012023,,Urban,210,936,init1,,OKAY,,,2025-01-16 22:40:56.053000000,2025-01-16 22:40:56.053000000,186
1420,LS132,3022BY,,,LS,05,LUSAKA,0505,LUSAKA,05055,MANDEVU,0505501,CHAISA,05055012026,,Urban,128,557,init1,,OKAY,,,2025-01-16 22:40:56.053000000,2025-01-16 22:40:56.053000000,186
1421,LS131,3022BY,,,LS,05,LUSAKA,0505,LUSAKA,05055,MANDEVU,0505501,CHAISA,05055012029,,Urban,165,652,init1,,OKAY,,,2025-01-16 22:40:56.053000000,2025-01-16 22:40:56.053000000,186
1422,LS130,2938ZN,,,LS,05,LUSAKA,0505,LUSAKA,05055,MANDEVU,0505503,KABANANA,05055032006,,Urban,195,979,init1,,OKAY,,,2025-01-16 22:40:56.053000000,2025-01-16 22:40:56.053000000,87
1423,LS129,2938ZN,,,LS,05,LUSAKA,0505,LUSAKA,05055,MANDEVU,0505503,KABANANA,05055032014,,Urban,148,835,init1,,OKAY,,,2025-01-16 22:40:56.053000000,2025-01-16 22:40:56.053000000,87
1424,LS128,2938ZN,,,LS,05,LUSAKA,0505,LUSAKA,05055,MANDEVU,0505503,KABANANA,05055032022,,Urban,190,862,init1,,OKAY,,,2025-01-16 22:40:56.053000000,2025-01-16 22:40:56.053000000,87
1425,LS127,2938ZN,,,LS,05,LUSAKA,0505,LUSAKA,05055,MANDEVU,0505503,KABANANA,05055032030,,Urban,208,1099,init1,,OKAY,,,2025-01-16 22:40:56.053000000,2025-01-16 22:40:56.053000000,87
1426,LS126,2938ZN,,,LS,05,LUSAKA,0505,LUSAKA,05055,MANDEVU,0505503,KABANANA,05055032039,,Urban,175,903,init1,,OKAY,,,2025-01-16 22:40:56.053000000,2025-01-16 22:40:56.053000000,87
1427,LS125,2938ZN,,,LS,05,LUSAKA,0505,LUSAKA,05055,MANDEVU,0505503,KABANANA,05055032047,,Urban,148,670,init1,,OKAY,,,2025-01-16 22:40:56.053000000,2025-01-16 22:40:56.053000000,87
1428,LS124,2938ZN,,,LS,05,LUSAKA,0505,LUSAKA,05055,MANDEVU,0505503,KABANANA,05055032055,,Urban,111,557,init1,,OKAY,,,2025-01-16 22:40:56.053000000,2025-01-16 22:40:56.053000000,87
1429,LS123,2938ZN,,,LS,05,LUSAKA,0505,LUSAKA,05055,MANDEVU,0505503,KABANANA,05055032063,,Urban,139,708,init1,,OKAY,,,2025-01-16 22:40:56.053000000,2025-01-16 22:40:56.053000000,87
1430,LS122,2938ZN,,,LS,05,LUSAKA,0505,LUSAKA,05055,MANDEVU,0505503,KABANANA,05055032071,,Urban,121,597,init1,,OKAY,,,2025-01-16 22:40:56.053000000,2025-01-16 22:40:56.053000000,87
1431,LS121,2938ZN,,,LS,05,LUSAKA,0505,LUSAKA,05055,MANDEVU,0505503,KABANANA,05055032080,,Urban,152,789,init1,,OKAY,,,2025-01-16 22:40:56.053000000,2025-01-16 22:40:56.053000000,87
1432,LS120,1013MK,,,LS,05,LUSAKA,0505,LUSAKA,05055,MANDEVU,0505504,MPULUNGU,05055042017,,Urban,148,719,init1,,OKAY,,,2025-01-16 22:40:56.053000000,2025-01-16 22:40:56.053000000,171
1433,LS119,1013MK,,,LS,05,LUSAKA,0505,LUSAKA,05055,MANDEVU,0505504,MPULUNGU,05055042035,,Urban,142,673,init1,,OKAY,,,2025-01-16 22:40:56.053000000,2025-01-16 22:40:56.053000000,171
1434,LS118,1013MK,,,LS,05,LUSAKA,0505,LUSAKA,05055,MANDEVU,0505504,MPULUNGU,05055042053,,Urban,202,1035,init1,,OKAY,,,2025-01-16 22:40:56.053000000,2025-01-16 22:40:56.053000000,171
1435,LS117,1013MK,,,LS,05,LUSAKA,0505,LUSAKA,05055,MANDEVU,0505504,MPULUNGU,05055042071,,Urban,117,560,init1,,OKAY,,,2025-01-16 22:40:56.053000000,2025-01-16 22:40:56.053000000,171
1436,LS116,1013MK,,,LS,05,LUSAKA,0505,LUSAKA,05055,MANDEVU,0505504,MPULUNGU,05055042089,,Urban,154,827,init1,,OKAY,,,2025-01-16 22:40:56.053000000,2025-01-16 22:40:56.053000000,171
1437,LS115,1013MK,,,LS,05,LUSAKA,0505,LUSAKA,05055,MANDEVU,0505504,MPULUNGU,05055042107,,Urban,166,805,init1,,OKAY,,,2025-01-16 22:40:56.053000000,2025-01-16 22:40:56.053000000,171
1438,LS114,1013MK,,,LS,05,LUSAKA,0505,LUSAKA,05055,MANDEVU,0505504,MPULUNGU,05055042125,,Urban,125,638,init1,,OKAY,,,2025-01-16 22:40:56.053000000,2025-01-16 22:40:56.053000000,171
1439,LS113,1013MK,,,LS,05,LUSAKA,0505,LUSAKA,05055,MANDEVU,0505504,MPULUNGU,05055042143,,Urban,165,764,init1,,OKAY,,,2025-01-16 22:40:56.053000000,2025-01-16 22:40:56.053000000,171
1440,LS112,1013MK,,,LS,05,LUSAKA,0505,LUSAKA,05055,MANDEVU,0505504,MPULUNGU,05055042161,,Urban,126,661,init1,,OKAY,,,2025-01-16 22:40:56.053000000,2025-01-16 22:40:56.053000000,171
1441,LS111,1013MK,,,LS,05,LUSAKA,0505,LUSAKA,05055,MANDEVU,0505504,MPULUNGU,05055042179,,Urban,157,695,init1,,OKAY,,,2025-01-16 22:40:56.053000000,2025-01-16 22:40:56.053000000,171
1442,LS110,2754TS,,,LS,05,LUSAKA,0505,LUSAKA,05055,MANDEVU,0505507,RAPHAEL CHOTA,05055072006,,Urban,149,704,init1,,OKAY,,,2025-01-16 22:40:56.053000000,2025-01-16 22:40:56.053000000,208
1443,LS109,2754TS,,,LS,05,LUSAKA,0505,LUSAKA,05055,MANDEVU,0505507,RAPHAEL CHOTA,05055072016,,Urban,95,430,init1,,OKAY,,,2025-01-16 22:40:56.053000000,2025-01-16 22:40:56.053000000,208
1444,LS108,2754TS,,,LS,05,LUSAKA,0505,LUSAKA,05055,MANDEVU,0505507,RAPHAEL CHOTA,05055072025,,Urban,216,1055,init1,,OKAY,,,2025-01-16 22:40:56.053000000,2025-01-16 22:40:56.053000000,208
1445,LS107,2754TS,,,LS,05,LUSAKA,0505,LUSAKA,05055,MANDEVU,0505507,RAPHAEL CHOTA,05055072035,,Urban,163,750,init1,,OKAY,,,2025-01-16 22:40:56.053000000,2025-01-16 22:40:56.053000000,208
1446,LS106,2754TS,,,LS,05,LUSAKA,0505,LUSAKA,05055,MANDEVU,0505507,RAPHAEL CHOTA,05055072044,,Urban,135,627,init1,,OKAY,,,2025-01-16 22:40:56.053000000,2025-01-16 22:40:56.053000000,208
1447,LS105,2754TS,,,LS,05,LUSAKA,0505,LUSAKA,05055,MANDEVU,0505507,RAPHAEL CHOTA,05055072054,,Urban,127,625,init1,,OKAY,,,2025-01-16 22:40:56.053000000,2025-01-16 22:40:56.053000000,208
1448,LS104,2754TS,,,LS,05,LUSAKA,0505,LUSAKA,05055,MANDEVU,0505507,RAPHAEL CHOTA,05055072063,,Urban,145,597,init1,,OKAY,,,2025-01-16 22:40:56.053000000,2025-01-16 22:40:56.053000000,208
1449,LS103,2754TS,,,LS,05,LUSAKA,0505,LUSAKA,05055,MANDEVU,0505507,RAPHAEL CHOTA,05055072073,,Urban,135,554,init1,,OKAY,,,2025-01-16 22:40:56.053000000,2025-01-16 22:40:56.053000000,208
1450,LS102,2754TS,,,LS,05,LUSAKA,0505,LUSAKA,05055,MANDEVU,0505507,RAPHAEL CHOTA,05055072082,,Urban,148,600,init1,,OKAY,,,2025-01-16 22:40:56.053000000,2025-01-16 22:40:56.053000000,208
1451,LS101,2754TS,,,LS,05,LUSAKA,0505,LUSAKA,05055,MANDEVU,0505507,RAPHAEL CHOTA,05055072092,,Urban,119,531,init1,,OKAY,,,2025-01-16 22:40:56.053000000,2025-01-16 22:40:56.053000000,208
1452,LS100,2091AS,,,LS,05,LUSAKA,0505,LUSAKA,05055,MANDEVU,0505508,ROMA,05055082002,,Urban,172,738,init1,,OKAY,,,2025-01-16 22:40:56.053000000,2025-01-16 22:40:56.053000000,96
1453,LS099,2091AS,,,LS,05,LUSAKA,0505,LUSAKA,05055,MANDEVU,0505508,ROMA,05055082013,,Urban,209,835,init1,,OKAY,,,2025-01-16 22:40:56.053000000,2025-01-16 22:40:56.053000000,96
1454,LS098,2091AS,,,LS,05,LUSAKA,0505,LUSAKA,05055,MANDEVU,0505508,ROMA,05055082023,,Urban,157,684,init1,,OKAY,,,2025-01-16 22:40:56.053000000,2025-01-16 22:40:56.053000000,96
1455,LS097,2091AS,,,LS,05,LUSAKA,0505,LUSAKA,05055,MANDEVU,0505508,ROMA,05055082034,,Urban,122,525,init1,,OKAY,,,2025-01-16 22:40:56.053000000,2025-01-16 22:40:56.053000000,96
1456,LS096,2091AS,,,LS,05,LUSAKA,0505,LUSAKA,05055,MANDEVU,0505508,ROMA,05055082044,,Urban,152,574,init1,,OKAY,,,2025-01-16 22:40:56.053000000,2025-01-16 22:40:56.053000000,96
1457,LS095,2091AS,,,LS,05,LUSAKA,0505,LUSAKA,05055,MANDEVU,0505508,ROMA,05055082055,,Urban,130,511,init1,,OKAY,,,2025-01-16 22:40:56.053000000,2025-01-16 22:40:56.053000000,96
1458,LS094,2091AS,,,LS,05,LUSAKA,0505,LUSAKA,05055,MANDEVU,0505508,ROMA,05055082066,,Urban,192,895,init1,,OKAY,,,2025-01-16 22:40:56.053000000,2025-01-16 22:40:56.053000000,96
1459,LS093,2091AS,,,LS,05,LUSAKA,0505,LUSAKA,05055,MANDEVU,0505508,ROMA,05055082076,,Urban,151,666,init1,,OKAY,,,2025-01-16 22:40:56.053000000,2025-01-16 22:40:56.053000000,96
1460,LS092,2091AS,,,LS,05,LUSAKA,0505,LUSAKA,05055,MANDEVU,0505508,ROMA,05055082087,,Urban,155,628,init1,,OKAY,,,2025-01-16 22:40:56.053000000,2025-01-16 22:40:56.053000000,96
1461,LS091,2091AS,,,LS,05,LUSAKA,0505,LUSAKA,05055,MANDEVU,0505508,ROMA,05055082097,,Urban,107,468,init1,,OKAY,,,2025-01-16 22:40:56.053000000,2025-01-16 22:40:56.053000000,96
1462,LS090,1766GZ,,,LS,05,LUSAKA,0505,LUSAKA,05056,MATERO,0505601,KAPWEPWE,05056012002,,Urban,134,599,init1,,OKAY,,,2025-01-16 22:40:56.053000000,2025-01-16 22:40:56.053000000,161
1463,LS089,1766GZ,,,LS,05,LUSAKA,0505,LUSAKA,05056,MATERO,0505601,KAPWEPWE,05056012008,,Urban,154,797,init1,,OKAY,,,2025-01-16 22:40:56.053000000,2025-01-16 22:40:56.053000000,161
1464,LS088,1766GZ,,,LS,05,LUSAKA,0505,LUSAKA,05056,MATERO,0505601,KAPWEPWE,05056012014,,Urban,147,711,init1,,OKAY,,,2025-01-16 22:40:56.053000000,2025-01-16 22:40:56.053000000,161
1465,LS087,1766GZ,,,LS,05,LUSAKA,0505,LUSAKA,05056,MATERO,0505601,KAPWEPWE,05056012020,,Urban,146,663,init1,,OKAY,,,2025-01-16 22:40:56.053000000,2025-01-16 22:40:56.053000000,161
1466,LS086,1766GZ,,,LS,05,LUSAKA,0505,LUSAKA,05056,MATERO,0505601,KAPWEPWE,05056012026,,Urban,158,766,init1,,OKAY,,,2025-01-16 22:40:56.053000000,2025-01-16 22:40:56.053000000,161
1467,LS085,1766GZ,,,LS,05,LUSAKA,0505,LUSAKA,05056,MATERO,0505601,KAPWEPWE,05056012033,,Urban,196,832,init1,,OKAY,,,2025-01-16 22:40:56.053000000,2025-01-16 22:40:56.053000000,161
1468,LS084,1766GZ,,,LS,05,LUSAKA,0505,LUSAKA,05056,MATERO,0505601,KAPWEPWE,05056012039,,Urban,149,702,init1,,OKAY,,,2025-01-16 22:40:56.053000000,2025-01-16 22:40:56.053000000,161
1469,LS083,1766GZ,,,LS,05,LUSAKA,0505,LUSAKA,05056,MATERO,0505601,KAPWEPWE,05056012045,,Urban,145,714,init1,,OKAY,,,2025-01-16 22:40:56.053000000,2025-01-16 22:40:56.053000000,161
1470,LS082,1766GZ,,,LS,05,LUSAKA,0505,LUSAKA,05056,MATERO,0505601,KAPWEPWE,05056012051,,Urban,144,560,init1,,OKAY,,,2025-01-16 22:40:56.053000000,2025-01-16 22:40:56.053000000,161
1471,LS081,1766GZ,,,LS,05,LUSAKA,0505,LUSAKA,05056,MATERO,0505601,KAPWEPWE,05056012057,,Urban,138,794,init1,,OKAY,,,2025-01-16 22:40:56.053000000,2025-01-16 22:40:56.053000000,161
1472,LS080,1287ML,,,LS,05,LUSAKA,0505,LUSAKA,05056,MATERO,0505602,LIMA,05056022010,,Urban,184,801,init1,,OKAY,,,2025-01-16 22:40:56.053000000,2025-01-16 22:40:56.053000000,117
1473,LS079,1287ML,,,LS,05,LUSAKA,0505,LUSAKA,05056,MATERO,0505602,LIMA,05056022020,,Urban,209,995,init1,,OKAY,,,2025-01-16 22:40:56.053000000,2025-01-16 22:40:56.053000000,117
1474,LS078,1287ML,,,LS,05,LUSAKA,0505,LUSAKA,05056,MATERO,0505602,LIMA,05056022030,,Urban,149,749,init1,,OKAY,,,2025-01-16 22:40:56.053000000,2025-01-16 22:40:56.053000000,117
1475,LS077,1287ML,,,LS,05,LUSAKA,0505,LUSAKA,05056,MATERO,0505602,LIMA,05056022040,,Urban,118,536,init1,,OKAY,,,2025-01-16 22:40:56.053000000,2025-01-16 22:40:56.053000000,117
1476,LS076,1287ML,,,LS,05,LUSAKA,0505,LUSAKA,05056,MATERO,0505602,LIMA,05056022051,,Urban,129,639,init1,,OKAY,,,2025-01-16 22:40:56.053000000,2025-01-16 22:40:56.053000000,117
1477,LS075,1287ML,,,LS,05,LUSAKA,0505,LUSAKA,05056,MATERO,0505602,LIMA,05056022061,,Urban,190,824,init1,,OKAY,,,2025-01-16 22:40:56.053000000,2025-01-16 22:40:56.053000000,117
1478,LS074,1287ML,,,LS,05,LUSAKA,0505,LUSAKA,05056,MATERO,0505602,LIMA,05056022071,,Urban,172,842,init1,,OKAY,,,2025-01-16 22:40:56.053000000,2025-01-16 22:40:56.053000000,117
1479,LS073,1287ML,,,LS,05,LUSAKA,0505,LUSAKA,05056,MATERO,0505602,LIMA,05056022081,,Urban,118,576,init1,,OKAY,,,2025-01-16 22:40:56.053000000,2025-01-16 22:40:56.053000000,117
1480,LS072,1287ML,,,LS,05,LUSAKA,0505,LUSAKA,05056,MATERO,0505602,LIMA,05056022091,,Urban,109,509,init1,,OKAY,,,2025-01-16 22:40:56.053000000,2025-01-16 22:40:56.053000000,117
1481,LS071,1287ML,,,LS,05,LUSAKA,0505,LUSAKA,05056,MATERO,0505602,LIMA,05056022101,,Urban,94,489,init1,,OKAY,,,2025-01-16 22:40:56.053000000,2025-01-16 22:40:56.053000000,117
1482,LS070,1331HH,,,LS,05,LUSAKA,0505,LUSAKA,05056,MATERO,0505603,MATERO,05056032002,,Urban,111,466,init1,,OKAY,,,2025-01-16 22:40:56.053000000,2025-01-16 22:40:56.053000000,109
1483,LS069,1331HH,,,LS,05,LUSAKA,0505,LUSAKA,05056,MATERO,0505603,MATERO,05056032010,,Urban,179,758,init1,,OKAY,,,2025-01-16 22:40:56.053000000,2025-01-16 22:40:56.053000000,109
1484,LS068,1331HH,,,LS,05,LUSAKA,0505,LUSAKA,05056,MATERO,0505603,MATERO,05056032018,,Urban,134,565,init1,,OKAY,,,2025-01-16 22:40:56.053000000,2025-01-16 22:40:56.053000000,109
1485,LS067,1331HH,,,LS,05,LUSAKA,0505,LUSAKA,05056,MATERO,0505603,MATERO,05056032027,,Urban,186,693,init1,,OKAY,,,2025-01-16 22:40:56.053000000,2025-01-16 22:40:56.053000000,109
1486,LS066,1331HH,,,LS,05,LUSAKA,0505,LUSAKA,05056,MATERO,0505603,MATERO,05056032035,,Urban,153,734,init1,,OKAY,,,2025-01-16 22:40:56.053000000,2025-01-16 22:40:56.053000000,109
1487,LS065,1331HH,,,LS,05,LUSAKA,0505,LUSAKA,05056,MATERO,0505603,MATERO,05056032043,,Urban,145,781,init1,,OKAY,,,2025-01-16 22:40:56.053000000,2025-01-16 22:40:56.053000000,109
1488,LS064,1331HH,,,LS,05,LUSAKA,0505,LUSAKA,05056,MATERO,0505603,MATERO,05056032051,,Urban,176,763,init1,,OKAY,,,2025-01-16 22:40:56.053000000,2025-01-16 22:40:56.053000000,109
1489,LS063,1331HH,,,LS,05,LUSAKA,0505,LUSAKA,05056,MATERO,0505603,MATERO,05056032059,,Urban,143,560,init1,,OKAY,,,2025-01-16 22:40:56.053000000,2025-01-16 22:40:56.053000000,109
1490,LS062,1331HH,,,LS,05,LUSAKA,0505,LUSAKA,05056,MATERO,0505603,MATERO,05056032068,,Urban,142,678,init1,,OKAY,,,2025-01-16 22:40:56.053000000,2025-01-16 22:40:56.053000000,109
1491,LS061,1331HH,,,LS,05,LUSAKA,0505,LUSAKA,05056,MATERO,0505603,MATERO,05056032076,,Urban,102,419,init1,,OKAY,,,2025-01-16 22:40:56.053000000,2025-01-16 22:40:56.053000000,109
1492,LS060,1238ZY,,,LS,05,LUSAKA,0505,LUSAKA,05056,MATERO,0505604,MUCHINGA,05056042006,,Urban,154,727,init1,,OKAY,,,2025-01-16 22:40:56.053000000,2025-01-16 22:40:56.053000000,233
1493,LS059,1238ZY,,,LS,05,LUSAKA,0505,LUSAKA,05056,MATERO,0505604,MUCHINGA,05056042016,,Urban,220,1074,init1,,OKAY,,,2025-01-16 22:40:56.053000000,2025-01-16 22:40:56.053000000,233
1494,LS058,1238ZY,,,LS,05,LUSAKA,0505,LUSAKA,05056,MATERO,0505604,MUCHINGA,05056042026,,Urban,223,933,init1,,OKAY,,,2025-01-16 22:40:56.053000000,2025-01-16 22:40:56.053000000,233
1495,LS057,1238ZY,,,LS,05,LUSAKA,0505,LUSAKA,05056,MATERO,0505604,MUCHINGA,05056042036,,Urban,170,670,init1,,OKAY,,,2025-01-16 22:40:56.053000000,2025-01-16 22:40:56.053000000,233
1496,LS056,1238ZY,,,LS,05,LUSAKA,0505,LUSAKA,05056,MATERO,0505604,MUCHINGA,05056042046,,Urban,197,873,init1,,OKAY,,,2025-01-16 22:40:56.053000000,2025-01-16 22:40:56.053000000,233
1497,LS055,1238ZY,,,LS,05,LUSAKA,0505,LUSAKA,05056,MATERO,0505604,MUCHINGA,05056042056,,Urban,158,827,init1,,OKAY,,,2025-01-16 22:40:56.053000000,2025-01-16 22:40:56.053000000,233
1498,LS054,1238ZY,,,LS,05,LUSAKA,0505,LUSAKA,05056,MATERO,0505604,MUCHINGA,05056042065,,Urban,145,758,init1,,OKAY,,,2025-01-16 22:40:56.053000000,2025-01-16 22:40:56.053000000,233
1499,LS053,1238ZY,,,LS,05,LUSAKA,0505,LUSAKA,05056,MATERO,0505604,MUCHINGA,05056042075,,Urban,177,967,init1,,OKAY,,,2025-01-16 22:40:56.053000000,2025-01-16 22:40:56.053000000,233
1500,LS052,1238ZY,,,LS,05,LUSAKA,0505,LUSAKA,05056,MATERO,0505604,MUCHINGA,05056042085,,Urban,155,686,init1,,OKAY,,,2025-01-16 22:40:56.053000000,2025-01-16 22:40:56.053000000,233
1501,LS051,1238ZY,,,LS,05,LUSAKA,0505,LUSAKA,05056,MATERO,0505604,MUCHINGA,05056042095,,Urban,121,548,init1,,OKAY,,,2025-01-16 22:40:56.053000000,2025-01-16 22:40:56.053000000,233
1502,LS050,2805PE,,,LS,05,LUSAKA,0505,LUSAKA,05056,MATERO,0505605,MWEMBESHI,05056052001,,Urban,99,509,init1,,OKAY,,,2025-01-16 22:40:56.053000000,2025-01-16 22:40:56.053000000,15
1503,LS049,2805PE,,,LS,05,LUSAKA,0505,LUSAKA,05056,MATERO,0505605,MWEMBESHI,05056052012,,Urban,135,664,init1,,OKAY,,,2025-01-16 22:40:56.053000000,2025-01-16 22:40:56.053000000,15
1504,LS048,2805PE,,,LS,05,LUSAKA,0505,LUSAKA,05056,MATERO,0505605,MWEMBESHI,05056052023,,Urban,119,510,init1,,OKAY,,,2025-01-16 22:40:56.053000000,2025-01-16 22:40:56.053000000,15
1505,LS047,2805PE,,,LS,05,LUSAKA,0505,LUSAKA,05056,MATERO,0505605,MWEMBESHI,05056052034,,Urban,74,389,init1,,OKAY,,,2025-01-16 22:40:56.053000000,2025-01-16 22:40:56.053000000,15
1506,LS046,2805PE,,,LS,05,LUSAKA,0505,LUSAKA,05056,MATERO,0505605,MWEMBESHI,05056052044,,Urban,159,720,init1,,OKAY,,,2025-01-16 22:40:56.053000000,2025-01-16 22:40:56.053000000,15
1507,LS045,2805PE,,,LS,05,LUSAKA,0505,LUSAKA,05056,MATERO,0505605,MWEMBESHI,05056052055,,Urban,201,956,init1,,OKAY,,,2025-01-16 22:40:56.053000000,2025-01-16 22:40:56.053000000,15
1508,LS044,2805PE,,,LS,05,LUSAKA,0505,LUSAKA,05056,MATERO,0505605,MWEMBESHI,05056052066,,Urban,130,703,init1,,OKAY,,,2025-01-16 22:40:56.053000000,2025-01-16 22:40:56.053000000,15
1509,LS043,2805PE,,,LS,05,LUSAKA,0505,LUSAKA,05056,MATERO,0505605,MWEMBESHI,05056052077,,Urban,143,622,init1,,OKAY,,,2025-01-16 22:40:56.053000000,2025-01-16 22:40:56.053000000,15
1510,LS042,2805PE,,,LS,05,LUSAKA,0505,LUSAKA,05056,MATERO,0505605,MWEMBESHI,05056052088,,Urban,149,729,init1,,OKAY,,,2025-01-16 22:40:56.053000000,2025-01-16 22:40:56.053000000,15
1511,LS041,2805PE,,,LS,05,LUSAKA,0505,LUSAKA,05056,MATERO,0505605,MWEMBESHI,05056052098,,Urban,167,822,init1,,OKAY,,,2025-01-16 22:40:56.053000000,2025-01-16 22:40:56.053000000,15
1512,LS040,1544FR,,,LS,05,LUSAKA,0505,LUSAKA,05057,MUNALI,0505703,KALIKILIKI,05057032012,,Urban,148,709,init1,,OKAY,,,2025-01-16 22:40:56.053000000,2025-01-16 22:40:56.053000000,221
1513,LS039,1544FR,,,LS,05,LUSAKA,0505,LUSAKA,05057,MUNALI,0505703,KALIKILIKI,05057032026,,Urban,202,879,init1,,OKAY,,,2025-01-16 22:40:56.053000000,2025-01-16 22:40:56.053000000,221
1514,LS038,1544FR,,,LS,05,LUSAKA,0505,LUSAKA,05057,MUNALI,0505703,KALIKILIKI,05057032040,,Urban,222,1073,init1,,OKAY,,,2025-01-16 22:40:56.053000000,2025-01-16 22:40:56.053000000,221
1515,LS037,1544FR,,,LS,05,LUSAKA,0505,LUSAKA,05057,MUNALI,0505703,KALIKILIKI,05057032053,,Urban,156,722,init1,,OKAY,,,2025-01-16 22:40:56.053000000,2025-01-16 22:40:56.053000000,221
1516,LS036,1544FR,,,LS,05,LUSAKA,0505,LUSAKA,05057,MUNALI,0505703,KALIKILIKI,05057032067,,Urban,161,638,init1,,OKAY,,,2025-01-16 22:40:56.053000000,2025-01-16 22:40:56.053000000,221
1517,LS035,1544FR,,,LS,05,LUSAKA,0505,LUSAKA,05057,MUNALI,0505703,KALIKILIKI,05057032080,,Urban,172,717,init1,,OKAY,,,2025-01-16 22:40:56.053000000,2025-01-16 22:40:56.053000000,221
1518,LS034,1544FR,,,LS,05,LUSAKA,0505,LUSAKA,05057,MUNALI,0505703,KALIKILIKI,05057032094,,Urban,188,850,init1,,OKAY,,,2025-01-16 22:40:56.053000000,2025-01-16 22:40:56.053000000,221
1519,LS033,1544FR,,,LS,05,LUSAKA,0505,LUSAKA,05057,MUNALI,0505703,KALIKILIKI,05057032108,,Urban,144,492,init1,,OKAY,,,2025-01-16 22:40:56.053000000,2025-01-16 22:40:56.053000000,221
1520,LS032,1544FR,,,LS,05,LUSAKA,0505,LUSAKA,05057,MUNALI,0505703,KALIKILIKI,05057032121,,Urban,168,743,init1,,OKAY,,,2025-01-16 22:40:56.053000000,2025-01-16 22:40:56.053000000,221
1521,LS031,1544FR,,,LS,05,LUSAKA,0505,LUSAKA,05057,MUNALI,0505703,KALIKILIKI,05057032135,,Urban,135,572,init1,,OKAY,,,2025-01-16 22:40:56.053000000,2025-01-16 22:40:56.053000000,221
1522,LS030,2518PN,,,LS,05,LUSAKA,0505,LUSAKA,05057,MUNALI,0505704,KALINGALINGA,05057042002,,Urban,124,456,init1,,OKAY,,,2025-01-16 22:40:56.053000000,2025-01-16 22:40:56.053000000,163
1523,LS029,2518PN,,,LS,05,LUSAKA,0505,LUSAKA,05057,MUNALI,0505704,KALINGALINGA,05057042008,,Urban,157,556,init1,,OKAY,,,2025-01-16 22:40:56.053000000,2025-01-16 22:40:56.053000000,163
1524,LS028,2518PN,,,LS,05,LUSAKA,0505,LUSAKA,05057,MUNALI,0505704,KALINGALINGA,05057042015,,Urban,191,696,init1,,OKAY,,,2025-01-16 22:40:56.053000000,2025-01-16 22:40:56.053000000,163
1525,LS027,2518PN,,,LS,05,LUSAKA,0505,LUSAKA,05057,MUNALI,0505704,KALINGALINGA,05057042022,,Urban,142,603,init1,,OKAY,,,2025-01-16 22:40:56.053000000,2025-01-16 22:40:56.053000000,163
1526,LS026,2518PN,,,LS,05,LUSAKA,0505,LUSAKA,05057,MUNALI,0505704,KALINGALINGA,05057042028,,Urban,113,462,init1,,OKAY,,,2025-01-16 22:40:56.053000000,2025-01-16 22:40:56.053000000,163
1527,LS025,2518PN,,,LS,05,LUSAKA,0505,LUSAKA,05057,MUNALI,0505704,KALINGALINGA,05057042035,,Urban,149,712,init1,,OKAY,,,2025-01-16 22:40:56.053000000,2025-01-16 22:40:56.053000000,163
1528,LS024,2518PN,,,LS,05,LUSAKA,0505,LUSAKA,05057,MUNALI,0505704,KALINGALINGA,05057042042,,Urban,134,541,init1,,OKAY,,,2025-01-16 22:40:56.053000000,2025-01-16 22:40:56.053000000,163
1529,LS023,2518PN,,,LS,05,LUSAKA,0505,LUSAKA,05057,MUNALI,0505704,KALINGALINGA,05057042049,,Urban,157,621,init1,,OKAY,,,2025-01-16 22:40:56.053000000,2025-01-16 22:40:56.053000000,163
1530,LS022,2518PN,,,LS,05,LUSAKA,0505,LUSAKA,05057,MUNALI,0505704,KALINGALINGA,05057042055,,Urban,74,326,init1,,OKAY,,,2025-01-16 22:40:56.053000000,2025-01-16 22:40:56.053000000,163
1531,LS021,2518PN,,,LS,05,LUSAKA,0505,LUSAKA,05057,MUNALI,0505704,KALINGALINGA,05057042062,,Urban,100,365,init1,,OKAY,,,2025-01-16 22:40:56.053000000,2025-01-16 22:40:56.053000000,163
1532,LS020,2394NG,,,LS,05,LUSAKA,0505,LUSAKA,05057,MUNALI,0505705,MTENDERE,05057052003,,Urban,107,430,init1,,OKAY,,,2025-01-16 22:40:56.053000000,2025-01-16 22:40:56.053000000,198
1533,LS019,2394NG,,,LS,05,LUSAKA,0505,LUSAKA,05057,MUNALI,0505705,MTENDERE,05057052013,,Urban,200,836,init1,,OKAY,,,2025-01-16 22:40:56.053000000,2025-01-16 22:40:56.053000000,198
1534,LS018,2394NG,,,LS,05,LUSAKA,0505,LUSAKA,05057,MUNALI,0505705,MTENDERE,05057052023,,Urban,168,713,init1,,OKAY,,,2025-01-16 22:40:56.053000000,2025-01-16 22:40:56.053000000,198
1535,LS017,2394NG,,,LS,05,LUSAKA,0505,LUSAKA,05057,MUNALI,0505705,MTENDERE,05057052033,,Urban,149,566,init1,,OKAY,,,2025-01-16 22:40:56.053000000,2025-01-16 22:40:56.053000000,198
1536,LS016,2394NG,,,LS,05,LUSAKA,0505,LUSAKA,05057,MUNALI,0505705,MTENDERE,05057052042,,Urban,218,941,init1,,OKAY,,,2025-01-16 22:40:56.053000000,2025-01-16 22:40:56.053000000,198
1537,LS015,2394NG,,,LS,05,LUSAKA,0505,LUSAKA,05057,MUNALI,0505705,MTENDERE,05057052052,,Urban,107,423,init1,,OKAY,,,2025-01-16 22:40:56.053000000,2025-01-16 22:40:56.053000000,198
1538,LS014,2394NG,,,LS,05,LUSAKA,0505,LUSAKA,05057,MUNALI,0505705,MTENDERE,05057052062,,Urban,211,943,init1,,OKAY,,,2025-01-16 22:40:56.053000000,2025-01-16 22:40:56.053000000,198
1539,LS013,2394NG,,,LS,05,LUSAKA,0505,LUSAKA,05057,MUNALI,0505705,MTENDERE,05057052072,,Urban,126,587,init1,,OKAY,,,2025-01-16 22:40:56.053000000,2025-01-16 22:40:56.053000000,198
1540,LS012,2394NG,,,LS,05,LUSAKA,0505,LUSAKA,05057,MUNALI,0505705,MTENDERE,05057052082,,Urban,175,740,init1,,OKAY,,,2025-01-16 22:40:56.053000000,2025-01-16 22:40:56.053000000,198
1541,LS011,2394NG,,,LS,05,LUSAKA,0505,LUSAKA,05057,MUNALI,0505705,MTENDERE,05057052091,,Urban,134,538,init1,,OKAY,,,2025-01-16 22:40:56.053000000,2025-01-16 22:40:56.053000000,198
1542,LS010,1392KY,,,LS,05,LUSAKA,0505,LUSAKA,05057,MUNALI,0505706,MUNALI,05057062005,,Urban,92,353,init1,,OKAY,,,2025-01-16 22:40:56.053000000,2025-01-16 22:40:56.053000000,128
1543,LS009,1392KY,,,LS,05,LUSAKA,0505,LUSAKA,05057,MUNALI,0505706,MUNALI,05057062013,,Urban,164,835,init1,,OKAY,,,2025-01-16 22:40:56.053000000,2025-01-16 22:40:56.053000000,128
1544,LS008,1392KY,,,LS,05,LUSAKA,0505,LUSAKA,05057,MUNALI,0505706,MUNALI,05057062021,,Urban,123,526,init1,,OKAY,,,2025-01-16 22:40:56.053000000,2025-01-16 22:40:56.053000000,128
1545,LS007,1392KY,,,LS,05,LUSAKA,0505,LUSAKA,05057,MUNALI,0505706,MUNALI,05057062030,,Urban,132,544,init1,,OKAY,,,2025-01-16 22:40:56.053000000,2025-01-16 22:40:56.053000000,128
1546,LS006,1392KY,,,LS,05,LUSAKA,0505,LUSAKA,05057,MUNALI,0505706,MUNALI,05057062038,,Urban,204,913,init1,,OKAY,,,2025-01-16 22:40:56.053000000,2025-01-16 22:40:56.053000000,128
1547,LS005,1392KY,,,LS,05,LUSAKA,0505,LUSAKA,05057,MUNALI,0505706,MUNALI,05057062047,,Urban,136,568,init1,,OKAY,,,2025-01-16 22:40:56.053000000,2025-01-16 22:40:56.053000000,128
1548,LS004,1392KY,,,LS,05,LUSAKA,0505,LUSAKA,05057,MUNALI,0505706,MUNALI,05057062055,,Urban,99,470,init1,,OKAY,,,2025-01-16 22:40:56.053000000,2025-01-16 22:40:56.053000000,128
1549,LS003,1392KY,,,LS,05,LUSAKA,0505,LUSAKA,05057,MUNALI,0505706,MUNALI,05057062063,,Urban,111,557,init1,,OKAY,,,2025-01-16 22:40:56.053000000,2025-01-16 22:40:56.053000000,128
1550,LS002,1392KY,,,LS,05,LUSAKA,0505,LUSAKA,05057,MUNALI,0505706,MUNALI,05057062072,,Urban,97,408,init1,,OKAY,,,2025-01-16 22:40:56.053000000,2025-01-16 22:40:56.053000000,128
1551,LS001,1392KY,,,LS,05,LUSAKA,0505,LUSAKA,05057,MUNALI,0505706,MUNALI,05057062080,,Urban,85,370,init1,,OKAY,,,2025-01-16 22:40:56.053000000,2025-01-16 22:40:56.053000000,128
1552,MU119,1963BF,,,MU,06,MUCHINGA,0603,KANCHIBIYA,06031,KANCHIBIYA,0603102,CHEWE SHIMFWAMBA,06031021001,,Rural,89,457,init1,,OKAY,,,2025-01-16 22:40:56.053000000,2025-01-16 22:40:56.053000000,240
1553,MU118,1963BF,,,MU,06,MUCHINGA,0603,KANCHIBIYA,06031,KANCHIBIYA,0603102,CHEWE SHIMFWAMBA,06031021002,,Rural,86,415,init1,,OKAY,,,2025-01-16 22:40:56.053000000,2025-01-16 22:40:56.053000000,240
1554,MU117,1963BF,,,MU,06,MUCHINGA,0603,KANCHIBIYA,06031,KANCHIBIYA,0603102,CHEWE SHIMFWAMBA,06031021003,,Rural,44,191,init1,,VAST EA,,,2025-01-16 22:40:56.053000000,2025-01-16 22:40:56.053000000,240
1555,MU116,1963BF,,,MU,06,MUCHINGA,0603,KANCHIBIYA,06031,KANCHIBIYA,0603102,CHEWE SHIMFWAMBA,06031021004,,Rural,54,285,init1,,OKAY,,,2025-01-16 22:40:56.053000000,2025-01-16 22:40:56.053000000,240
1556,MU115,1963BF,,,MU,06,MUCHINGA,0603,KANCHIBIYA,06031,KANCHIBIYA,0603102,CHEWE SHIMFWAMBA,06031021005,,Rural,53,280,init1,,OKAY,,,2025-01-16 22:40:56.053000000,2025-01-16 22:40:56.053000000,240
1557,MU114,1963BF,,,MU,06,MUCHINGA,0603,KANCHIBIYA,06031,KANCHIBIYA,0603102,CHEWE SHIMFWAMBA,06031021006,,Rural,89,491,init1,,OKAY,,,2025-01-16 22:40:56.053000000,2025-01-16 22:40:56.053000000,240
1558,MU113,1963BF,,,MU,06,MUCHINGA,0603,KANCHIBIYA,06031,KANCHIBIYA,0603102,CHEWE SHIMFWAMBA,06031021007,,Rural,78,419,init1,,OKAY,,,2025-01-16 22:40:56.053000000,2025-01-16 22:40:56.053000000,240
1559,MU112,1963BF,,,MU,06,MUCHINGA,0603,KANCHIBIYA,06031,KANCHIBIYA,0603102,CHEWE SHIMFWAMBA,06031021008,,Rural,98,447,init1,,OKAY,,,2025-01-16 22:40:56.053000000,2025-01-16 22:40:56.053000000,240
1560,MU111,1963BF,,,MU,06,MUCHINGA,0603,KANCHIBIYA,06031,KANCHIBIYA,0603102,CHEWE SHIMFWAMBA,06031021009,,Rural,51,285,init1,,OKAY,,,2025-01-16 22:40:56.053000000,2025-01-16 22:40:56.053000000,240
1561,MU110,1277ZB,,,MU,06,MUCHINGA,0603,KANCHIBIYA,06031,KANCHIBIYA,0603104,CHINAMA,06031041002,,Rural,71,336,init1,,OKAY,,,2025-01-16 22:40:56.053000000,2025-01-16 22:40:56.053000000,246
1562,MU109,1277ZB,,,MU,06,MUCHINGA,0603,KANCHIBIYA,06031,KANCHIBIYA,0603104,CHINAMA,06031041004,,Rural,116,546,init1,,OKAY,,,2025-01-16 22:40:56.053000000,2025-01-16 22:40:56.053000000,246
1563,MU108,1277ZB,,,MU,06,MUCHINGA,0603,KANCHIBIYA,06031,KANCHIBIYA,0603104,CHINAMA,06031041007,,Rural,107,512,init1,,OKAY,,,2025-01-16 22:40:56.053000000,2025-01-16 22:40:56.053000000,246
1564,MU107,1277ZB,,,MU,06,MUCHINGA,0603,KANCHIBIYA,06031,KANCHIBIYA,0603104,CHINAMA,06031041009,,Rural,63,317,init1,,OKAY,,,2025-01-16 22:40:56.053000000,2025-01-16 22:40:56.053000000,246
1565,MU106,1277ZB,,,MU,06,MUCHINGA,0603,KANCHIBIYA,06031,KANCHIBIYA,0603104,CHINAMA,06031041012,,Rural,65,306,init1,,OKAY,,,2025-01-16 22:40:56.053000000,2025-01-16 22:40:56.053000000,246
1566,MU105,1277ZB,,,MU,06,MUCHINGA,0603,KANCHIBIYA,06031,KANCHIBIYA,0603104,CHINAMA,06031041015,,Rural,85,389,init1,,OKAY,,,2025-01-16 22:40:56.053000000,2025-01-16 22:40:56.053000000,246
1567,MU104,1277ZB,,,MU,06,MUCHINGA,0603,KANCHIBIYA,06031,KANCHIBIYA,0603104,CHINAMA,06031041017,,Rural,96,436,init1,,OKAY,,,2025-01-16 22:40:56.053000000,2025-01-16 22:40:56.053000000,246
1568,MU103,1277ZB,,,MU,06,MUCHINGA,0603,KANCHIBIYA,06031,KANCHIBIYA,0603104,CHINAMA,06031041020,,Rural,80,352,init1,,OKAY,,,2025-01-16 22:40:56.053000000,2025-01-16 22:40:56.053000000,246
1569,MU102,1277ZB,,,MU,06,MUCHINGA,0603,KANCHIBIYA,06031,KANCHIBIYA,0603104,CHINAMA,06031041022,,Rural,87,449,init1,,OKAY,,,2025-01-16 22:40:56.053000000,2025-01-16 22:40:56.053000000,246
1570,MU101,1277ZB,,,MU,06,MUCHINGA,0603,KANCHIBIYA,06031,KANCHIBIYA,0603104,CHINAMA,06031041025,,Rural,72,409,init1,,OKAY,,,2025-01-16 22:40:56.053000000,2025-01-16 22:40:56.053000000,246
1571,MU100,1985FE,,,MU,06,MUCHINGA,0603,KANCHIBIYA,06031,KANCHIBIYA,0603105,LUBALESHI,06031051004,,Rural,80,449,init1,,OKAY,,,2025-01-16 22:40:56.053000000,2025-01-16 22:40:56.053000000,74
1572,MU099,1985FE,,,MU,06,MUCHINGA,0603,KANCHIBIYA,06031,KANCHIBIYA,0603105,LUBALESHI,06031051009,,Rural,54,258,init1,,OKAY,,,2025-01-16 22:40:56.053000000,2025-01-16 22:40:56.053000000,74
1573,MU098,1985FE,,,MU,06,MUCHINGA,0603,KANCHIBIYA,06031,KANCHIBIYA,0603105,LUBALESHI,06031051013,,Rural,76,439,init1,,OKAY,,,2025-01-16 22:40:56.053000000,2025-01-16 22:40:56.053000000,74
1574,MU097,1985FE,,,MU,06,MUCHINGA,0603,KANCHIBIYA,06031,KANCHIBIYA,0603105,LUBALESHI,06031051018,,Rural,68,307,init1,,OKAY,,,2025-01-16 22:40:56.053000000,2025-01-16 22:40:56.053000000,74
1575,MU096,1985FE,,,MU,06,MUCHINGA,0603,KANCHIBIYA,06031,KANCHIBIYA,0603105,LUBALESHI,06031051022,,Rural,115,557,init1,,OKAY,,,2025-01-16 22:40:56.053000000,2025-01-16 22:40:56.053000000,74
1576,MU095,1985FE,,,MU,06,MUCHINGA,0603,KANCHIBIYA,06031,KANCHIBIYA,0603105,LUBALESHI,06031051027,,Rural,98,501,init1,,OKAY,,,2025-01-16 22:40:56.053000000,2025-01-16 22:40:56.053000000,74
1577,MU094,1985FE,,,MU,06,MUCHINGA,0603,KANCHIBIYA,06031,KANCHIBIYA,0603105,LUBALESHI,06031051032,,Rural,57,336,init1,,OKAY,,,2025-01-16 22:40:56.053000000,2025-01-16 22:40:56.053000000,74
1578,MU093,1985FE,,,MU,06,MUCHINGA,0603,KANCHIBIYA,06031,KANCHIBIYA,0603105,LUBALESHI,06031051036,,Rural,82,459,init1,,OKAY,,,2025-01-16 22:40:56.053000000,2025-01-16 22:40:56.053000000,74
1579,MU092,1985FE,,,MU,06,MUCHINGA,0603,KANCHIBIYA,06031,KANCHIBIYA,0603105,LUBALESHI,06031051041,,Rural,81,389,init1,,OKAY,,,2025-01-16 22:40:56.053000000,2025-01-16 22:40:56.053000000,74
1580,MU091,1985FE,,,MU,06,MUCHINGA,0603,KANCHIBIYA,06031,KANCHIBIYA,0603105,LUBALESHI,06031051045,,Rural,74,373,init1,,OKAY,,,2025-01-16 22:40:56.053000000,2025-01-16 22:40:56.053000000,74
1581,MU090,2719PK,,,MU,06,MUCHINGA,0603,KANCHIBIYA,06031,KANCHIBIYA,0603108,MBATI,06031081002,,Rural,86,395,init1,,OKAY,,,2025-01-16 22:40:56.053000000,2025-01-16 22:40:56.053000000,48
1582,MU089,2719PK,,,MU,06,MUCHINGA,0603,KANCHIBIYA,06031,KANCHIBIYA,0603108,MBATI,06031081004,,Rural,110,438,init1,,OKAY,,,2025-01-16 22:40:56.053000000,2025-01-16 22:40:56.053000000,48
1583,MU088,2719PK,,,MU,06,MUCHINGA,0603,KANCHIBIYA,06031,KANCHIBIYA,0603108,MBATI,06031081006,,Rural,102,425,init1,,OKAY,,,2025-01-16 22:40:56.053000000,2025-01-16 22:40:56.053000000,48
1584,MU087,2719PK,,,MU,06,MUCHINGA,0603,KANCHIBIYA,06031,KANCHIBIYA,0603108,MBATI,06031081008,,Rural,80,210,init1,,OKAY,,,2025-01-16 22:40:56.053000000,2025-01-16 22:40:56.053000000,48
1585,MU086,2719PK,,,MU,06,MUCHINGA,0603,KANCHIBIYA,06031,KANCHIBIYA,0603108,MBATI,06031081009,,Rural,85,300,init1,,OKAY,,,2025-01-16 22:40:56.053000000,2025-01-16 22:40:56.053000000,48
1586,MU085,2719PK,,,MU,06,MUCHINGA,0603,KANCHIBIYA,06031,KANCHIBIYA,0603108,MBATI,06031081011,,Rural,76,320,init1,,OKAY,,,2025-01-16 22:40:56.053000000,2025-01-16 22:40:56.053000000,48
1587,MU084,2719PK,,,MU,06,MUCHINGA,0603,KANCHIBIYA,06031,KANCHIBIYA,0603108,MBATI,06031081013,,Rural,59,239,init1,,OKAY,,,2025-01-16 22:40:56.053000000,2025-01-16 22:40:56.053000000,48
1588,MU083,2719PK,,,MU,06,MUCHINGA,0603,KANCHIBIYA,06031,KANCHIBIYA,0603108,MBATI,06031081015,,Rural,78,375,init1,,OKAY,,,2025-01-16 22:40:56.053000000,2025-01-16 22:40:56.053000000,48
1589,MU082,2719PK,,,MU,06,MUCHINGA,0603,KANCHIBIYA,06031,KANCHIBIYA,0603108,MBATI,06031081017,,Rural,104,322,init1,,OKAY,,,2025-01-16 22:40:56.053000000,2025-01-16 22:40:56.053000000,48
1590,MU081,2719PK,,,MU,06,MUCHINGA,0603,KANCHIBIYA,06031,KANCHIBIYA,0603108,MBATI,06031081018,,Rural,80,397,init1,,OKAY,,,2025-01-16 22:40:56.053000000,2025-01-16 22:40:56.053000000,48
1591,MU080,2283KY,,,MU,06,MUCHINGA,0603,KANCHIBIYA,06031,KANCHIBIYA,0603110,MUNIKASHI,06031101002,,Rural,67,313,init1,,OKAY,,,2025-01-16 22:40:56.053000000,2025-01-16 22:40:56.053000000,166
1592,MU079,2283KY,,,MU,06,MUCHINGA,0603,KANCHIBIYA,06031,KANCHIBIYA,0603110,MUNIKASHI,06031101005,,Rural,106,483,init1,,OKAY,,,2025-01-16 22:40:56.053000000,2025-01-16 22:40:56.053000000,166
1593,MU078,2283KY,,,MU,06,MUCHINGA,0603,KANCHIBIYA,06031,KANCHIBIYA,0603110,MUNIKASHI,06031101009,,Rural,51,277,init1,,OKAY,,,2025-01-16 22:40:56.053000000,2025-01-16 22:40:56.053000000,166
1594,MU077,2283KY,,,MU,06,MUCHINGA,0603,KANCHIBIYA,06031,KANCHIBIYA,0603110,MUNIKASHI,06031101012,,Rural,82,289,init1,,OKAY,,,2025-01-16 22:40:56.053000000,2025-01-16 22:40:56.053000000,166
1595,MU076,2283KY,,,MU,06,MUCHINGA,0603,KANCHIBIYA,06031,KANCHIBIYA,0603110,MUNIKASHI,06031101015,,Rural,55,215,init1,,OKAY,,,2025-01-16 22:40:56.053000000,2025-01-16 22:40:56.053000000,166
1596,MU075,2283KY,,,MU,06,MUCHINGA,0603,KANCHIBIYA,06031,KANCHIBIYA,0603110,MUNIKASHI,06031101019,,Rural,86,362,init1,,OKAY,,,2025-01-16 22:40:56.053000000,2025-01-16 22:40:56.053000000,166
1597,MU074,2283KY,,,MU,06,MUCHINGA,0603,KANCHIBIYA,06031,KANCHIBIYA,0603110,MUNIKASHI,06031101022,,Rural,42,201,init1,,VAST EA,,,2025-01-16 22:40:56.053000000,2025-01-16 22:40:56.053000000,166
1598,MU073,2283KY,,,MU,06,MUCHINGA,0603,KANCHIBIYA,06031,KANCHIBIYA,0603110,MUNIKASHI,06031101025,,Rural,105,487,init1,,OKAY,,,2025-01-16 22:40:56.053000000,2025-01-16 22:40:56.053000000,166
1599,MU072,2283KY,,,MU,06,MUCHINGA,0603,KANCHIBIYA,06031,KANCHIBIYA,0603110,MUNIKASHI,06031101028,,Rural,56,214,init1,,OKAY,,,2025-01-16 22:40:56.053000000,2025-01-16 22:40:56.053000000,166
1600,MU071,2283KY,,,MU,06,MUCHINGA,0603,KANCHIBIYA,06031,KANCHIBIYA,0603110,MUNIKASHI,06031101032,,Rural,70,296,init1,,OKAY,,,2025-01-16 22:40:56.053000000,2025-01-16 22:40:56.053000000,166
1601,MU070,3072RZ,,,MU,06,MUCHINGA,0607,NAKONDE,06071,NAKONDE,0607101,CHIWANZA,06071011001,,Rural,36,184,init1,,VAST EA,,,2025-01-16 22:40:56.053000000,2025-01-16 22:40:56.053000000,235
1602,MU069,3072RZ,,,MU,06,MUCHINGA,0607,NAKONDE,06071,NAKONDE,0607101,CHIWANZA,06071011003,,Rural,100,481,init1,,OKAY,,,2025-01-16 22:40:56.053000000,2025-01-16 22:40:56.053000000,235
1603,MU068,3072RZ,,,MU,06,MUCHINGA,0607,NAKONDE,06071,NAKONDE,0607101,CHIWANZA,06071011005,,Rural,67,360,init1,,OKAY,,,2025-01-16 22:40:56.053000000,2025-01-16 22:40:56.053000000,235
1604,MU067,3072RZ,,,MU,06,MUCHINGA,0607,NAKONDE,06071,NAKONDE,0607101,CHIWANZA,06071011007,,Rural,67,354,init1,,OKAY,,,2025-01-16 22:40:56.053000000,2025-01-16 22:40:56.053000000,235
1605,MU066,3072RZ,,,MU,06,MUCHINGA,0607,NAKONDE,06071,NAKONDE,0607101,CHIWANZA,06071011009,,Rural,74,385,init1,,OKAY,,,2025-01-16 22:40:56.053000000,2025-01-16 22:40:56.053000000,235
1606,MU065,3072RZ,,,MU,06,MUCHINGA,0607,NAKONDE,06071,NAKONDE,0607101,CHIWANZA,06071011012,,Rural,71,377,init1,,OKAY,,,2025-01-16 22:40:56.053000000,2025-01-16 22:40:56.053000000,235
1607,MU064,3072RZ,,,MU,06,MUCHINGA,0607,NAKONDE,06071,NAKONDE,0607101,CHIWANZA,06071011014,,Rural,97,475,init1,,OKAY,,,2025-01-16 22:40:56.053000000,2025-01-16 22:40:56.053000000,235
1608,MU063,3072RZ,,,MU,06,MUCHINGA,0607,NAKONDE,06071,NAKONDE,0607101,CHIWANZA,06071011016,,Rural,68,343,init1,,OKAY,,,2025-01-16 22:40:56.053000000,2025-01-16 22:40:56.053000000,235
1609,MU062,3072RZ,,,MU,06,MUCHINGA,0607,NAKONDE,06071,NAKONDE,0607101,CHIWANZA,06071011018,,Rural,66,383,init1,,OKAY,,,2025-01-16 22:40:56.053000000,2025-01-16 22:40:56.053000000,235
1610,MU061,3072RZ,,,MU,06,MUCHINGA,0607,NAKONDE,06071,NAKONDE,0607101,CHIWANZA,06071011020,,Rural,99,561,init1,,OKAY,,,2025-01-16 22:40:56.053000000,2025-01-16 22:40:56.053000000,235
1611,MU060,2721CK,,,MU,06,MUCHINGA,0607,NAKONDE,06071,NAKONDE,0607102,IKUMBI,06071022004,,Urban,131,591,init1,,OKAY,,,2025-01-16 22:40:56.053000000,2025-01-16 22:40:56.053000000,76
1612,MU059,2721CK,,,MU,06,MUCHINGA,0607,NAKONDE,06071,NAKONDE,0607102,IKUMBI,06071022013,,Urban,71,304,init1,,OKAY,,,2025-01-16 22:40:56.053000000,2025-01-16 22:40:56.053000000,76
1613,MU058,2721CK,,,MU,06,MUCHINGA,0607,NAKONDE,06071,NAKONDE,0607102,IKUMBI,06071022023,,Urban,109,395,init1,,OKAY,,,2025-01-16 22:40:56.053000000,2025-01-16 22:40:56.053000000,76
1614,MU057,2721CK,,,MU,06,MUCHINGA,0607,NAKONDE,06071,NAKONDE,0607102,IKUMBI,06071022032,,Urban,137,612,init1,,OKAY,,,2025-01-16 22:40:56.053000000,2025-01-16 22:40:56.053000000,76
1615,MU056,2721CK,,,MU,06,MUCHINGA,0607,NAKONDE,06071,NAKONDE,0607102,IKUMBI,06071022042,,Urban,155,596,init1,,OKAY,,,2025-01-16 22:40:56.053000000,2025-01-16 22:40:56.053000000,76
1616,MU055,2721CK,,,MU,06,MUCHINGA,0607,NAKONDE,06071,NAKONDE,0607102,IKUMBI,06071022051,,Urban,73,307,init1,,OKAY,,,2025-01-16 22:40:56.053000000,2025-01-16 22:40:56.053000000,76
1617,MU054,2721CK,,,MU,06,MUCHINGA,0607,NAKONDE,06071,NAKONDE,0607102,IKUMBI,06071022061,,Urban,120,538,init1,,OKAY,,,2025-01-16 22:40:56.053000000,2025-01-16 22:40:56.053000000,76
1618,MU053,2721CK,,,MU,06,MUCHINGA,0607,NAKONDE,06071,NAKONDE,0607102,IKUMBI,06071022070,,Urban,153,759,init1,,OKAY,,,2025-01-16 22:40:56.053000000,2025-01-16 22:40:56.053000000,76
1619,MU052,2721CK,,,MU,06,MUCHINGA,0607,NAKONDE,06071,NAKONDE,0607102,IKUMBI,06071022080,,Urban,137,656,init1,,OKAY,,,2025-01-16 22:40:56.053000000,2025-01-16 22:40:56.053000000,76
1620,MU051,2721CK,,,MU,06,MUCHINGA,0607,NAKONDE,06071,NAKONDE,0607102,IKUMBI,06071022089,,Urban,92,397,init1,,OKAY,,,2025-01-16 22:40:56.053000000,2025-01-16 22:40:56.053000000,76
1621,MU050,2761FY,,,MU,06,MUCHINGA,0607,NAKONDE,06071,NAKONDE,0607103,ILONDA,06071031002,,Rural,82,373,init1,,OKAY,,,2025-01-16 22:40:56.053000000,2025-01-16 22:40:56.053000000,60
1622,MU049,2761FY,,,MU,06,MUCHINGA,0607,NAKONDE,06071,NAKONDE,0607103,ILONDA,06071031004,,Rural,96,463,init1,,OKAY,,,2025-01-16 22:40:56.053000000,2025-01-16 22:40:56.053000000,60
1623,MU048,2761FY,,,MU,06,MUCHINGA,0607,NAKONDE,06071,NAKONDE,0607103,ILONDA,06071031007,,Rural,63,332,init1,,OKAY,,,2025-01-16 22:40:56.053000000,2025-01-16 22:40:56.053000000,60
1624,MU047,2761FY,,,MU,06,MUCHINGA,0607,NAKONDE,06071,NAKONDE,0607103,ILONDA,06071031009,,Rural,56,253,init1,,OKAY,,,2025-01-16 22:40:56.053000000,2025-01-16 22:40:56.053000000,60
1625,MU046,2761FY,,,MU,06,MUCHINGA,0607,NAKONDE,06071,NAKONDE,0607103,ILONDA,06071031012,,Rural,49,218,init1,,VAST EA,,,2025-01-16 22:40:56.053000000,2025-01-16 22:40:56.053000000,60
1626,MU045,2761FY,,,MU,06,MUCHINGA,0607,NAKONDE,06071,NAKONDE,0607103,ILONDA,06071031014,,Rural,54,268,init1,,OKAY,,,2025-01-16 22:40:56.053000000,2025-01-16 22:40:56.053000000,60
1627,MU044,2761FY,,,MU,06,MUCHINGA,0607,NAKONDE,06071,NAKONDE,0607103,ILONDA,06071031017,,Rural,52,229,init1,,OKAY,,,2025-01-16 22:40:56.053000000,2025-01-16 22:40:56.053000000,60
1628,MU043,2761FY,,,MU,06,MUCHINGA,0607,NAKONDE,06071,NAKONDE,0607103,ILONDA,06071031019,,Rural,69,367,init1,,OKAY,,,2025-01-16 22:40:56.053000000,2025-01-16 22:40:56.053000000,60
1629,MU042,2761FY,,,MU,06,MUCHINGA,0607,NAKONDE,06071,NAKONDE,0607103,ILONDA,06071031022,,Rural,29,155,init1,,VAST EA,,,2025-01-16 22:40:56.053000000,2025-01-16 22:40:56.053000000,60
1630,MU041,2761FY,,,MU,06,MUCHINGA,0607,NAKONDE,06071,NAKONDE,0607103,ILONDA,06071031024,,Rural,40,217,init1,,VAST EA,,,2025-01-16 22:40:56.053000000,2025-01-16 22:40:56.053000000,60
1631,MU040,3057DF,,,MU,06,MUCHINGA,0607,NAKONDE,06071,NAKONDE,0607106,MPANDE,06071061001,,Rural,84,427,init1,,OKAY,,,2025-01-16 22:40:56.053000000,2025-01-16 22:40:56.053000000,30
1632,MU039,3057DF,,,MU,06,MUCHINGA,0607,NAKONDE,06071,NAKONDE,0607106,MPANDE,06071061002,,Rural,88,433,init1,,OKAY,,,2025-01-16 22:40:56.053000000,2025-01-16 22:40:56.053000000,30
1633,MU038,3057DF,,,MU,06,MUCHINGA,0607,NAKONDE,06071,NAKONDE,0607106,MPANDE,06071061004,,Rural,75,354,init1,,OKAY,,,2025-01-16 22:40:56.053000000,2025-01-16 22:40:56.053000000,30
1634,MU037,3057DF,,,MU,06,MUCHINGA,0607,NAKONDE,06071,NAKONDE,0607106,MPANDE,06071061006,,Rural,90,424,init1,,OKAY,,,2025-01-16 22:40:56.053000000,2025-01-16 22:40:56.053000000,30
1635,MU036,3057DF,,,MU,06,MUCHINGA,0607,NAKONDE,06071,NAKONDE,0607106,MPANDE,06071061008,,Rural,63,310,init1,,OKAY,,,2025-01-16 22:40:56.053000000,2025-01-16 22:40:56.053000000,30
1636,MU035,3057DF,,,MU,06,MUCHINGA,0607,NAKONDE,06071,NAKONDE,0607106,MPANDE,06071061009,,Rural,53,246,init1,,OKAY,,,2025-01-16 22:40:56.053000000,2025-01-16 22:40:56.053000000,30
1637,MU034,3057DF,,,MU,06,MUCHINGA,0607,NAKONDE,06071,NAKONDE,0607106,MPANDE,06071061011,,Rural,74,379,init1,,OKAY,,,2025-01-16 22:40:56.053000000,2025-01-16 22:40:56.053000000,30
1638,MU033,3057DF,,,MU,06,MUCHINGA,0607,NAKONDE,06071,NAKONDE,0607106,MPANDE,06071061013,,Rural,73,525,init1,,OKAY,,,2025-01-16 22:40:56.053000000,2025-01-16 22:40:56.053000000,30
1639,MU032,3057DF,,,MU,06,MUCHINGA,0607,NAKONDE,06071,NAKONDE,0607106,MPANDE,06071061014,,Rural,65,315,init1,,OKAY,,,2025-01-16 22:40:56.053000000,2025-01-16 22:40:56.053000000,30
1640,MU031,3057DF,,,MU,06,MUCHINGA,0607,NAKONDE,06071,NAKONDE,0607106,MPANDE,06071061016,,Rural,71,359,init1,,OKAY,,,2025-01-16 22:40:56.053000000,2025-01-16 22:40:56.053000000,30
1641,MU030,1133MA,,,MU,06,MUCHINGA,0607,NAKONDE,06071,NAKONDE,0607109,MUSYANI,06071091003,,Rural,62,218,init1,,OKAY,,,2025-01-16 22:40:56.053000000,2025-01-16 22:40:56.053000000,63
1642,MU029,1133MA,,,MU,06,MUCHINGA,0607,NAKONDE,06071,NAKONDE,0607109,MUSYANI,06071091006,,Rural,102,421,init1,,OKAY,,,2025-01-16 22:40:56.053000000,2025-01-16 22:40:56.053000000,63
1643,MU028,1133MA,,,MU,06,MUCHINGA,0607,NAKONDE,06071,NAKONDE,0607109,MUSYANI,06071091009,,Rural,50,242,init1,,OKAY,,,2025-01-16 22:40:56.053000000,2025-01-16 22:40:56.053000000,63
1644,MU027,1133MA,,,MU,06,MUCHINGA,0607,NAKONDE,06071,NAKONDE,0607109,MUSYANI,06071091013,,Rural,80,376,init1,,OKAY,,,2025-01-16 22:40:56.053000000,2025-01-16 22:40:56.053000000,63
1645,MU026,1133MA,,,MU,06,MUCHINGA,0607,NAKONDE,06071,NAKONDE,0607109,MUSYANI,06071091016,,Rural,49,222,init1,,VAST EA,,,2025-01-16 22:40:56.053000000,2025-01-16 22:40:56.053000000,63
1646,MU025,1133MA,,,MU,06,MUCHINGA,0607,NAKONDE,06071,NAKONDE,0607109,MUSYANI,06071091019,,Rural,84,394,init1,,OKAY,,,2025-01-16 22:40:56.053000000,2025-01-16 22:40:56.053000000,63
1647,MU024,1133MA,,,MU,06,MUCHINGA,0607,NAKONDE,06071,NAKONDE,0607109,MUSYANI,06071091021,,Rural,63,303,init1,,OKAY,,,2025-01-16 22:40:56.053000000,2025-01-16 22:40:56.053000000,63
1648,MU023,1133MA,,,MU,06,MUCHINGA,0607,NAKONDE,06071,NAKONDE,0607109,MUSYANI,06071091025,,Rural,113,485,init1,,OKAY,,,2025-01-16 22:40:56.053000000,2025-01-16 22:40:56.053000000,63
1649,MU022,1133MA,,,MU,06,MUCHINGA,0607,NAKONDE,06071,NAKONDE,0607109,MUSYANI,06071091028,,Rural,66,341,init1,,OKAY,,,2025-01-16 22:40:56.053000000,2025-01-16 22:40:56.053000000,63
1650,MU021,1133MA,,,MU,06,MUCHINGA,0607,NAKONDE,06071,NAKONDE,0607109,MUSYANI,06071092024,,Urban,108,487,init1,,OKAY,,,2025-01-16 22:40:56.053000000,2025-01-16 22:40:56.053000000,63
1651,MU020,3073SJ,,,MU,06,MUCHINGA,0607,NAKONDE,06071,NAKONDE,0607112,NAKONDE,06071122001,,Urban,75,307,init1,,OKAY,,,2025-01-16 22:40:56.053000000,2025-01-16 22:40:56.053000000,202
1652,MU019,3073SJ,,,MU,06,MUCHINGA,0607,NAKONDE,06071,NAKONDE,0607112,NAKONDE,06071122005,,Urban,161,588,init1,,OKAY,,,2025-01-16 22:40:56.053000000,2025-01-16 22:40:56.053000000,202
1653,MU018,3073SJ,,,MU,06,MUCHINGA,0607,NAKONDE,06071,NAKONDE,0607112,NAKONDE,06071122008,,Urban,104,500,init1,,OKAY,,,2025-01-16 22:40:56.053000000,2025-01-16 22:40:56.053000000,202
1654,MU017,3073SJ,,,MU,06,MUCHINGA,0607,NAKONDE,06071,NAKONDE,0607112,NAKONDE,06071122012,,Urban,148,621,init1,,OKAY,,,2025-01-16 22:40:56.053000000,2025-01-16 22:40:56.053000000,202
1655,MU016,3073SJ,,,MU,06,MUCHINGA,0607,NAKONDE,06071,NAKONDE,0607112,NAKONDE,06071122016,,Urban,113,588,init1,,OKAY,,,2025-01-16 22:40:56.053000000,2025-01-16 22:40:56.053000000,202
1656,MU015,3073SJ,,,MU,06,MUCHINGA,0607,NAKONDE,06071,NAKONDE,0607112,NAKONDE,06071122020,,Urban,68,259,init1,,OKAY,,,2025-01-16 22:40:56.053000000,2025-01-16 22:40:56.053000000,202
1657,MU014,3073SJ,,,MU,06,MUCHINGA,0607,NAKONDE,06071,NAKONDE,0607112,NAKONDE,06071122024,,Urban,164,731,init1,,OKAY,,,2025-01-16 22:40:56.053000000,2025-01-16 22:40:56.053000000,202
1658,MU013,3073SJ,,,MU,06,MUCHINGA,0607,NAKONDE,06071,NAKONDE,0607112,NAKONDE,06071122027,,Urban,80,320,init1,,OKAY,,,2025-01-16 22:40:56.053000000,2025-01-16 22:40:56.053000000,202
1659,MU012,3073SJ,,,MU,06,MUCHINGA,0607,NAKONDE,06071,NAKONDE,0607112,NAKONDE,06071122031,,Urban,115,587,init1,,OKAY,,,2025-01-16 22:40:56.053000000,2025-01-16 22:40:56.053000000,202
1660,MU011,3073SJ,,,MU,06,MUCHINGA,0607,NAKONDE,06071,NAKONDE,0607112,NAKONDE,06071122035,,Urban,97,471,init1,,OKAY,,,2025-01-16 22:40:56.053000000,2025-01-16 22:40:56.053000000,202
1661,MU010,2925PZ,,,MU,06,MUCHINGA,0607,NAKONDE,06071,NAKONDE,0607114,OLD FIFE,06071141004,,Rural,107,424,init1,,OKAY,,,2025-01-16 22:40:56.053000000,2025-01-16 22:40:56.053000000,79
1662,MU009,2925PZ,,,MU,06,MUCHINGA,0607,NAKONDE,06071,NAKONDE,0607114,OLD FIFE,06071141009,,Rural,175,936,init1,,OKAY,,,2025-01-16 22:40:56.053000000,2025-01-16 22:40:56.053000000,79
1663,MU008,2925PZ,,,MU,06,MUCHINGA,0607,NAKONDE,06071,NAKONDE,0607114,OLD FIFE,06071141014,,Rural,133,602,init1,,OKAY,,,2025-01-16 22:40:56.053000000,2025-01-16 22:40:56.053000000,79
1664,MU007,2925PZ,,,MU,06,MUCHINGA,0607,NAKONDE,06071,NAKONDE,0607114,OLD FIFE,06071141019,,Rural,94,427,init1,,OKAY,,,2025-01-16 22:40:56.053000000,2025-01-16 22:40:56.053000000,79
1665,MU006,2925PZ,,,MU,06,MUCHINGA,0607,NAKONDE,06071,NAKONDE,0607114,OLD FIFE,06071141024,,Rural,159,667,init1,,OKAY,,,2025-01-16 22:40:56.053000000,2025-01-16 22:40:56.053000000,79
1666,MU005,2925PZ,,,MU,06,MUCHINGA,0607,NAKONDE,06071,NAKONDE,0607114,OLD FIFE,06071141029,,Rural,103,483,init1,,OKAY,,,2025-01-16 22:40:56.053000000,2025-01-16 22:40:56.053000000,79
1667,MU004,2925PZ,,,MU,06,MUCHINGA,0607,NAKONDE,06071,NAKONDE,0607114,OLD FIFE,06071141035,,Rural,109,508,init1,,OKAY,,,2025-01-16 22:40:56.053000000,2025-01-16 22:40:56.053000000,79
1668,MU003,2925PZ,,,MU,06,MUCHINGA,0607,NAKONDE,06071,NAKONDE,0607114,OLD FIFE,06071141040,,Rural,110,519,init1,,OKAY,,,2025-01-16 22:40:56.053000000,2025-01-16 22:40:56.053000000,79
1669,MU002,2925PZ,,,MU,06,MUCHINGA,0607,NAKONDE,06071,NAKONDE,0607114,OLD FIFE,06071141045,,Rural,111,542,init1,,OKAY,,,2025-01-16 22:40:56.053000000,2025-01-16 22:40:56.053000000,79
1670,MU001,2925PZ,,,MU,06,MUCHINGA,0607,NAKONDE,06071,NAKONDE,0607114,OLD FIFE,06071141050,,Rural,114,589,init1,,OKAY,,,2025-01-16 22:40:56.053000000,2025-01-16 22:40:56.053000000,79
1671,NW186,1371RZ,,,NW,08,NORTH WESTERN,0805,KASEMPA,08051,KASEMPA,0805102,INGWE,08051021001,,Rural,115,602,init1,,OKAY,,,2025-01-16 22:40:56.053000000,2025-01-16 22:40:56.053000000,222
1672,NW185,1371RZ,,,NW,08,NORTH WESTERN,0805,KASEMPA,08051,KASEMPA,0805102,INGWE,08051021002,,Rural,62,345,init1,,OKAY,,,2025-01-16 22:40:56.053000000,2025-01-16 22:40:56.053000000,222
1673,NW184,1371RZ,,,NW,08,NORTH WESTERN,0805,KASEMPA,08051,KASEMPA,0805102,INGWE,08051021003,,Rural,128,718,init1,,OKAY,,,2025-01-16 22:40:56.053000000,2025-01-16 22:40:56.053000000,222
1674,NW183,1371RZ,,,NW,08,NORTH WESTERN,0805,KASEMPA,08051,KASEMPA,0805102,INGWE,08051021004,,Rural,99,512,init1,,OKAY,,,2025-01-16 22:40:56.053000000,2025-01-16 22:40:56.053000000,222
1675,NW182,1371RZ,,,NW,08,NORTH WESTERN,0805,KASEMPA,08051,KASEMPA,0805102,INGWE,08051021005,,Rural,128,746,init1,,OKAY,,,2025-01-16 22:40:56.053000000,2025-01-16 22:40:56.053000000,222
1676,NW181,1371RZ,,,NW,08,NORTH WESTERN,0805,KASEMPA,08051,KASEMPA,0805102,INGWE,08051021006,,Rural,82,428,init1,,OKAY,,,2025-01-16 22:40:56.053000000,2025-01-16 22:40:56.053000000,222
1677,NW180,1337CS,,,NW,08,NORTH WESTERN,0805,KASEMPA,08051,KASEMPA,0805104,KAIMBWE,08051041001,,Rural,91,481,init1,,OKAY,,,2025-01-16 22:40:56.053000000,2025-01-16 22:40:56.053000000,170
1678,NW179,1337CS,,,NW,08,NORTH WESTERN,0805,KASEMPA,08051,KASEMPA,0805104,KAIMBWE,08051041002,,Rural,59,372,init1,,OKAY,,,2025-01-16 22:40:56.053000000,2025-01-16 22:40:56.053000000,170
1679,NW178,1337CS,,,NW,08,NORTH WESTERN,0805,KASEMPA,08051,KASEMPA,0805104,KAIMBWE,08051041003,,Rural,109,591,init1,,OKAY,,,2025-01-16 22:40:56.053000000,2025-01-16 22:40:56.053000000,170
1680,NW177,1337CS,,,NW,08,NORTH WESTERN,0805,KASEMPA,08051,KASEMPA,0805104,KAIMBWE,08051041004,,Rural,91,445,init1,,OKAY,,,2025-01-16 22:40:56.053000000,2025-01-16 22:40:56.053000000,170
1681,NW176,1337CS,,,NW,08,NORTH WESTERN,0805,KASEMPA,08051,KASEMPA,0805104,KAIMBWE,08051041005,,Rural,88,429,init1,,OKAY,,,2025-01-16 22:40:56.053000000,2025-01-16 22:40:56.053000000,170
1682,NW175,1337CS,,,NW,08,NORTH WESTERN,0805,KASEMPA,08051,KASEMPA,0805104,KAIMBWE,08051041006,,Rural,82,460,init1,,OKAY,,,2025-01-16 22:40:56.053000000,2025-01-16 22:40:56.053000000,170
1683,NW174,1337CS,,,NW,08,NORTH WESTERN,0805,KASEMPA,08051,KASEMPA,0805104,KAIMBWE,08051041007,,Rural,89,570,init1,,OKAY,,,2025-01-16 22:40:56.053000000,2025-01-16 22:40:56.053000000,170
1684,NW173,3065GP,,,NW,08,NORTH WESTERN,0805,KASEMPA,08051,KASEMPA,0805105,KALOMBE,08051051001,,Rural,93,471,init1,,OKAY,,,2025-01-16 22:40:56.053000000,2025-01-16 22:40:56.053000000,245
1685,NW172,3065GP,,,NW,08,NORTH WESTERN,0805,KASEMPA,08051,KASEMPA,0805105,KALOMBE,08051051003,,Rural,83,455,init1,,OKAY,,,2025-01-16 22:40:56.053000000,2025-01-16 22:40:56.053000000,245
1686,NW171,3065GP,,,NW,08,NORTH WESTERN,0805,KASEMPA,08051,KASEMPA,0805105,KALOMBE,08051051005,,Rural,77,329,init1,,OKAY,,,2025-01-16 22:40:56.053000000,2025-01-16 22:40:56.053000000,245
1687,NW170,3065GP,,,NW,08,NORTH WESTERN,0805,KASEMPA,08051,KASEMPA,0805105,KALOMBE,08051051007,,Rural,89,465,init1,,OKAY,,,2025-01-16 22:40:56.053000000,2025-01-16 22:40:56.053000000,245
1688,NW169,3065GP,,,NW,08,NORTH WESTERN,0805,KASEMPA,08051,KASEMPA,0805105,KALOMBE,08051051008,,Rural,96,546,init1,,OKAY,,,2025-01-16 22:40:56.053000000,2025-01-16 22:40:56.053000000,245
1689,NW168,3065GP,,,NW,08,NORTH WESTERN,0805,KASEMPA,08051,KASEMPA,0805105,KALOMBE,08051051013,,Rural,142,762,init1,,OKAY,,,2025-01-16 22:40:56.053000000,2025-01-16 22:40:56.053000000,245
1690,NW167,3065GP,,,NW,08,NORTH WESTERN,0805,KASEMPA,08051,KASEMPA,0805105,KALOMBE,08051051014,,Rural,77,456,init1,,OKAY,,,2025-01-16 22:40:56.053000000,2025-01-16 22:40:56.053000000,245
1691,NW166,3065GP,,,NW,08,NORTH WESTERN,0805,KASEMPA,08051,KASEMPA,0805105,KALOMBE,08051052004,,Urban,104,488,init1,,OKAY,,,2025-01-16 22:40:56.053000000,2025-01-16 22:40:56.053000000,245
1692,NW165,3065GP,,,NW,08,NORTH WESTERN,0805,KASEMPA,08051,KASEMPA,0805105,KALOMBE,08051052009,,Urban,159,852,init1,,OKAY,,,2025-01-16 22:40:56.053000000,2025-01-16 22:40:56.053000000,245
1693,NW164,3065GP,,,NW,08,NORTH WESTERN,0805,KASEMPA,08051,KASEMPA,0805105,KALOMBE,08051052012,,Urban,199,1107,init1,,OKAY,,,2025-01-16 22:40:56.053000000,2025-01-16 22:40:56.053000000,245
1694,NW163,1846ZL,,,NW,08,NORTH WESTERN,0805,KASEMPA,08051,KASEMPA,0805107,KAMAKUKU,08051071001,,Rural,91,500,init1,,OKAY,,,2025-01-16 22:40:56.053000000,2025-01-16 22:40:56.053000000,9
1695,NW162,1846ZL,,,NW,08,NORTH WESTERN,0805,KASEMPA,08051,KASEMPA,0805107,KAMAKUKU,08051071002,,Rural,85,511,init1,,OKAY,,,2025-01-16 22:40:56.053000000,2025-01-16 22:40:56.053000000,9
1696,NW161,1846ZL,,,NW,08,NORTH WESTERN,0805,KASEMPA,08051,KASEMPA,0805107,KAMAKUKU,08051071003,,Rural,107,580,init1,,OKAY,,,2025-01-16 22:40:56.053000000,2025-01-16 22:40:56.053000000,9
1697,NW160,1846ZL,,,NW,08,NORTH WESTERN,0805,KASEMPA,08051,KASEMPA,0805107,KAMAKUKU,08051071004,,Rural,162,904,init1,,OKAY,,,2025-01-16 22:40:56.053000000,2025-01-16 22:40:56.053000000,9
1698,NW159,1846ZL,,,NW,08,NORTH WESTERN,0805,KASEMPA,08051,KASEMPA,0805107,KAMAKUKU,08051071005,,Rural,72,373,init1,,OKAY,,,2025-01-16 22:40:56.053000000,2025-01-16 22:40:56.053000000,9
1699,NW158,1846ZL,,,NW,08,NORTH WESTERN,0805,KASEMPA,08051,KASEMPA,0805107,KAMAKUKU,08051071006,,Rural,86,492,init1,,OKAY,,,2025-01-16 22:40:56.053000000,2025-01-16 22:40:56.053000000,9
1700,NW157,1846ZL,,,NW,08,NORTH WESTERN,0805,KASEMPA,08051,KASEMPA,0805107,KAMAKUKU,08051071007,,Rural,83,436,init1,,OKAY,,,2025-01-16 22:40:56.053000000,2025-01-16 22:40:56.053000000,9
1701,NW156,1846ZL,,,NW,08,NORTH WESTERN,0805,KASEMPA,08051,KASEMPA,0805107,KAMAKUKU,08051071008,,Rural,77,433,init1,,OKAY,,,2025-01-16 22:40:56.053000000,2025-01-16 22:40:56.053000000,9
1702,NW155,2729BS,,,NW,08,NORTH WESTERN,0805,KASEMPA,08051,KASEMPA,0805108,KAMATETE,08051081001,,Rural,114,626,init1,,OKAY,,,2025-01-16 22:40:56.053000000,2025-01-16 22:40:56.053000000,111
1703,NW154,2729BS,,,NW,08,NORTH WESTERN,0805,KASEMPA,08051,KASEMPA,0805108,KAMATETE,08051081003,,Rural,72,336,init1,,OKAY,,,2025-01-16 22:40:56.053000000,2025-01-16 22:40:56.053000000,111
1704,NW153,2729BS,,,NW,08,NORTH WESTERN,0805,KASEMPA,08051,KASEMPA,0805108,KAMATETE,08051081005,,Rural,93,489,init1,,OKAY,,,2025-01-16 22:40:56.053000000,2025-01-16 22:40:56.053000000,111
1705,NW152,2729BS,,,NW,08,NORTH WESTERN,0805,KASEMPA,08051,KASEMPA,0805108,KAMATETE,08051081008,,Rural,85,518,init1,,OKAY,,,2025-01-16 22:40:56.053000000,2025-01-16 22:40:56.053000000,111
1706,NW151,2729BS,,,NW,08,NORTH WESTERN,0805,KASEMPA,08051,KASEMPA,0805108,KAMATETE,08051081009,,Rural,80,403,init1,,OKAY,,,2025-01-16 22:40:56.053000000,2025-01-16 22:40:56.053000000,111
1707,NW150,2729BS,,,NW,08,NORTH WESTERN,0805,KASEMPA,08051,KASEMPA,0805108,KAMATETE,08051081010,,Rural,62,355,init1,,OKAY,,,2025-01-16 22:40:56.053000000,2025-01-16 22:40:56.053000000,111
1708,NW149,2729BS,,,NW,08,NORTH WESTERN,0805,KASEMPA,08051,KASEMPA,0805108,KAMATETE,08051081013,,Rural,68,377,init1,,OKAY,,,2025-01-16 22:40:56.053000000,2025-01-16 22:40:56.053000000,111
1709,NW148,2729BS,,,NW,08,NORTH WESTERN,0805,KASEMPA,08051,KASEMPA,0805108,KAMATETE,08051081014,,Rural,98,500,init1,,OKAY,,,2025-01-16 22:40:56.053000000,2025-01-16 22:40:56.053000000,111
1710,NW147,2729BS,,,NW,08,NORTH WESTERN,0805,KASEMPA,08051,KASEMPA,0805108,KAMATETE,08051082006,,Urban,76,399,init1,,OKAY,,,2025-01-16 22:40:56.053000000,2025-01-16 22:40:56.053000000,111
1711,NW146,2729BS,,,NW,08,NORTH WESTERN,0805,KASEMPA,08051,KASEMPA,0805108,KAMATETE,08051082012,,Urban,115,602,init1,,OKAY,,,2025-01-16 22:40:56.053000000,2025-01-16 22:40:56.053000000,111
1712,NW145,2613ET,,,NW,08,NORTH WESTERN,0805,KASEMPA,08051,KASEMPA,0805109,KAMUSONGOLWA,08051091003,,Rural,93,509,init1,,OKAY,,,2025-01-16 22:40:56.053000000,2025-01-16 22:40:56.053000000,13
1713,NW144,2613ET,,,NW,08,NORTH WESTERN,0805,KASEMPA,08051,KASEMPA,0805109,KAMUSONGOLWA,08051091004,,Rural,131,731,init1,,OKAY,,,2025-01-16 22:40:56.053000000,2025-01-16 22:40:56.053000000,13
1714,NW143,2613ET,,,NW,08,NORTH WESTERN,0805,KASEMPA,08051,KASEMPA,0805109,KAMUSONGOLWA,08051091020,,Rural,82,484,init1,,OKAY,,,2025-01-16 22:40:56.053000000,2025-01-16 22:40:56.053000000,13
1715,NW142,2613ET,,,NW,08,NORTH WESTERN,0805,KASEMPA,08051,KASEMPA,0805109,KAMUSONGOLWA,08051092001,,Urban,114,608,init1,,OKAY,,,2025-01-16 22:40:56.053000000,2025-01-16 22:40:56.053000000,13
1716,NW141,2613ET,,,NW,08,NORTH WESTERN,0805,KASEMPA,08051,KASEMPA,0805109,KAMUSONGOLWA,08051092002,,Urban,143,778,init1,,OKAY,,,2025-01-16 22:40:56.053000000,2025-01-16 22:40:56.053000000,13
1717,NW140,2613ET,,,NW,08,NORTH WESTERN,0805,KASEMPA,08051,KASEMPA,0805109,KAMUSONGOLWA,08051092005,,Urban,115,610,init1,,OKAY,,,2025-01-16 22:40:56.053000000,2025-01-16 22:40:56.053000000,13
1718,NW139,2613ET,,,NW,08,NORTH WESTERN,0805,KASEMPA,08051,KASEMPA,0805109,KAMUSONGOLWA,08051092006,,Urban,128,589,init1,,OKAY,,,2025-01-16 22:40:56.053000000,2025-01-16 22:40:56.053000000,13
1719,NW138,2613ET,,,NW,08,NORTH WESTERN,0805,KASEMPA,08051,KASEMPA,0805109,KAMUSONGOLWA,08051092007,,Urban,119,449,init1,,OKAY,,,2025-01-16 22:40:56.053000000,2025-01-16 22:40:56.053000000,13
1720,NW137,2613ET,,,NW,08,NORTH WESTERN,0805,KASEMPA,08051,KASEMPA,0805109,KAMUSONGOLWA,08051092008,,Urban,125,637,init1,,OKAY,,,2025-01-16 22:40:56.053000000,2025-01-16 22:40:56.053000000,13
1721,NW136,2613ET,,,NW,08,NORTH WESTERN,0805,KASEMPA,08051,KASEMPA,0805109,KAMUSONGOLWA,08051092009,,Urban,131,732,init1,,OKAY,,,2025-01-16 22:40:56.053000000,2025-01-16 22:40:56.053000000,13
1722,NW135,2613ET,,,NW,08,NORTH WESTERN,0805,KASEMPA,08051,KASEMPA,0805109,KAMUSONGOLWA,08051092010,,Urban,128,617,init1,,OKAY,,,2025-01-16 22:40:56.053000000,2025-01-16 22:40:56.053000000,13
1723,NW134,2613ET,,,NW,08,NORTH WESTERN,0805,KASEMPA,08051,KASEMPA,0805109,KAMUSONGOLWA,08051092011,,Urban,143,814,init1,,OKAY,,,2025-01-16 22:40:56.053000000,2025-01-16 22:40:56.053000000,13
1724,NW133,2613ET,,,NW,08,NORTH WESTERN,0805,KASEMPA,08051,KASEMPA,0805109,KAMUSONGOLWA,08051092012,,Urban,147,706,init1,,OKAY,,,2025-01-16 22:40:56.053000000,2025-01-16 22:40:56.053000000,13
1725,NW132,2613ET,,,NW,08,NORTH WESTERN,0805,KASEMPA,08051,KASEMPA,0805109,KAMUSONGOLWA,08051092013,,Urban,224,1052,init1,,OKAY,,,2025-01-16 22:40:56.053000000,2025-01-16 22:40:56.053000000,13
1726,NW131,2613ET,,,NW,08,NORTH WESTERN,0805,KASEMPA,08051,KASEMPA,0805109,KAMUSONGOLWA,08051092014,,Urban,189,1004,init1,,OKAY,,,2025-01-16 22:40:56.053000000,2025-01-16 22:40:56.053000000,13
1727,NW130,2613ET,,,NW,08,NORTH WESTERN,0805,KASEMPA,08051,KASEMPA,0805109,KAMUSONGOLWA,08051092015,,Urban,217,1185,init1,,OKAY,,,2025-01-16 22:40:56.053000000,2025-01-16 22:40:56.053000000,13
1728,NW129,2613ET,,,NW,08,NORTH WESTERN,0805,KASEMPA,08051,KASEMPA,0805109,KAMUSONGOLWA,08051092016,,Urban,109,521,init1,,OKAY,,,2025-01-16 22:40:56.053000000,2025-01-16 22:40:56.053000000,13
1729,NW128,2613ET,,,NW,08,NORTH WESTERN,0805,KASEMPA,08051,KASEMPA,0805109,KAMUSONGOLWA,08051092017,,Urban,199,951,init1,,OKAY,,,2025-01-16 22:40:56.053000000,2025-01-16 22:40:56.053000000,13
1730,NW127,2613ET,,,NW,08,NORTH WESTERN,0805,KASEMPA,08051,KASEMPA,0805109,KAMUSONGOLWA,08051092018,,Urban,168,821,init1,,OKAY,,,2025-01-16 22:40:56.053000000,2025-01-16 22:40:56.053000000,13
1731,NW126,2613ET,,,NW,08,NORTH WESTERN,0805,KASEMPA,08051,KASEMPA,0805109,KAMUSONGOLWA,08051092019,,Urban,156,780,init1,,OKAY,,,2025-01-16 22:40:56.053000000,2025-01-16 22:40:56.053000000,13
1732,NW125,3319TK,,,NW,08,NORTH WESTERN,0805,KASEMPA,08051,KASEMPA,0805111,KANTENDA,08051111001,,Rural,85,449,init1,,OKAY,,,2025-01-16 22:40:56.053000000,2025-01-16 22:40:56.053000000,216
1733,NW124,3319TK,,,NW,08,NORTH WESTERN,0805,KASEMPA,08051,KASEMPA,0805111,KANTENDA,08051111002,,Rural,108,486,init1,,OKAY,,,2025-01-16 22:40:56.053000000,2025-01-16 22:40:56.053000000,216
1734,NW123,3319TK,,,NW,08,NORTH WESTERN,0805,KASEMPA,08051,KASEMPA,0805111,KANTENDA,08051111003,,Rural,82,395,init1,,OKAY,,,2025-01-16 22:40:56.053000000,2025-01-16 22:40:56.053000000,216
1735,NW122,3319TK,,,NW,08,NORTH WESTERN,0805,KASEMPA,08051,KASEMPA,0805111,KANTENDA,08051111004,,Rural,67,405,init1,,OKAY,,,2025-01-16 22:40:56.053000000,2025-01-16 22:40:56.053000000,216
1736,NW121,3319TK,,,NW,08,NORTH WESTERN,0805,KASEMPA,08051,KASEMPA,0805111,KANTENDA,08051111005,,Rural,96,433,init1,,OKAY,,,2025-01-16 22:40:56.053000000,2025-01-16 22:40:56.053000000,216
1737,NW120,3319TK,,,NW,08,NORTH WESTERN,0805,KASEMPA,08051,KASEMPA,0805111,KANTENDA,08051111006,,Rural,102,554,init1,,OKAY,,,2025-01-16 22:40:56.053000000,2025-01-16 22:40:56.053000000,216
1738,NW119,3319TK,,,NW,08,NORTH WESTERN,0805,KASEMPA,08051,KASEMPA,0805111,KANTENDA,08051111007,,Rural,124,633,init1,,OKAY,,,2025-01-16 22:40:56.053000000,2025-01-16 22:40:56.053000000,216
1739,NW118,1551PP,,,NW,08,NORTH WESTERN,0805,KASEMPA,08051,KASEMPA,0805113,KIKONKOMENE,08051131002,,Rural,66,213,init1,,OKAY,,,2025-01-16 22:40:56.053000000,2025-01-16 22:40:56.053000000,50
1740,NW117,1551PP,,,NW,08,NORTH WESTERN,0805,KASEMPA,08051,KASEMPA,0805113,KIKONKOMENE,08051131004,,Rural,110,535,init1,,OKAY,,,2025-01-16 22:40:56.053000000,2025-01-16 22:40:56.053000000,50
1741,NW116,1551PP,,,NW,08,NORTH WESTERN,0805,KASEMPA,08051,KASEMPA,0805113,KIKONKOMENE,08051132001,,Urban,127,614,init1,,OKAY,,,2025-01-16 22:40:56.053000000,2025-01-16 22:40:56.053000000,50
1742,NW115,1551PP,,,NW,08,NORTH WESTERN,0805,KASEMPA,08051,KASEMPA,0805113,KIKONKOMENE,08051132003,,Urban,134,594,init1,,OKAY,,,2025-01-16 22:40:56.053000000,2025-01-16 22:40:56.053000000,50
1743,NW114,1551PP,,,NW,08,NORTH WESTERN,0805,KASEMPA,08051,KASEMPA,0805113,KIKONKOMENE,08051132006,,Urban,195,951,init1,,OKAY,,,2025-01-16 22:40:56.053000000,2025-01-16 22:40:56.053000000,50
1744,NW113,1551PP,,,NW,08,NORTH WESTERN,0805,KASEMPA,08051,KASEMPA,0805113,KIKONKOMENE,08051132007,,Urban,231,1060,init1,,OKAY,,,2025-01-16 22:40:56.053000000,2025-01-16 22:40:56.053000000,50
1745,NW112,1551PP,,,NW,08,NORTH WESTERN,0805,KASEMPA,08051,KASEMPA,0805113,KIKONKOMENE,08051132008,,Urban,184,842,init1,,OKAY,,,2025-01-16 22:40:56.053000000,2025-01-16 22:40:56.053000000,50
1746,NW111,1551PP,,,NW,08,NORTH WESTERN,0805,KASEMPA,08051,KASEMPA,0805113,KIKONKOMENE,08051132009,,Urban,120,626,init1,,OKAY,,,2025-01-16 22:40:56.053000000,2025-01-16 22:40:56.053000000,50
1747,NW110,1551PP,,,NW,08,NORTH WESTERN,0805,KASEMPA,08051,KASEMPA,0805113,KIKONKOMENE,08051132010,,Urban,207,937,init1,,OKAY,,,2025-01-16 22:40:56.053000000,2025-01-16 22:40:56.053000000,50
1748,NW109,1551PP,,,NW,08,NORTH WESTERN,0805,KASEMPA,08051,KASEMPA,0805113,KIKONKOMENE,08051132012,,Urban,178,865,init1,,OKAY,,,2025-01-16 22:40:56.053000000,2025-01-16 22:40:56.053000000,50
1749,NW108,1421LD,,,NW,08,NORTH WESTERN,0805,KASEMPA,08051,KASEMPA,0805114,LUBOFU,08051141001,,Rural,116,736,init1,,OKAY,,,2025-01-16 22:40:56.053000000,2025-01-16 22:40:56.053000000,82
1750,NW107,1421LD,,,NW,08,NORTH WESTERN,0805,KASEMPA,08051,KASEMPA,0805114,LUBOFU,08051141002,,Rural,96,484,init1,,OKAY,,,2025-01-16 22:40:56.053000000,2025-01-16 22:40:56.053000000,82
1751,NW106,1421LD,,,NW,08,NORTH WESTERN,0805,KASEMPA,08051,KASEMPA,0805114,LUBOFU,08051141003,,Rural,115,652,init1,,OKAY,,,2025-01-16 22:40:56.053000000,2025-01-16 22:40:56.053000000,82
1752,NW105,1421LD,,,NW,08,NORTH WESTERN,0805,KASEMPA,08051,KASEMPA,0805114,LUBOFU,08051141004,,Rural,97,559,init1,,OKAY,,,2025-01-16 22:40:56.053000000,2025-01-16 22:40:56.053000000,82
1753,NW104,1421LD,,,NW,08,NORTH WESTERN,0805,KASEMPA,08051,KASEMPA,0805114,LUBOFU,08051141005,,Rural,109,518,init1,,OKAY,,,2025-01-16 22:40:56.053000000,2025-01-16 22:40:56.053000000,82
1754,NW103,1421LD,,,NW,08,NORTH WESTERN,0805,KASEMPA,08051,KASEMPA,0805114,LUBOFU,08051141006,,Rural,67,378,init1,,OKAY,,,2025-01-16 22:40:56.053000000,2025-01-16 22:40:56.053000000,82
1755,NW102,1421LD,,,NW,08,NORTH WESTERN,0805,KASEMPA,08051,KASEMPA,0805114,LUBOFU,08051141007,,Rural,69,346,init1,,OKAY,,,2025-01-16 22:40:56.053000000,2025-01-16 22:40:56.053000000,82
1756,NW101,2574AY,,,NW,08,NORTH WESTERN,0805,KASEMPA,08051,KASEMPA,0805118,MUKINDA,08051181001,,Rural,108,705,init1,,OKAY,,,2025-01-16 22:40:56.053000000,2025-01-16 22:40:56.053000000,57
1757,NW100,2574AY,,,NW,08,NORTH WESTERN,0805,KASEMPA,08051,KASEMPA,0805118,MUKINDA,08051181002,,Rural,88,519,init1,,OKAY,,,2025-01-16 22:40:56.053000000,2025-01-16 22:40:56.053000000,57
1758,NW099,2574AY,,,NW,08,NORTH WESTERN,0805,KASEMPA,08051,KASEMPA,0805118,MUKINDA,08051181003,,Rural,76,438,init1,,OKAY,,,2025-01-16 22:40:56.053000000,2025-01-16 22:40:56.053000000,57
1759,NW098,2574AY,,,NW,08,NORTH WESTERN,0805,KASEMPA,08051,KASEMPA,0805118,MUKINDA,08051181004,,Rural,75,466,init1,,OKAY,,,2025-01-16 22:40:56.053000000,2025-01-16 22:40:56.053000000,57
1760,NW097,2574AY,,,NW,08,NORTH WESTERN,0805,KASEMPA,08051,KASEMPA,0805118,MUKINDA,08051181005,,Rural,68,463,init1,,OKAY,,,2025-01-16 22:40:56.053000000,2025-01-16 22:40:56.053000000,57
1761,NW096,2574AY,,,NW,08,NORTH WESTERN,0805,KASEMPA,08051,KASEMPA,0805118,MUKINDA,08051181006,,Rural,118,668,init1,,OKAY,,,2025-01-16 22:40:56.053000000,2025-01-16 22:40:56.053000000,57
1762,NW095,2698RP,,,NW,08,NORTH WESTERN,0805,KASEMPA,08051,KASEMPA,0805119,MUKUNASHI,08051191001,,Rural,91,679,init1,,OKAY,,,2025-01-16 22:40:56.053000000,2025-01-16 22:40:56.053000000,91
1763,NW094,2698RP,,,NW,08,NORTH WESTERN,0805,KASEMPA,08051,KASEMPA,0805119,MUKUNASHI,08051191002,,Rural,125,741,init1,,OKAY,,,2025-01-16 22:40:56.053000000,2025-01-16 22:40:56.053000000,91
1764,NW093,2698RP,,,NW,08,NORTH WESTERN,0805,KASEMPA,08051,KASEMPA,0805119,MUKUNASHI,08051191003,,Rural,85,479,init1,,OKAY,,,2025-01-16 22:40:56.053000000,2025-01-16 22:40:56.053000000,91
1765,NW092,2698RP,,,NW,08,NORTH WESTERN,0805,KASEMPA,08051,KASEMPA,0805119,MUKUNASHI,08051191004,,Rural,71,368,init1,,OKAY,,,2025-01-16 22:40:56.053000000,2025-01-16 22:40:56.053000000,91
1766,NW091,2698RP,,,NW,08,NORTH WESTERN,0805,KASEMPA,08051,KASEMPA,0805119,MUKUNASHI,08051191005,,Rural,76,520,init1,,OKAY,,,2025-01-16 22:40:56.053000000,2025-01-16 22:40:56.053000000,91
1767,NW090,2698RP,,,NW,08,NORTH WESTERN,0805,KASEMPA,08051,KASEMPA,0805119,MUKUNASHI,08051191006,,Rural,132,723,init1,,OKAY,,,2025-01-16 22:40:56.053000000,2025-01-16 22:40:56.053000000,91
1768,NW089,2698RP,,,NW,08,NORTH WESTERN,0805,KASEMPA,08051,KASEMPA,0805119,MUKUNASHI,08051191007,,Rural,107,572,init1,,OKAY,,,2025-01-16 22:40:56.053000000,2025-01-16 22:40:56.053000000,91
1769,NW088,2698RP,,,NW,08,NORTH WESTERN,0805,KASEMPA,08051,KASEMPA,0805119,MUKUNASHI,08051191008,,Rural,102,669,init1,,OKAY,,,2025-01-16 22:40:56.053000000,2025-01-16 22:40:56.053000000,91
1770,NW087,2698RP,,,NW,08,NORTH WESTERN,0805,KASEMPA,08051,KASEMPA,0805119,MUKUNASHI,08051191009,,Rural,83,626,init1,,OKAY,,,2025-01-16 22:40:56.053000000,2025-01-16 22:40:56.053000000,91
1771,NW086,2698RP,,,NW,08,NORTH WESTERN,0805,KASEMPA,08051,KASEMPA,0805119,MUKUNASHI,08051191010,,Rural,111,546,init1,,OKAY,,,2025-01-16 22:40:56.053000000,2025-01-16 22:40:56.053000000,91
1772,NW085,2723NH,,,NW,08,NORTH WESTERN,0805,KASEMPA,08051,KASEMPA,0805121,NKENYAUNA,08051211001,,Rural,84,423,init1,,OKAY,,,2025-01-16 22:40:56.053000000,2025-01-16 22:40:56.053000000,80
1773,NW084,2723NH,,,NW,08,NORTH WESTERN,0805,KASEMPA,08051,KASEMPA,0805121,NKENYAUNA,08051211004,,Rural,132,584,init1,,OKAY,,,2025-01-16 22:40:56.053000000,2025-01-16 22:40:56.053000000,80
1774,NW083,2723NH,,,NW,08,NORTH WESTERN,0805,KASEMPA,08051,KASEMPA,0805121,NKENYAUNA,08051211005,,Rural,103,546,init1,,OKAY,,,2025-01-16 22:40:56.053000000,2025-01-16 22:40:56.053000000,80
1775,NW082,2723NH,,,NW,08,NORTH WESTERN,0805,KASEMPA,08051,KASEMPA,0805121,NKENYAUNA,08051211006,,Rural,116,597,init1,,OKAY,,,2025-01-16 22:40:56.053000000,2025-01-16 22:40:56.053000000,80
1776,NW081,2723NH,,,NW,08,NORTH WESTERN,0805,KASEMPA,08051,KASEMPA,0805121,NKENYAUNA,08051211007,,Rural,67,341,init1,,OKAY,,,2025-01-16 22:40:56.053000000,2025-01-16 22:40:56.053000000,80
1777,NW080,2723NH,,,NW,08,NORTH WESTERN,0805,KASEMPA,08051,KASEMPA,0805121,NKENYAUNA,08051212002,,Urban,83,481,init1,,OKAY,,,2025-01-16 22:40:56.053000000,2025-01-16 22:40:56.053000000,80
1778,NW079,2723NH,,,NW,08,NORTH WESTERN,0805,KASEMPA,08051,KASEMPA,0805121,NKENYAUNA,08051212003,,Urban,100,413,init1,,OKAY,,,2025-01-16 22:40:56.053000000,2025-01-16 22:40:56.053000000,80
1779,NW078,2723NH,,,NW,08,NORTH WESTERN,0805,KASEMPA,08051,KASEMPA,0805121,NKENYAUNA,08051212008,,Urban,110,418,init1,,OKAY,,,2025-01-16 22:40:56.053000000,2025-01-16 22:40:56.053000000,80
1780,NW077,2723NH,,,NW,08,NORTH WESTERN,0805,KASEMPA,08051,KASEMPA,0805121,NKENYAUNA,08051212009,,Urban,137,674,init1,,OKAY,,,2025-01-16 22:40:56.053000000,2025-01-16 22:40:56.053000000,80
1781,NW076,3162TE,,,NW,08,NORTH WESTERN,0805,KASEMPA,08051,KASEMPA,0805122,NSELAUKE,08051221001,,Rural,83,484,init1,,OKAY,,,2025-01-16 22:40:56.053000000,2025-01-16 22:40:56.053000000,139
1782,NW075,3162TE,,,NW,08,NORTH WESTERN,0805,KASEMPA,08051,KASEMPA,0805122,NSELAUKE,08051221002,,Rural,112,653,init1,,OKAY,,,2025-01-16 22:40:56.053000000,2025-01-16 22:40:56.053000000,139
1783,NW074,3162TE,,,NW,08,NORTH WESTERN,0805,KASEMPA,08051,KASEMPA,0805122,NSELAUKE,08051221004,,Rural,81,516,init1,,OKAY,,,2025-01-16 22:40:56.053000000,2025-01-16 22:40:56.053000000,139
1784,NW073,3162TE,,,NW,08,NORTH WESTERN,0805,KASEMPA,08051,KASEMPA,0805122,NSELAUKE,08051221005,,Rural,81,433,init1,,OKAY,,,2025-01-16 22:40:56.053000000,2025-01-16 22:40:56.053000000,139
1785,NW072,3162TE,,,NW,08,NORTH WESTERN,0805,KASEMPA,08051,KASEMPA,0805122,NSELAUKE,08051221007,,Rural,102,474,init1,,OKAY,,,2025-01-16 22:40:56.053000000,2025-01-16 22:40:56.053000000,139
1786,NW071,3162TE,,,NW,08,NORTH WESTERN,0805,KASEMPA,08051,KASEMPA,0805122,NSELAUKE,08051221008,,Rural,90,513,init1,,OKAY,,,2025-01-16 22:40:56.053000000,2025-01-16 22:40:56.053000000,139
1787,NW070,3162TE,,,NW,08,NORTH WESTERN,0805,KASEMPA,08051,KASEMPA,0805122,NSELAUKE,08051221010,,Rural,85,465,init1,,OKAY,,,2025-01-16 22:40:56.053000000,2025-01-16 22:40:56.053000000,139
1788,NW069,3162TE,,,NW,08,NORTH WESTERN,0805,KASEMPA,08051,KASEMPA,0805122,NSELAUKE,08051221011,,Rural,85,430,init1,,OKAY,,,2025-01-16 22:40:56.053000000,2025-01-16 22:40:56.053000000,139
1789,NW068,3162TE,,,NW,08,NORTH WESTERN,0805,KASEMPA,08051,KASEMPA,0805122,NSELAUKE,08051221013,,Rural,71,409,init1,,OKAY,,,2025-01-16 22:40:56.053000000,2025-01-16 22:40:56.053000000,139
1790,NW067,3162TE,,,NW,08,NORTH WESTERN,0805,KASEMPA,08051,KASEMPA,0805122,NSELAUKE,08051221014,,Rural,82,498,init1,,OKAY,,,2025-01-16 22:40:56.053000000,2025-01-16 22:40:56.053000000,139
1791,NW066,3105AZ,,,NW,08,NORTH WESTERN,0805,KASEMPA,08051,KASEMPA,0805124,SHIBENDE,08051241001,,Rural,95,435,init1,,OKAY,,,2025-01-16 22:40:56.053000000,2025-01-16 22:40:56.053000000,157
1792,NW065,3105AZ,,,NW,08,NORTH WESTERN,0805,KASEMPA,08051,KASEMPA,0805124,SHIBENDE,08051241002,,Rural,83,334,init1,,OKAY,,,2025-01-16 22:40:56.053000000,2025-01-16 22:40:56.053000000,157
1793,NW064,3105AZ,,,NW,08,NORTH WESTERN,0805,KASEMPA,08051,KASEMPA,0805124,SHIBENDE,08051241003,,Rural,99,525,init1,,OKAY,,,2025-01-16 22:40:56.053000000,2025-01-16 22:40:56.053000000,157
1794,NW063,3105AZ,,,NW,08,NORTH WESTERN,0805,KASEMPA,08051,KASEMPA,0805124,SHIBENDE,08051241004,,Rural,97,483,init1,,OKAY,,,2025-01-16 22:40:56.053000000,2025-01-16 22:40:56.053000000,157
1795,NW062,3105AZ,,,NW,08,NORTH WESTERN,0805,KASEMPA,08051,KASEMPA,0805124,SHIBENDE,08051241005,,Rural,81,385,init1,,OKAY,,,2025-01-16 22:40:56.053000000,2025-01-16 22:40:56.053000000,157
1796,NW061,3105AZ,,,NW,08,NORTH WESTERN,0805,KASEMPA,08051,KASEMPA,0805124,SHIBENDE,08051241006,,Rural,130,706,init1,,OKAY,,,2025-01-16 22:40:56.053000000,2025-01-16 22:40:56.053000000,157
1797,NW060,1147KR,,,NW,08,NORTH WESTERN,0810,SOLWEZI,08101,SOLWEZI CENTRAL,0810101,KAMALAMBA,08101012003,,Urban,210,892,init1,,OKAY,,,2025-01-16 22:40:56.053000000,2025-01-16 22:40:56.053000000,247
1798,NW059,1147KR,,,NW,08,NORTH WESTERN,0810,SOLWEZI,08101,SOLWEZI CENTRAL,0810101,KAMALAMBA,08101012008,,Urban,169,726,init1,,OKAY,,,2025-01-16 22:40:56.053000000,2025-01-16 22:40:56.053000000,247
1799,NW058,1147KR,,,NW,08,NORTH WESTERN,0810,SOLWEZI,08101,SOLWEZI CENTRAL,0810101,KAMALAMBA,08101012014,,Urban,209,783,init1,,OKAY,,,2025-01-16 22:40:56.053000000,2025-01-16 22:40:56.053000000,247
1800,NW057,1147KR,,,NW,08,NORTH WESTERN,0810,SOLWEZI,08101,SOLWEZI CENTRAL,0810101,KAMALAMBA,08101012019,,Urban,128,616,init1,,OKAY,,,2025-01-16 22:40:56.053000000,2025-01-16 22:40:56.053000000,247
1801,NW056,1147KR,,,NW,08,NORTH WESTERN,0810,SOLWEZI,08101,SOLWEZI CENTRAL,0810101,KAMALAMBA,08101012024,,Urban,134,653,init1,,OKAY,,,2025-01-16 22:40:56.053000000,2025-01-16 22:40:56.053000000,247
1802,NW055,1147KR,,,NW,08,NORTH WESTERN,0810,SOLWEZI,08101,SOLWEZI CENTRAL,0810101,KAMALAMBA,08101012029,,Urban,175,792,init1,,OKAY,,,2025-01-16 22:40:56.053000000,2025-01-16 22:40:56.053000000,247
1803,NW054,1147KR,,,NW,08,NORTH WESTERN,0810,SOLWEZI,08101,SOLWEZI CENTRAL,0810101,KAMALAMBA,08101012034,,Urban,160,858,init1,,OKAY,,,2025-01-16 22:40:56.053000000,2025-01-16 22:40:56.053000000,247
1804,NW053,1147KR,,,NW,08,NORTH WESTERN,0810,SOLWEZI,08101,SOLWEZI CENTRAL,0810101,KAMALAMBA,08101012039,,Urban,127,578,init1,,OKAY,,,2025-01-16 22:40:56.053000000,2025-01-16 22:40:56.053000000,247
1805,NW052,1147KR,,,NW,08,NORTH WESTERN,0810,SOLWEZI,08101,SOLWEZI CENTRAL,0810101,KAMALAMBA,08101012044,,Urban,122,579,init1,,OKAY,,,2025-01-16 22:40:56.053000000,2025-01-16 22:40:56.053000000,247
1806,NW051,1147KR,,,NW,08,NORTH WESTERN,0810,SOLWEZI,08101,SOLWEZI CENTRAL,0810101,KAMALAMBA,08101012049,,Urban,158,727,init1,,OKAY,,,2025-01-16 22:40:56.053000000,2025-01-16 22:40:56.053000000,247
1807,NW050,1915YF,,,NW,08,NORTH WESTERN,0810,SOLWEZI,08101,SOLWEZI CENTRAL,0810103,KAZHIBA,08101032001,,Urban,105,604,init1,,OKAY,,,2025-01-16 22:40:56.053000000,2025-01-16 22:40:56.053000000,113
1808,NW049,1915YF,,,NW,08,NORTH WESTERN,0810,SOLWEZI,08101,SOLWEZI CENTRAL,0810103,KAZHIBA,08101032003,,Urban,114,683,init1,,OKAY,,,2025-01-16 22:40:56.053000000,2025-01-16 22:40:56.053000000,113
1809,NW048,1915YF,,,NW,08,NORTH WESTERN,0810,SOLWEZI,08101,SOLWEZI CENTRAL,0810103,KAZHIBA,08101032006,,Urban,104,544,init1,,OKAY,,,2025-01-16 22:40:56.053000000,2025-01-16 22:40:56.053000000,113
1810,NW047,1915YF,,,NW,08,NORTH WESTERN,0810,SOLWEZI,08101,SOLWEZI CENTRAL,0810103,KAZHIBA,08101032008,,Urban,103,482,init1,,OKAY,,,2025-01-16 22:40:56.053000000,2025-01-16 22:40:56.053000000,113
1811,NW046,1915YF,,,NW,08,NORTH WESTERN,0810,SOLWEZI,08101,SOLWEZI CENTRAL,0810103,KAZHIBA,08101032011,,Urban,71,388,init1,,OKAY,,,2025-01-16 22:40:56.053000000,2025-01-16 22:40:56.053000000,113
1812,NW045,1915YF,,,NW,08,NORTH WESTERN,0810,SOLWEZI,08101,SOLWEZI CENTRAL,0810103,KAZHIBA,08101032013,,Urban,90,537,init1,,OKAY,,,2025-01-16 22:40:56.053000000,2025-01-16 22:40:56.053000000,113
1813,NW044,1915YF,,,NW,08,NORTH WESTERN,0810,SOLWEZI,08101,SOLWEZI CENTRAL,0810103,KAZHIBA,08101032016,,Urban,106,608,init1,,OKAY,,,2025-01-16 22:40:56.053000000,2025-01-16 22:40:56.053000000,113
1814,NW043,1915YF,,,NW,08,NORTH WESTERN,0810,SOLWEZI,08101,SOLWEZI CENTRAL,0810103,KAZHIBA,08101032018,,Urban,103,605,init1,,OKAY,,,2025-01-16 22:40:56.053000000,2025-01-16 22:40:56.053000000,113
1815,NW042,1915YF,,,NW,08,NORTH WESTERN,0810,SOLWEZI,08101,SOLWEZI CENTRAL,0810103,KAZHIBA,08101032022,,Urban,87,360,init1,,OKAY,,,2025-01-16 22:40:56.053000000,2025-01-16 22:40:56.053000000,113
1816,NW041,1915YF,,,NW,08,NORTH WESTERN,0810,SOLWEZI,08101,SOLWEZI CENTRAL,0810103,KAZHIBA,08101032024,,Urban,103,520,init1,,OKAY,,,2025-01-16 22:40:56.053000000,2025-01-16 22:40:56.053000000,113
1817,NW040,2587TR,,,NW,08,NORTH WESTERN,0810,SOLWEZI,08101,SOLWEZI CENTRAL,0810105,KIMALE,08101051045,,Rural,149,656,init1,,OKAY,,,2025-01-16 22:40:56.053000000,2025-01-16 22:40:56.053000000,118
1818,NW039,2587TR,,,NW,08,NORTH WESTERN,0810,SOLWEZI,08101,SOLWEZI CENTRAL,0810105,KIMALE,08101052004,,Urban,210,994,init1,,OKAY,,,2025-01-16 22:40:56.053000000,2025-01-16 22:40:56.053000000,118
1819,NW038,2587TR,,,NW,08,NORTH WESTERN,0810,SOLWEZI,08101,SOLWEZI CENTRAL,0810105,KIMALE,08101052010,,Urban,142,676,init1,,OKAY,,,2025-01-16 22:40:56.053000000,2025-01-16 22:40:56.053000000,118
1820,NW037,2587TR,,,NW,08,NORTH WESTERN,0810,SOLWEZI,08101,SOLWEZI CENTRAL,0810105,KIMALE,08101052014,,Urban,140,653,init1,,OKAY,,,2025-01-16 22:40:56.053000000,2025-01-16 22:40:56.053000000,118
1821,NW036,2587TR,,,NW,08,NORTH WESTERN,0810,SOLWEZI,08101,SOLWEZI CENTRAL,0810105,KIMALE,08101052019,,Urban,154,769,init1,,OKAY,,,2025-01-16 22:40:56.053000000,2025-01-16 22:40:56.053000000,118
1822,NW035,2587TR,,,NW,08,NORTH WESTERN,0810,SOLWEZI,08101,SOLWEZI CENTRAL,0810105,KIMALE,08101052023,,Urban,198,988,init1,,OKAY,,,2025-01-16 22:40:56.053000000,2025-01-16 22:40:56.053000000,118
1823,NW034,2587TR,,,NW,08,NORTH WESTERN,0810,SOLWEZI,08101,SOLWEZI CENTRAL,0810105,KIMALE,08101052028,,Urban,185,809,init1,,OKAY,,,2025-01-16 22:40:56.053000000,2025-01-16 22:40:56.053000000,118
1824,NW033,2587TR,,,NW,08,NORTH WESTERN,0810,SOLWEZI,08101,SOLWEZI CENTRAL,0810105,KIMALE,08101052032,,Urban,178,790,init1,,OKAY,,,2025-01-16 22:40:56.053000000,2025-01-16 22:40:56.053000000,118
1825,NW032,2587TR,,,NW,08,NORTH WESTERN,0810,SOLWEZI,08101,SOLWEZI CENTRAL,0810105,KIMALE,08101052037,,Urban,127,600,init1,,OKAY,,,2025-01-16 22:40:56.053000000,2025-01-16 22:40:56.053000000,118
1826,NW031,2587TR,,,NW,08,NORTH WESTERN,0810,SOLWEZI,08101,SOLWEZI CENTRAL,0810105,KIMALE,08101052044,,Urban,204,1079,init1,,OKAY,,,2025-01-16 22:40:56.053000000,2025-01-16 22:40:56.053000000,118
1827,NW030,1607GP,,,NW,08,NORTH WESTERN,0810,SOLWEZI,08101,SOLWEZI CENTRAL,0810106,KIMASALA,08101062003,,Urban,156,611,init1,,OKAY,,,2025-01-16 22:40:56.053000000,2025-01-16 22:40:56.053000000,17
1828,NW029,1607GP,,,NW,08,NORTH WESTERN,0810,SOLWEZI,08101,SOLWEZI CENTRAL,0810106,KIMASALA,08101062013,,Urban,196,818,init1,,OKAY,,,2025-01-16 22:40:56.053000000,2025-01-16 22:40:56.053000000,17
1829,NW028,1607GP,,,NW,08,NORTH WESTERN,0810,SOLWEZI,08101,SOLWEZI CENTRAL,0810106,KIMASALA,08101062024,,Urban,175,991,init1,,OKAY,,,2025-01-16 22:40:56.053000000,2025-01-16 22:40:56.053000000,17
1830,NW027,1607GP,,,NW,08,NORTH WESTERN,0810,SOLWEZI,08101,SOLWEZI CENTRAL,0810106,KIMASALA,08101062036,,Urban,178,817,init1,,OKAY,,,2025-01-16 22:40:56.053000000,2025-01-16 22:40:56.053000000,17
1831,NW026,1607GP,,,NW,08,NORTH WESTERN,0810,SOLWEZI,08101,SOLWEZI CENTRAL,0810106,KIMASALA,08101062047,,Urban,202,1028,init1,,OKAY,,,2025-01-16 22:40:56.053000000,2025-01-16 22:40:56.053000000,17
1832,NW025,1607GP,,,NW,08,NORTH WESTERN,0810,SOLWEZI,08101,SOLWEZI CENTRAL,0810106,KIMASALA,08101062057,,Urban,155,824,init1,,OKAY,,,2025-01-16 22:40:56.053000000,2025-01-16 22:40:56.053000000,17
1833,NW024,1607GP,,,NW,08,NORTH WESTERN,0810,SOLWEZI,08101,SOLWEZI CENTRAL,0810106,KIMASALA,08101062068,,Urban,148,655,init1,,OKAY,,,2025-01-16 22:40:56.053000000,2025-01-16 22:40:56.053000000,17
1834,NW023,1607GP,,,NW,08,NORTH WESTERN,0810,SOLWEZI,08101,SOLWEZI CENTRAL,0810106,KIMASALA,08101062079,,Urban,217,1066,init1,,OKAY,,,2025-01-16 22:40:56.053000000,2025-01-16 22:40:56.053000000,17
1835,NW022,1607GP,,,NW,08,NORTH WESTERN,0810,SOLWEZI,08101,SOLWEZI CENTRAL,0810106,KIMASALA,08101062089,,Urban,157,662,init1,,OKAY,,,2025-01-16 22:40:56.053000000,2025-01-16 22:40:56.053000000,17
1836,NW021,1607GP,,,NW,08,NORTH WESTERN,0810,SOLWEZI,08101,SOLWEZI CENTRAL,0810106,KIMASALA,08101062100,,Urban,129,546,init1,,OKAY,,,2025-01-16 22:40:56.053000000,2025-01-16 22:40:56.053000000,17
1837,NW020,2076JJ,,,NW,08,NORTH WESTERN,0810,SOLWEZI,08101,SOLWEZI CENTRAL,0810109,KYALALANKUBA,08101092005,,Urban,178,953,init1,,OKAY,,,2025-01-16 22:40:56.053000000,2025-01-16 22:40:56.053000000,232
1838,NW019,2076JJ,,,NW,08,NORTH WESTERN,0810,SOLWEZI,08101,SOLWEZI CENTRAL,0810109,KYALALANKUBA,08101092012,,Urban,118,564,init1,,OKAY,,,2025-01-16 22:40:56.053000000,2025-01-16 22:40:56.053000000,232
1839,NW018,2076JJ,,,NW,08,NORTH WESTERN,0810,SOLWEZI,08101,SOLWEZI CENTRAL,0810109,KYALALANKUBA,08101092019,,Urban,213,1127,init1,,OKAY,,,2025-01-16 22:40:56.053000000,2025-01-16 22:40:56.053000000,232
1840,NW017,2076JJ,,,NW,08,NORTH WESTERN,0810,SOLWEZI,08101,SOLWEZI CENTRAL,0810109,KYALALANKUBA,08101092025,,Urban,204,1005,init1,,OKAY,,,2025-01-16 22:40:56.053000000,2025-01-16 22:40:56.053000000,232
1841,NW016,2076JJ,,,NW,08,NORTH WESTERN,0810,SOLWEZI,08101,SOLWEZI CENTRAL,0810109,KYALALANKUBA,08101092032,,Urban,140,683,init1,,OKAY,,,2025-01-16 22:40:56.053000000,2025-01-16 22:40:56.053000000,232
1842,NW015,2076JJ,,,NW,08,NORTH WESTERN,0810,SOLWEZI,08101,SOLWEZI CENTRAL,0810109,KYALALANKUBA,08101092039,,Urban,123,660,init1,,OKAY,,,2025-01-16 22:40:56.053000000,2025-01-16 22:40:56.053000000,232
1843,NW014,2076JJ,,,NW,08,NORTH WESTERN,0810,SOLWEZI,08101,SOLWEZI CENTRAL,0810109,KYALALANKUBA,08101092045,,Urban,178,946,init1,,OKAY,,,2025-01-16 22:40:56.053000000,2025-01-16 22:40:56.053000000,232
1844,NW013,2076JJ,,,NW,08,NORTH WESTERN,0810,SOLWEZI,08101,SOLWEZI CENTRAL,0810109,KYALALANKUBA,08101092052,,Urban,137,726,init1,,OKAY,,,2025-01-16 22:40:56.053000000,2025-01-16 22:40:56.053000000,232
1845,NW012,2076JJ,,,NW,08,NORTH WESTERN,0810,SOLWEZI,08101,SOLWEZI CENTRAL,0810109,KYALALANKUBA,08101092059,,Urban,180,930,init1,,OKAY,,,2025-01-16 22:40:56.053000000,2025-01-16 22:40:56.053000000,232
1846,NW011,2076JJ,,,NW,08,NORTH WESTERN,0810,SOLWEZI,08101,SOLWEZI CENTRAL,0810109,KYALALANKUBA,08101092066,,Urban,227,1022,init1,,OKAY,,,2025-01-16 22:40:56.053000000,2025-01-16 22:40:56.053000000,232
1847,NW010,1461TE,,,NW,08,NORTH WESTERN,0810,SOLWEZI,08101,SOLWEZI CENTRAL,0810110,KYAWAMA,08101102001,,Urban,171,857,init1,,OKAY,,,2025-01-16 22:40:56.053000000,2025-01-16 22:40:56.053000000,224
1848,NW009,1461TE,,,NW,08,NORTH WESTERN,0810,SOLWEZI,08101,SOLWEZI CENTRAL,0810110,KYAWAMA,08101102006,,Urban,124,703,init1,,OKAY,,,2025-01-16 22:40:56.053000000,2025-01-16 22:40:56.053000000,224
1849,NW008,1461TE,,,NW,08,NORTH WESTERN,0810,SOLWEZI,08101,SOLWEZI CENTRAL,0810110,KYAWAMA,08101102010,,Urban,126,576,init1,,OKAY,,,2025-01-16 22:40:56.053000000,2025-01-16 22:40:56.053000000,224
1850,NW007,1461TE,,,NW,08,NORTH WESTERN,0810,SOLWEZI,08101,SOLWEZI CENTRAL,0810110,KYAWAMA,08101102015,,Urban,209,1100,init1,,OKAY,,,2025-01-16 22:40:56.053000000,2025-01-16 22:40:56.053000000,224
1851,NW006,1461TE,,,NW,08,NORTH WESTERN,0810,SOLWEZI,08101,SOLWEZI CENTRAL,0810110,KYAWAMA,08101102019,,Urban,121,536,init1,,OKAY,,,2025-01-16 22:40:56.053000000,2025-01-16 22:40:56.053000000,224
1852,NW005,1461TE,,,NW,08,NORTH WESTERN,0810,SOLWEZI,08101,SOLWEZI CENTRAL,0810110,KYAWAMA,08101102023,,Urban,141,698,init1,,OKAY,,,2025-01-16 22:40:56.053000000,2025-01-16 22:40:56.053000000,224
1853,NW004,1461TE,,,NW,08,NORTH WESTERN,0810,SOLWEZI,08101,SOLWEZI CENTRAL,0810110,KYAWAMA,08101102027,,Urban,206,1007,init1,,OKAY,,,2025-01-16 22:40:56.053000000,2025-01-16 22:40:56.053000000,224
1854,NW003,1461TE,,,NW,08,NORTH WESTERN,0810,SOLWEZI,08101,SOLWEZI CENTRAL,0810110,KYAWAMA,08101102032,,Urban,149,735,init1,,OKAY,,,2025-01-16 22:40:56.053000000,2025-01-16 22:40:56.053000000,224
1855,NW002,1461TE,,,NW,08,NORTH WESTERN,0810,SOLWEZI,08101,SOLWEZI CENTRAL,0810110,KYAWAMA,08101102036,,Urban,211,1018,init1,,OKAY,,,2025-01-16 22:40:56.053000000,2025-01-16 22:40:56.053000000,224
1856,NW001,1461TE,,,NW,08,NORTH WESTERN,0810,SOLWEZI,08101,SOLWEZI CENTRAL,0810110,KYAWAMA,08101102040,,Urban,177,772,init1,,OKAY,,,2025-01-16 22:40:56.053000000,2025-01-16 22:40:56.053000000,224
1857,NO230,1213SM,,,NO,07,NORTHERN,0703,KASAMA,07031,KASAMA CENTRAL,0703102,BUSEKO,07031022003,,Urban,158,794,init1,,OKAY,,,2025-01-16 22:40:56.053000000,2025-01-16 22:40:56.053000000,194
1858,NO229,1213SM,,,NO,07,NORTHERN,0703,KASAMA,07031,KASAMA CENTRAL,0703102,BUSEKO,07031022005,,Urban,134,716,init1,,OKAY,,,2025-01-16 22:40:56.053000000,2025-01-16 22:40:56.053000000,194
1859,NO228,1213SM,,,NO,07,NORTHERN,0703,KASAMA,07031,KASAMA CENTRAL,0703102,BUSEKO,07031022008,,Urban,196,1046,init1,,OKAY,,,2025-01-16 22:40:56.053000000,2025-01-16 22:40:56.053000000,194
1860,NO227,1213SM,,,NO,07,NORTHERN,0703,KASAMA,07031,KASAMA CENTRAL,0703102,BUSEKO,07031022010,,Urban,151,735,init1,,OKAY,,,2025-01-16 22:40:56.053000000,2025-01-16 22:40:56.053000000,194
1861,NO226,1213SM,,,NO,07,NORTHERN,0703,KASAMA,07031,KASAMA CENTRAL,0703102,BUSEKO,07031022013,,Urban,159,860,init1,,OKAY,,,2025-01-16 22:40:56.053000000,2025-01-16 22:40:56.053000000,194
1862,NO225,1213SM,,,NO,07,NORTHERN,0703,KASAMA,07031,KASAMA CENTRAL,0703102,BUSEKO,07031022016,,Urban,199,1021,init1,,OKAY,,,2025-01-16 22:40:56.053000000,2025-01-16 22:40:56.053000000,194
1863,NO224,1213SM,,,NO,07,NORTHERN,0703,KASAMA,07031,KASAMA CENTRAL,0703102,BUSEKO,07031022018,,Urban,219,1032,init1,,OKAY,,,2025-01-16 22:40:56.053000000,2025-01-16 22:40:56.053000000,194
1864,NO223,1213SM,,,NO,07,NORTHERN,0703,KASAMA,07031,KASAMA CENTRAL,0703102,BUSEKO,07031022021,,Urban,220,1010,init1,,OKAY,,,2025-01-16 22:40:56.053000000,2025-01-16 22:40:56.053000000,194
1865,NO222,1213SM,,,NO,07,NORTHERN,0703,KASAMA,07031,KASAMA CENTRAL,0703102,BUSEKO,07031022023,,Urban,197,901,init1,,OKAY,,,2025-01-16 22:40:56.053000000,2025-01-16 22:40:56.053000000,194
1866,NO221,1213SM,,,NO,07,NORTHERN,0703,KASAMA,07031,KASAMA CENTRAL,0703102,BUSEKO,07031022026,,Urban,143,645,init1,,OKAY,,,2025-01-16 22:40:56.053000000,2025-01-16 22:40:56.053000000,194
1867,NO220,1215LY,,,NO,07,NORTHERN,0703,KASAMA,07031,KASAMA CENTRAL,0703105,JULIA CHIKAMONEKA,07031051001,,Rural,106,524,init1,,OKAY,,,2025-01-16 22:40:56.053000000,2025-01-16 22:40:56.053000000,114
1868,NO219,1215LY,,,NO,07,NORTHERN,0703,KASAMA,07031,KASAMA CENTRAL,0703105,JULIA CHIKAMONEKA,07031051004,,Rural,133,619,init1,,OKAY,,,2025-01-16 22:40:56.053000000,2025-01-16 22:40:56.053000000,114
1869,NO218,1215LY,,,NO,07,NORTHERN,0703,KASAMA,07031,KASAMA CENTRAL,0703105,JULIA CHIKAMONEKA,07031051007,,Rural,135,596,init1,,OKAY,,,2025-01-16 22:40:56.053000000,2025-01-16 22:40:56.053000000,114
1870,NO217,1215LY,,,NO,07,NORTHERN,0703,KASAMA,07031,KASAMA CENTRAL,0703105,JULIA CHIKAMONEKA,07031051010,,Rural,132,603,init1,,OKAY,,,2025-01-16 22:40:56.053000000,2025-01-16 22:40:56.053000000,114
1871,NO216,1215LY,,,NO,07,NORTHERN,0703,KASAMA,07031,KASAMA CENTRAL,0703105,JULIA CHIKAMONEKA,07031051017,,Rural,131,647,init1,,OKAY,,,2025-01-16 22:40:56.053000000,2025-01-16 22:40:56.053000000,114
1872,NO215,1215LY,,,NO,07,NORTHERN,0703,KASAMA,07031,KASAMA CENTRAL,0703105,JULIA CHIKAMONEKA,07031051020,,Rural,91,434,init1,,OKAY,,,2025-01-16 22:40:56.053000000,2025-01-16 22:40:56.053000000,114
1873,NO214,1215LY,,,NO,07,NORTHERN,0703,KASAMA,07031,KASAMA CENTRAL,0703105,JULIA CHIKAMONEKA,07031051026,,Rural,78,416,init1,,OKAY,,,2025-01-16 22:40:56.053000000,2025-01-16 22:40:56.053000000,114
1874,NO213,1215LY,,,NO,07,NORTHERN,0703,KASAMA,07031,KASAMA CENTRAL,0703105,JULIA CHIKAMONEKA,07031052014,,Urban,217,1061,init1,,OKAY,,,2025-01-16 22:40:56.053000000,2025-01-16 22:40:56.053000000,114
1875,NO212,1215LY,,,NO,07,NORTHERN,0703,KASAMA,07031,KASAMA CENTRAL,0703105,JULIA CHIKAMONEKA,07031052023,,Urban,108,541,init1,,OKAY,,,2025-01-16 22:40:56.053000000,2025-01-16 22:40:56.053000000,114
1876,NO211,1215LY,,,NO,07,NORTHERN,0703,KASAMA,07031,KASAMA CENTRAL,0703105,JULIA CHIKAMONEKA,07031052027,,Urban,150,700,init1,,OKAY,,,2025-01-16 22:40:56.053000000,2025-01-16 22:40:56.053000000,114
1877,NO210,1318AA,,,NO,07,NORTHERN,0703,KASAMA,07031,KASAMA CENTRAL,0703106,KASENGA,07031061002,,Rural,100,528,init1,,OKAY,,,2025-01-16 22:40:56.053000000,2025-01-16 22:40:56.053000000,31
1878,NO209,1318AA,,,NO,07,NORTHERN,0703,KASAMA,07031,KASAMA CENTRAL,0703106,KASENGA,07031061006,,Rural,58,339,init1,,OKAY,,,2025-01-16 22:40:56.053000000,2025-01-16 22:40:56.053000000,31
1879,NO208,1318AA,,,NO,07,NORTHERN,0703,KASAMA,07031,KASAMA CENTRAL,0703106,KASENGA,07031061010,,Rural,84,371,init1,,OKAY,,,2025-01-16 22:40:56.053000000,2025-01-16 22:40:56.053000000,31
1880,NO207,1318AA,,,NO,07,NORTHERN,0703,KASAMA,07031,KASAMA CENTRAL,0703106,KASENGA,07031061014,,Rural,107,513,init1,,OKAY,,,2025-01-16 22:40:56.053000000,2025-01-16 22:40:56.053000000,31
1881,NO206,1318AA,,,NO,07,NORTHERN,0703,KASAMA,07031,KASAMA CENTRAL,0703106,KASENGA,07031061018,,Rural,86,410,init1,,OKAY,,,2025-01-16 22:40:56.053000000,2025-01-16 22:40:56.053000000,31
1882,NO205,1318AA,,,NO,07,NORTHERN,0703,KASAMA,07031,KASAMA CENTRAL,0703106,KASENGA,07031061021,,Rural,118,588,init1,,OKAY,,,2025-01-16 22:40:56.053000000,2025-01-16 22:40:56.053000000,31
1883,NO204,1318AA,,,NO,07,NORTHERN,0703,KASAMA,07031,KASAMA CENTRAL,0703106,KASENGA,07031061025,,Rural,100,534,init1,,OKAY,,,2025-01-16 22:40:56.053000000,2025-01-16 22:40:56.053000000,31
1884,NO203,1318AA,,,NO,07,NORTHERN,0703,KASAMA,07031,KASAMA CENTRAL,0703106,KASENGA,07031061029,,Rural,62,301,init1,,OKAY,,,2025-01-16 22:40:56.053000000,2025-01-16 22:40:56.053000000,31
1885,NO202,1318AA,,,NO,07,NORTHERN,0703,KASAMA,07031,KASAMA CENTRAL,0703106,KASENGA,07031061033,,Rural,114,588,init1,,OKAY,,,2025-01-16 22:40:56.053000000,2025-01-16 22:40:56.053000000,31
1886,NO201,1318AA,,,NO,07,NORTHERN,0703,KASAMA,07031,KASAMA CENTRAL,0703106,KASENGA,07031061037,,Rural,98,417,init1,,OKAY,,,2025-01-16 22:40:56.053000000,2025-01-16 22:40:56.053000000,31
1887,NO200,2437PN,,,NO,07,NORTHERN,0703,KASAMA,07031,KASAMA CENTRAL,0703107,LUKULU,07031071002,,Rural,52,274,init1,,OKAY,,,2025-01-16 22:40:56.053000000,2025-01-16 22:40:56.053000000,190
1888,NO199,2437PN,,,NO,07,NORTHERN,0703,KASAMA,07031,KASAMA CENTRAL,0703107,LUKULU,07031071004,,Rural,96,498,init1,,OKAY,,,2025-01-16 22:40:56.053000000,2025-01-16 22:40:56.053000000,190
1889,NO198,2437PN,,,NO,07,NORTHERN,0703,KASAMA,07031,KASAMA CENTRAL,0703107,LUKULU,07031071006,,Rural,77,367,init1,,OKAY,,,2025-01-16 22:40:56.053000000,2025-01-16 22:40:56.053000000,190
1890,NO197,2437PN,,,NO,07,NORTHERN,0703,KASAMA,07031,KASAMA CENTRAL,0703107,LUKULU,07031071008,,Rural,80,379,init1,,OKAY,,,2025-01-16 22:40:56.053000000,2025-01-16 22:40:56.053000000,190
1891,NO196,2437PN,,,NO,07,NORTHERN,0703,KASAMA,07031,KASAMA CENTRAL,0703107,LUKULU,07031071010,,Rural,75,315,init1,,OKAY,,,2025-01-16 22:40:56.053000000,2025-01-16 22:40:56.053000000,190
1892,NO195,2437PN,,,NO,07,NORTHERN,0703,KASAMA,07031,KASAMA CENTRAL,0703107,LUKULU,07031071012,,Rural,98,501,init1,,OKAY,,,2025-01-16 22:40:56.053000000,2025-01-16 22:40:56.053000000,190
1893,NO194,2437PN,,,NO,07,NORTHERN,0703,KASAMA,07031,KASAMA CENTRAL,0703107,LUKULU,07031071014,,Rural,111,442,init1,,OKAY,,,2025-01-16 22:40:56.053000000,2025-01-16 22:40:56.053000000,190
1894,NO193,2437PN,,,NO,07,NORTHERN,0703,KASAMA,07031,KASAMA CENTRAL,0703107,LUKULU,07031071015,,Rural,89,355,init1,,OKAY,,,2025-01-16 22:40:56.053000000,2025-01-16 22:40:56.053000000,190
1895,NO192,2437PN,,,NO,07,NORTHERN,0703,KASAMA,07031,KASAMA CENTRAL,0703107,LUKULU,07031071017,,Rural,110,492,init1,,OKAY,,,2025-01-16 22:40:56.053000000,2025-01-16 22:40:56.053000000,190
1896,NO191,2437PN,,,NO,07,NORTHERN,0703,KASAMA,07031,KASAMA CENTRAL,0703107,LUKULU,07031071019,,Rural,68,342,init1,,OKAY,,,2025-01-16 22:40:56.053000000,2025-01-16 22:40:56.053000000,190
1897,NO190,2958NF,,,NO,07,NORTHERN,0703,KASAMA,07031,KASAMA CENTRAL,0703109,MULILANSOLO,07031091039,,Rural,83,345,init1,,OKAY,,,2025-01-16 22:40:56.053000000,2025-01-16 22:40:56.053000000,59
1898,NO189,2958NF,,,NO,07,NORTHERN,0703,KASAMA,07031,KASAMA CENTRAL,0703109,MULILANSOLO,07031092005,,Urban,163,704,init1,,OKAY,,,2025-01-16 22:40:56.053000000,2025-01-16 22:40:56.053000000,59
1899,NO188,2958NF,,,NO,07,NORTHERN,0703,KASAMA,07031,KASAMA CENTRAL,0703109,MULILANSOLO,07031092010,,Urban,161,648,init1,,OKAY,,,2025-01-16 22:40:56.053000000,2025-01-16 22:40:56.053000000,59
1900,NO187,2958NF,,,NO,07,NORTHERN,0703,KASAMA,07031,KASAMA CENTRAL,0703109,MULILANSOLO,07031092015,,Urban,123,593,init1,,OKAY,,,2025-01-16 22:40:56.053000000,2025-01-16 22:40:56.053000000,59
1901,NO186,2958NF,,,NO,07,NORTHERN,0703,KASAMA,07031,KASAMA CENTRAL,0703109,MULILANSOLO,07031092020,,Urban,189,908,init1,,OKAY,,,2025-01-16 22:40:56.053000000,2025-01-16 22:40:56.053000000,59
1902,NO185,2958NF,,,NO,07,NORTHERN,0703,KASAMA,07031,KASAMA CENTRAL,0703109,MULILANSOLO,07031092025,,Urban,152,816,init1,,OKAY,,,2025-01-16 22:40:56.053000000,2025-01-16 22:40:56.053000000,59
1903,NO184,2958NF,,,NO,07,NORTHERN,0703,KASAMA,07031,KASAMA CENTRAL,0703109,MULILANSOLO,07031092031,,Urban,38,151,init1,,VAST EA,,,2025-01-16 22:40:56.053000000,2025-01-16 22:40:56.053000000,59
1904,NO183,2958NF,,,NO,07,NORTHERN,0703,KASAMA,07031,KASAMA CENTRAL,0703109,MULILANSOLO,07031092038,,Urban,205,913,init1,,OKAY,,,2025-01-16 22:40:56.053000000,2025-01-16 22:40:56.053000000,59
1905,NO182,2958NF,,,NO,07,NORTHERN,0703,KASAMA,07031,KASAMA CENTRAL,0703109,MULILANSOLO,07031092044,,Urban,137,569,init1,,OKAY,,,2025-01-16 22:40:56.053000000,2025-01-16 22:40:56.053000000,59
1906,NO181,2958NF,,,NO,07,NORTHERN,0703,KASAMA,07031,KASAMA CENTRAL,0703109,MULILANSOLO,07031092049,,Urban,31,132,init1,,VAST EA,,,2025-01-16 22:40:56.053000000,2025-01-16 22:40:56.053000000,59
1907,NO180,2221GC,,,NO,07,NORTHERN,0703,KASAMA,07032,LUKASHYA,0703202,CHIBUNDU,07032021001,,Rural,106,476,init1,,OKAY,,,2025-01-16 22:40:56.053000000,2025-01-16 22:40:56.053000000,218
1908,NO179,2221GC,,,NO,07,NORTHERN,0703,KASAMA,07032,LUKASHYA,0703202,CHIBUNDU,07032021005,,Rural,126,674,init1,,OKAY,,,2025-01-16 22:40:56.053000000,2025-01-16 22:40:56.053000000,218
1909,NO178,2221GC,,,NO,07,NORTHERN,0703,KASAMA,07032,LUKASHYA,0703202,CHIBUNDU,07032021009,,Rural,101,489,init1,,OKAY,,,2025-01-16 22:40:56.053000000,2025-01-16 22:40:56.053000000,218
1910,NO177,2221GC,,,NO,07,NORTHERN,0703,KASAMA,07032,LUKASHYA,0703202,CHIBUNDU,07032021013,,Rural,75,391,init1,,OKAY,,,2025-01-16 22:40:56.053000000,2025-01-16 22:40:56.053000000,218
1911,NO176,2221GC,,,NO,07,NORTHERN,0703,KASAMA,07032,LUKASHYA,0703202,CHIBUNDU,07032021018,,Rural,107,553,init1,,OKAY,,,2025-01-16 22:40:56.053000000,2025-01-16 22:40:56.053000000,218
1912,NO175,2221GC,,,NO,07,NORTHERN,0703,KASAMA,07032,LUKASHYA,0703202,CHIBUNDU,07032021022,,Rural,100,504,init1,,OKAY,,,2025-01-16 22:40:56.053000000,2025-01-16 22:40:56.053000000,218
1913,NO174,2221GC,,,NO,07,NORTHERN,0703,KASAMA,07032,LUKASHYA,0703202,CHIBUNDU,07032021026,,Rural,78,374,init1,,OKAY,,,2025-01-16 22:40:56.053000000,2025-01-16 22:40:56.053000000,218
1914,NO173,2221GC,,,NO,07,NORTHERN,0703,KASAMA,07032,LUKASHYA,0703202,CHIBUNDU,07032021031,,Rural,103,503,init1,,OKAY,,,2025-01-16 22:40:56.053000000,2025-01-16 22:40:56.053000000,218
1915,NO172,2221GC,,,NO,07,NORTHERN,0703,KASAMA,07032,LUKASHYA,0703202,CHIBUNDU,07032021035,,Rural,83,436,init1,,OKAY,,,2025-01-16 22:40:56.053000000,2025-01-16 22:40:56.053000000,218
1916,NO171,2221GC,,,NO,07,NORTHERN,0703,KASAMA,07032,LUKASHYA,0703202,CHIBUNDU,07032021039,,Rural,65,322,init1,,OKAY,,,2025-01-16 22:40:56.053000000,2025-01-16 22:40:56.053000000,218
1917,NO170,2204JN,,,NO,07,NORTHERN,0703,KASAMA,07032,LUKASHYA,0703203,CHUMBA,07032031001,,Rural,86,421,init1,,OKAY,,,2025-01-16 22:40:56.053000000,2025-01-16 22:40:56.053000000,110
1918,NO169,2204JN,,,NO,07,NORTHERN,0703,KASAMA,07032,LUKASHYA,0703203,CHUMBA,07032031003,,Rural,92,450,init1,,OKAY,,,2025-01-16 22:40:56.053000000,2025-01-16 22:40:56.053000000,110
1919,NO168,2204JN,,,NO,07,NORTHERN,0703,KASAMA,07032,LUKASHYA,0703203,CHUMBA,07032031006,,Rural,71,308,init1,,OKAY,,,2025-01-16 22:40:56.053000000,2025-01-16 22:40:56.053000000,110
1920,NO167,2204JN,,,NO,07,NORTHERN,0703,KASAMA,07032,LUKASHYA,0703203,CHUMBA,07032031008,,Rural,60,345,init1,,OKAY,,,2025-01-16 22:40:56.053000000,2025-01-16 22:40:56.053000000,110
1921,NO166,2204JN,,,NO,07,NORTHERN,0703,KASAMA,07032,LUKASHYA,0703203,CHUMBA,07032031010,,Rural,123,572,init1,,OKAY,,,2025-01-16 22:40:56.053000000,2025-01-16 22:40:56.053000000,110
1922,NO165,2204JN,,,NO,07,NORTHERN,0703,KASAMA,07032,LUKASHYA,0703203,CHUMBA,07032031012,,Rural,90,421,init1,,OKAY,,,2025-01-16 22:40:56.053000000,2025-01-16 22:40:56.053000000,110
1923,NO164,2204JN,,,NO,07,NORTHERN,0703,KASAMA,07032,LUKASHYA,0703203,CHUMBA,07032031014,,Rural,99,462,init1,,OKAY,,,2025-01-16 22:40:56.053000000,2025-01-16 22:40:56.053000000,110
1924,NO163,2204JN,,,NO,07,NORTHERN,0703,KASAMA,07032,LUKASHYA,0703203,CHUMBA,07032031017,,Rural,83,419,init1,,OKAY,,,2025-01-16 22:40:56.053000000,2025-01-16 22:40:56.053000000,110
1925,NO162,2204JN,,,NO,07,NORTHERN,0703,KASAMA,07032,LUKASHYA,0703203,CHUMBA,07032031019,,Rural,79,402,init1,,OKAY,,,2025-01-16 22:40:56.053000000,2025-01-16 22:40:56.053000000,110
1926,NO161,2204JN,,,NO,07,NORTHERN,0703,KASAMA,07032,LUKASHYA,0703203,CHUMBA,07032031021,,Rural,103,516,init1,,OKAY,,,2025-01-16 22:40:56.053000000,2025-01-16 22:40:56.053000000,110
1927,NO160,2441ND,,,NO,07,NORTHERN,0703,KASAMA,07032,LUKASHYA,0703206,KUPUMAULA,07032062003,,Urban,207,963,init1,,OKAY,,,2025-01-16 22:40:56.053000000,2025-01-16 22:40:56.053000000,167
1928,NO159,2441ND,,,NO,07,NORTHERN,0703,KASAMA,07032,LUKASHYA,0703206,KUPUMAULA,07032062010,,Urban,129,602,init1,,OKAY,,,2025-01-16 22:40:56.053000000,2025-01-16 22:40:56.053000000,167
1929,NO158,2441ND,,,NO,07,NORTHERN,0703,KASAMA,07032,LUKASHYA,0703206,KUPUMAULA,07032062017,,Urban,102,517,init1,,OKAY,,,2025-01-16 22:40:56.053000000,2025-01-16 22:40:56.053000000,167
1930,NO157,2441ND,,,NO,07,NORTHERN,0703,KASAMA,07032,LUKASHYA,0703206,KUPUMAULA,07032062024,,Urban,136,658,init1,,OKAY,,,2025-01-16 22:40:56.053000000,2025-01-16 22:40:56.053000000,167
1931,NO156,2441ND,,,NO,07,NORTHERN,0703,KASAMA,07032,LUKASHYA,0703206,KUPUMAULA,07032062032,,Urban,202,989,init1,,OKAY,,,2025-01-16 22:40:56.053000000,2025-01-16 22:40:56.053000000,167
1932,NO155,2441ND,,,NO,07,NORTHERN,0703,KASAMA,07032,LUKASHYA,0703206,KUPUMAULA,07032062039,,Urban,113,608,init1,,OKAY,,,2025-01-16 22:40:56.053000000,2025-01-16 22:40:56.053000000,167
1933,NO154,2441ND,,,NO,07,NORTHERN,0703,KASAMA,07032,LUKASHYA,0703206,KUPUMAULA,07032062046,,Urban,218,974,init1,,OKAY,,,2025-01-16 22:40:56.053000000,2025-01-16 22:40:56.053000000,167
1934,NO153,2441ND,,,NO,07,NORTHERN,0703,KASAMA,07032,LUKASHYA,0703206,KUPUMAULA,07032062054,,Urban,141,664,init1,,OKAY,,,2025-01-16 22:40:56.053000000,2025-01-16 22:40:56.053000000,167
1935,NO152,2441ND,,,NO,07,NORTHERN,0703,KASAMA,07032,LUKASHYA,0703206,KUPUMAULA,07032062061,,Urban,132,584,init1,,OKAY,,,2025-01-16 22:40:56.053000000,2025-01-16 22:40:56.053000000,167
1936,NO151,2441ND,,,NO,07,NORTHERN,0703,KASAMA,07032,LUKASHYA,0703206,KUPUMAULA,07032062068,,Urban,144,684,init1,,OKAY,,,2025-01-16 22:40:56.053000000,2025-01-16 22:40:56.053000000,167
1937,NO150,2107TL,,,NO,07,NORTHERN,0703,KASAMA,07032,LUKASHYA,0703209,MUKANGA,07032091002,,Rural,93,455,init1,,OKAY,,,2025-01-16 22:40:56.053000000,2025-01-16 22:40:56.053000000,168
1938,NO149,2107TL,,,NO,07,NORTHERN,0703,KASAMA,07032,LUKASHYA,0703209,MUKANGA,07032091004,,Rural,111,587,init1,,OKAY,,,2025-01-16 22:40:56.053000000,2025-01-16 22:40:56.053000000,168
1939,NO148,2107TL,,,NO,07,NORTHERN,0703,KASAMA,07032,LUKASHYA,0703209,MUKANGA,07032091007,,Rural,111,558,init1,,OKAY,,,2025-01-16 22:40:56.053000000,2025-01-16 22:40:56.053000000,168
1940,NO147,2107TL,,,NO,07,NORTHERN,0703,KASAMA,07032,LUKASHYA,0703209,MUKANGA,07032091010,,Rural,122,570,init1,,OKAY,,,2025-01-16 22:40:56.053000000,2025-01-16 22:40:56.053000000,168
1941,NO146,2107TL,,,NO,07,NORTHERN,0703,KASAMA,07032,LUKASHYA,0703209,MUKANGA,07032091013,,Rural,98,434,init1,,OKAY,,,2025-01-16 22:40:56.053000000,2025-01-16 22:40:56.053000000,168
1942,NO145,2107TL,,,NO,07,NORTHERN,0703,KASAMA,07032,LUKASHYA,0703209,MUKANGA,07032091015,,Rural,92,441,init1,,OKAY,,,2025-01-16 22:40:56.053000000,2025-01-16 22:40:56.053000000,168
1943,NO144,2107TL,,,NO,07,NORTHERN,0703,KASAMA,07032,LUKASHYA,0703209,MUKANGA,07032091018,,Rural,80,421,init1,,OKAY,,,2025-01-16 22:40:56.053000000,2025-01-16 22:40:56.053000000,168
1944,NO143,2107TL,,,NO,07,NORTHERN,0703,KASAMA,07032,LUKASHYA,0703209,MUKANGA,07032091021,,Rural,64,324,init1,,OKAY,,,2025-01-16 22:40:56.053000000,2025-01-16 22:40:56.053000000,168
1945,NO142,2107TL,,,NO,07,NORTHERN,0703,KASAMA,07032,LUKASHYA,0703209,MUKANGA,07032091023,,Rural,130,630,init1,,OKAY,,,2025-01-16 22:40:56.053000000,2025-01-16 22:40:56.053000000,168
1946,NO141,2107TL,,,NO,07,NORTHERN,0703,KASAMA,07032,LUKASHYA,0703209,MUKANGA,07032091026,,Rural,145,644,init1,,OKAY,,,2025-01-16 22:40:56.053000000,2025-01-16 22:40:56.053000000,168
1947,NO140,2577HJ,,,NO,07,NORTHERN,0709,MPULUNGU,07091,MPULUNGU,0709102,CHILUMBA,07091021001,,Rural,73,416,init1,,OKAY,,,2025-01-16 22:40:56.053000000,2025-01-16 22:40:56.053000000,242
1948,NO139,2577HJ,,,NO,07,NORTHERN,0709,MPULUNGU,07091,MPULUNGU,0709102,CHILUMBA,07091021003,,Rural,102,541,init1,,OKAY,,,2025-01-16 22:40:56.053000000,2025-01-16 22:40:56.053000000,242
1949,NO138,2577HJ,,,NO,07,NORTHERN,0709,MPULUNGU,07091,MPULUNGU,0709102,CHILUMBA,07091021004,,Rural,106,474,init1,,OKAY,,,2025-01-16 22:40:56.053000000,2025-01-16 22:40:56.053000000,242
1950,NO137,2577HJ,,,NO,07,NORTHERN,0709,MPULUNGU,07091,MPULUNGU,0709102,CHILUMBA,07091021006,,Rural,123,454,init1,,OKAY,,,2025-01-16 22:40:56.053000000,2025-01-16 22:40:56.053000000,242
1951,NO136,2577HJ,,,NO,07,NORTHERN,0709,MPULUNGU,07091,MPULUNGU,0709102,CHILUMBA,07091021008,,Rural,105,600,init1,,OKAY,,,2025-01-16 22:40:56.053000000,2025-01-16 22:40:56.053000000,242
1952,NO135,2577HJ,,,NO,07,NORTHERN,0709,MPULUNGU,07091,MPULUNGU,0709102,CHILUMBA,07091021009,,Rural,104,473,init1,,OKAY,,,2025-01-16 22:40:56.053000000,2025-01-16 22:40:56.053000000,242
1953,NO134,2577HJ,,,NO,07,NORTHERN,0709,MPULUNGU,07091,MPULUNGU,0709102,CHILUMBA,07091021011,,Rural,121,599,init1,,OKAY,,,2025-01-16 22:40:56.053000000,2025-01-16 22:40:56.053000000,242
1954,NO133,2577HJ,,,NO,07,NORTHERN,0709,MPULUNGU,07091,MPULUNGU,0709102,CHILUMBA,07091021012,,Rural,101,546,init1,,OKAY,,,2025-01-16 22:40:56.053000000,2025-01-16 22:40:56.053000000,242
1955,NO132,2577HJ,,,NO,07,NORTHERN,0709,MPULUNGU,07091,MPULUNGU,0709102,CHILUMBA,07091021014,,Rural,69,365,init1,,OKAY,,,2025-01-16 22:40:56.053000000,2025-01-16 22:40:56.053000000,242
1956,NO131,2577HJ,,,NO,07,NORTHERN,0709,MPULUNGU,07091,MPULUNGU,0709102,CHILUMBA,07091021016,,Rural,82,428,init1,,OKAY,,,2025-01-16 22:40:56.053000000,2025-01-16 22:40:56.053000000,242
1957,NO130,3046PL,,,NO,07,NORTHERN,0709,MPULUNGU,07091,MPULUNGU,0709104,CHITMBWA,07091041001,,Rural,77,376,init1,,OKAY,,,2025-01-16 22:40:56.053000000,2025-01-16 22:40:56.053000000,239
1958,NO129,3046PL,,,NO,07,NORTHERN,0709,MPULUNGU,07091,MPULUNGU,0709104,CHITMBWA,07091041002,,Rural,87,437,init1,,OKAY,,,2025-01-16 22:40:56.053000000,2025-01-16 22:40:56.053000000,239
1959,NO128,3046PL,,,NO,07,NORTHERN,0709,MPULUNGU,07091,MPULUNGU,0709104,CHITMBWA,07091041003,,Rural,122,593,init1,,OKAY,,,2025-01-16 22:40:56.053000000,2025-01-16 22:40:56.053000000,239
1960,NO127,3046PL,,,NO,07,NORTHERN,0709,MPULUNGU,07091,MPULUNGU,0709104,CHITMBWA,07091041004,,Rural,116,538,init1,,OKAY,,,2025-01-16 22:40:56.053000000,2025-01-16 22:40:56.053000000,239
1961,NO126,3046PL,,,NO,07,NORTHERN,0709,MPULUNGU,07091,MPULUNGU,0709104,CHITMBWA,07091041006,,Rural,85,406,init1,,OKAY,,,2025-01-16 22:40:56.053000000,2025-01-16 22:40:56.053000000,239
1962,NO125,3046PL,,,NO,07,NORTHERN,0709,MPULUNGU,07091,MPULUNGU,0709104,CHITMBWA,07091041007,,Rural,75,334,init1,,OKAY,,,2025-01-16 22:40:56.053000000,2025-01-16 22:40:56.053000000,239
1963,NO124,3046PL,,,NO,07,NORTHERN,0709,MPULUNGU,07091,MPULUNGU,0709104,CHITMBWA,07091041008,,Rural,100,511,init1,,OKAY,,,2025-01-16 22:40:56.053000000,2025-01-16 22:40:56.053000000,239
1964,NO123,3046PL,,,NO,07,NORTHERN,0709,MPULUNGU,07091,MPULUNGU,0709104,CHITMBWA,07091041009,,Rural,53,268,init1,,OKAY,,,2025-01-16 22:40:56.053000000,2025-01-16 22:40:56.053000000,239
1965,NO122,3046PL,,,NO,07,NORTHERN,0709,MPULUNGU,07091,MPULUNGU,0709104,CHITMBWA,07091041010,,Rural,126,722,init1,,OKAY,,,2025-01-16 22:40:56.053000000,2025-01-16 22:40:56.053000000,239
1966,NO121,3046PL,,,NO,07,NORTHERN,0709,MPULUNGU,07091,MPULUNGU,0709104,CHITMBWA,07091041012,,Rural,109,556,init1,,OKAY,,,2025-01-16 22:40:56.053000000,2025-01-16 22:40:56.053000000,239
1967,NO120,2641FC,,,NO,07,NORTHERN,0709,MPULUNGU,07091,MPULUNGU,0709106,ISUNGA,07091061001,,Rural,62,378,init1,,OKAY,,,2025-01-16 22:40:56.053000000,2025-01-16 22:40:56.053000000,8
1968,NO119,2641FC,,,NO,07,NORTHERN,0709,MPULUNGU,07091,MPULUNGU,0709106,ISUNGA,07091061002,,Rural,133,691,init1,,OKAY,,,2025-01-16 22:40:56.053000000,2025-01-16 22:40:56.053000000,8
1969,NO118,2641FC,,,NO,07,NORTHERN,0709,MPULUNGU,07091,MPULUNGU,0709106,ISUNGA,07091061003,,Rural,116,535,init1,,OKAY,,,2025-01-16 22:40:56.053000000,2025-01-16 22:40:56.053000000,8
1970,NO117,2641FC,,,NO,07,NORTHERN,0709,MPULUNGU,07091,MPULUNGU,0709106,ISUNGA,07091061004,,Rural,61,276,init1,,OKAY,,,2025-01-16 22:40:56.053000000,2025-01-16 22:40:56.053000000,8
1971,NO116,2641FC,,,NO,07,NORTHERN,0709,MPULUNGU,07091,MPULUNGU,0709106,ISUNGA,07091061005,,Rural,120,616,init1,,OKAY,,,2025-01-16 22:40:56.053000000,2025-01-16 22:40:56.053000000,8
1972,NO115,2641FC,,,NO,07,NORTHERN,0709,MPULUNGU,07091,MPULUNGU,0709106,ISUNGA,07091061006,,Rural,104,475,init1,,OKAY,,,2025-01-16 22:40:56.053000000,2025-01-16 22:40:56.053000000,8
1973,NO114,2641FC,,,NO,07,NORTHERN,0709,MPULUNGU,07091,MPULUNGU,0709106,ISUNGA,07091061007,,Rural,111,574,init1,,OKAY,,,2025-01-16 22:40:56.053000000,2025-01-16 22:40:56.053000000,8
1974,NO113,2641FC,,,NO,07,NORTHERN,0709,MPULUNGU,07091,MPULUNGU,0709106,ISUNGA,07091061009,,Rural,68,288,init1,,OKAY,,,2025-01-16 22:40:56.053000000,2025-01-16 22:40:56.053000000,8
1975,NO112,2641FC,,,NO,07,NORTHERN,0709,MPULUNGU,07091,MPULUNGU,0709106,ISUNGA,07091061010,,Rural,76,411,init1,,OKAY,,,2025-01-16 22:40:56.053000000,2025-01-16 22:40:56.053000000,8
1976,NO111,2641FC,,,NO,07,NORTHERN,0709,MPULUNGU,07091,MPULUNGU,0709106,ISUNGA,07091061011,,Rural,71,353,init1,,OKAY,,,2025-01-16 22:40:56.053000000,2025-01-16 22:40:56.053000000,8
1977,NO110,2145LB,,,NO,07,NORTHERN,0709,MPULUNGU,07091,MPULUNGU,0709109,KAPEMBWA,07091091001,,Rural,114,675,init1,,OKAY,,,2025-01-16 22:40:56.053000000,2025-01-16 22:40:56.053000000,215
1978,NO109,2145LB,,,NO,07,NORTHERN,0709,MPULUNGU,07091,MPULUNGU,0709109,KAPEMBWA,07091091002,,Rural,77,407,init1,,OKAY,,,2025-01-16 22:40:56.053000000,2025-01-16 22:40:56.053000000,215
1979,NO108,2145LB,,,NO,07,NORTHERN,0709,MPULUNGU,07091,MPULUNGU,0709109,KAPEMBWA,07091091004,,Rural,33,212,init1,,VAST EA,,,2025-01-16 22:40:56.053000000,2025-01-16 22:40:56.053000000,215
1980,NO107,2145LB,,,NO,07,NORTHERN,0709,MPULUNGU,07091,MPULUNGU,0709109,KAPEMBWA,07091091005,,Rural,50,238,init1,,OKAY,,,2025-01-16 22:40:56.053000000,2025-01-16 22:40:56.053000000,215
1981,NO106,2145LB,,,NO,07,NORTHERN,0709,MPULUNGU,07091,MPULUNGU,0709109,KAPEMBWA,07091091007,,Rural,107,579,init1,,OKAY,,,2025-01-16 22:40:56.053000000,2025-01-16 22:40:56.053000000,215
1982,NO105,2145LB,,,NO,07,NORTHERN,0709,MPULUNGU,07091,MPULUNGU,0709109,KAPEMBWA,07091091008,,Rural,102,585,init1,,OKAY,,,2025-01-16 22:40:56.053000000,2025-01-16 22:40:56.053000000,215
1983,NO104,2145LB,,,NO,07,NORTHERN,0709,MPULUNGU,07091,MPULUNGU,0709109,KAPEMBWA,07091091009,,Rural,43,289,init1,,VAST EA,,,2025-01-16 22:40:56.053000000,2025-01-16 22:40:56.053000000,215
1984,NO103,2145LB,,,NO,07,NORTHERN,0709,MPULUNGU,07091,MPULUNGU,0709109,KAPEMBWA,07091091011,,Rural,43,242,init1,,VAST EA,,,2025-01-16 22:40:56.053000000,2025-01-16 22:40:56.053000000,215
1985,NO102,2145LB,,,NO,07,NORTHERN,0709,MPULUNGU,07091,MPULUNGU,0709109,KAPEMBWA,07091091012,,Rural,116,561,init1,,OKAY,,,2025-01-16 22:40:56.053000000,2025-01-16 22:40:56.053000000,215
1986,NO101,2145LB,,,NO,07,NORTHERN,0709,MPULUNGU,07091,MPULUNGU,0709109,KAPEMBWA,07091091014,,Rural,356,1161,init1,,NEED TO BE VERIFIED,,,2025-01-16 22:40:56.053000000,2025-01-16 22:40:56.053000000,215
1987,NO100,2072FA,,,NO,07,NORTHERN,0709,MPULUNGU,07091,MPULUNGU,0709111,MANKONGA,07091111002,,Rural,107,523,init1,,OKAY,,,2025-01-16 22:40:56.053000000,2025-01-16 22:40:56.053000000,151
1988,NO099,2072FA,,,NO,07,NORTHERN,0709,MPULUNGU,07091,MPULUNGU,0709111,MANKONGA,07091111007,,Rural,108,436,init1,,OKAY,,,2025-01-16 22:40:56.053000000,2025-01-16 22:40:56.053000000,151
1989,NO098,2072FA,,,NO,07,NORTHERN,0709,MPULUNGU,07091,MPULUNGU,0709111,MANKONGA,07091111009,,Rural,62,334,init1,,OKAY,,,2025-01-16 22:40:56.053000000,2025-01-16 22:40:56.053000000,151
1990,NO097,2072FA,,,NO,07,NORTHERN,0709,MPULUNGU,07091,MPULUNGU,0709111,MANKONGA,07091111014,,Rural,80,319,init1,,OKAY,,,2025-01-16 22:40:56.053000000,2025-01-16 22:40:56.053000000,151
1991,NO096,2072FA,,,NO,07,NORTHERN,0709,MPULUNGU,07091,MPULUNGU,0709111,MANKONGA,07091111016,,Rural,62,324,init1,,OKAY,,,2025-01-16 22:40:56.053000000,2025-01-16 22:40:56.053000000,151
1992,NO095,2072FA,,,NO,07,NORTHERN,0709,MPULUNGU,07091,MPULUNGU,0709111,MANKONGA,07091111018,,Rural,109,506,init1,,OKAY,,,2025-01-16 22:40:56.053000000,2025-01-16 22:40:56.053000000,151
1993,NO094,2072FA,,,NO,07,NORTHERN,0709,MPULUNGU,07091,MPULUNGU,0709111,MANKONGA,07091112004,,Urban,87,411,init1,,OKAY,,,2025-01-16 22:40:56.053000000,2025-01-16 22:40:56.053000000,151
1994,NO093,2072FA,,,NO,07,NORTHERN,0709,MPULUNGU,07091,MPULUNGU,0709111,MANKONGA,07091112006,,Urban,93,415,init1,,OKAY,,,2025-01-16 22:40:56.053000000,2025-01-16 22:40:56.053000000,151
1995,NO092,2072FA,,,NO,07,NORTHERN,0709,MPULUNGU,07091,MPULUNGU,0709111,MANKONGA,07091112011,,Urban,90,463,init1,,OKAY,,,2025-01-16 22:40:56.053000000,2025-01-16 22:40:56.053000000,151
1996,NO091,2072FA,,,NO,07,NORTHERN,0709,MPULUNGU,07091,MPULUNGU,0709111,MANKONGA,07091112019,,Urban,97,446,init1,,OKAY,,,2025-01-16 22:40:56.053000000,2025-01-16 22:40:56.053000000,151
1997,NO090,2746SH,,,NO,07,NORTHERN,0709,MPULUNGU,07091,MPULUNGU,0709112,MPULUNGU CENTRAL,07091121025,,Rural,157,894,init1,,OKAY,,,2025-01-16 22:40:56.053000000,2025-01-16 22:40:56.053000000,36
1998,NO089,2746SH,,,NO,07,NORTHERN,0709,MPULUNGU,07091,MPULUNGU,0709112,MPULUNGU CENTRAL,07091121034,,Rural,117,650,init1,,OKAY,,,2025-01-16 22:40:56.053000000,2025-01-16 22:40:56.053000000,36
1999,NO088,2746SH,,,NO,07,NORTHERN,0709,MPULUNGU,07091,MPULUNGU,0709112,MPULUNGU CENTRAL,07091122004,,Urban,232,1158,init1,,OKAY,,,2025-01-16 22:40:56.053000000,2025-01-16 22:40:56.053000000,36
2000,NO087,2746SH,,,NO,07,NORTHERN,0709,MPULUNGU,07091,MPULUNGU,0709112,MPULUNGU CENTRAL,07091122008,,Urban,204,1094,init1,,OKAY,,,2025-01-16 22:40:56.053000000,2025-01-16 22:40:56.053000000,36
2001,NO086,2746SH,,,NO,07,NORTHERN,0709,MPULUNGU,07091,MPULUNGU,0709112,MPULUNGU CENTRAL,07091122013,,Urban,125,523,init1,,OKAY,,,2025-01-16 22:40:56.053000000,2025-01-16 22:40:56.053000000,36
2002,NO085,2746SH,,,NO,07,NORTHERN,0709,MPULUNGU,07091,MPULUNGU,0709112,MPULUNGU CENTRAL,07091122016,,Urban,184,872,init1,,OKAY,,,2025-01-16 22:40:56.053000000,2025-01-16 22:40:56.053000000,36
2003,NO084,2746SH,,,NO,07,NORTHERN,0709,MPULUNGU,07091,MPULUNGU,0709112,MPULUNGU CENTRAL,07091122020,,Urban,206,971,init1,,OKAY,,,2025-01-16 22:40:56.053000000,2025-01-16 22:40:56.053000000,36
2004,NO083,2746SH,,,NO,07,NORTHERN,0709,MPULUNGU,07091,MPULUNGU,0709112,MPULUNGU CENTRAL,07091122024,,Urban,238,1051,init1,,OKAY,,,2025-01-16 22:40:56.053000000,2025-01-16 22:40:56.053000000,36
2005,NO082,2746SH,,,NO,07,NORTHERN,0709,MPULUNGU,07091,MPULUNGU,0709112,MPULUNGU CENTRAL,07091122032,,Urban,176,728,init1,,OKAY,,,2025-01-16 22:40:56.053000000,2025-01-16 22:40:56.053000000,36
2006,NO081,2746SH,,,NO,07,NORTHERN,0709,MPULUNGU,07091,MPULUNGU,0709112,MPULUNGU CENTRAL,07091122037,,Urban,160,908,init1,,OKAY,,,2025-01-16 22:40:56.053000000,2025-01-16 22:40:56.053000000,36
2007,NO080,2546MP,,,NO,07,NORTHERN,0709,MPULUNGU,07091,MPULUNGU,0709114,MUSENGENZI,07091141001,,Rural,105,546,init1,,OKAY,,,2025-01-16 22:40:56.053000000,2025-01-16 22:40:56.053000000,173
2008,NO079,2546MP,,,NO,07,NORTHERN,0709,MPULUNGU,07091,MPULUNGU,0709114,MUSENGENZI,07091141003,,Rural,102,592,init1,,OKAY,,,2025-01-16 22:40:56.053000000,2025-01-16 22:40:56.053000000,173
2009,NO078,2546MP,,,NO,07,NORTHERN,0709,MPULUNGU,07091,MPULUNGU,0709114,MUSENGENZI,07091141004,,Rural,75,376,init1,,OKAY,,,2025-01-16 22:40:56.053000000,2025-01-16 22:40:56.053000000,173
2010,NO077,2546MP,,,NO,07,NORTHERN,0709,MPULUNGU,07091,MPULUNGU,0709114,MUSENGENZI,07091141006,,Rural,88,437,init1,,OKAY,,,2025-01-16 22:40:56.053000000,2025-01-16 22:40:56.053000000,173
2011,NO076,2546MP,,,NO,07,NORTHERN,0709,MPULUNGU,07091,MPULUNGU,0709114,MUSENGENZI,07091141008,,Rural,123,671,init1,,OKAY,,,2025-01-16 22:40:56.053000000,2025-01-16 22:40:56.053000000,173
2012,NO075,2546MP,,,NO,07,NORTHERN,0709,MPULUNGU,07091,MPULUNGU,0709114,MUSENGENZI,07091141009,,Rural,91,394,init1,,OKAY,,,2025-01-16 22:40:56.053000000,2025-01-16 22:40:56.053000000,173
2013,NO074,2546MP,,,NO,07,NORTHERN,0709,MPULUNGU,07091,MPULUNGU,0709114,MUSENGENZI,07091141011,,Rural,77,340,init1,,OKAY,,,2025-01-16 22:40:56.053000000,2025-01-16 22:40:56.053000000,173
2014,NO073,2546MP,,,NO,07,NORTHERN,0709,MPULUNGU,07091,MPULUNGU,0709114,MUSENGENZI,07091141012,,Rural,102,463,init1,,OKAY,,,2025-01-16 22:40:56.053000000,2025-01-16 22:40:56.053000000,173
2015,NO072,2546MP,,,NO,07,NORTHERN,0709,MPULUNGU,07091,MPULUNGU,0709114,MUSENGENZI,07091141014,,Rural,94,512,init1,,OKAY,,,2025-01-16 22:40:56.053000000,2025-01-16 22:40:56.053000000,173
2016,NO071,2546MP,,,NO,07,NORTHERN,0709,MPULUNGU,07091,MPULUNGU,0709114,MUSENGENZI,07091141016,,Rural,82,455,init1,,OKAY,,,2025-01-16 22:40:56.053000000,2025-01-16 22:40:56.053000000,173
2017,NO070,2063MR,,,NO,07,NORTHERN,0709,MPULUNGU,07091,MPULUNGU,0709116,TANGANYIKA,07091161020,,Rural,162,882,init1,,OKAY,,,2025-01-16 22:40:56.053000000,2025-01-16 22:40:56.053000000,219
2018,NO069,2063MR,,,NO,07,NORTHERN,0709,MPULUNGU,07091,MPULUNGU,0709116,TANGANYIKA,07091161030,,Rural,134,670,init1,,OKAY,,,2025-01-16 22:40:56.053000000,2025-01-16 22:40:56.053000000,219
2019,NO068,2063MR,,,NO,07,NORTHERN,0709,MPULUNGU,07091,MPULUNGU,0709116,TANGANYIKA,07091162005,,Urban,159,900,init1,,OKAY,,,2025-01-16 22:40:56.053000000,2025-01-16 22:40:56.053000000,219
2020,NO067,2063MR,,,NO,07,NORTHERN,0709,MPULUNGU,07091,MPULUNGU,0709116,TANGANYIKA,07091162008,,Urban,147,553,init1,,OKAY,,,2025-01-16 22:40:56.053000000,2025-01-16 22:40:56.053000000,219
2021,NO066,2063MR,,,NO,07,NORTHERN,0709,MPULUNGU,07091,MPULUNGU,0709116,TANGANYIKA,07091162011,,Urban,139,695,init1,,OKAY,,,2025-01-16 22:40:56.053000000,2025-01-16 22:40:56.053000000,219
2022,NO065,2063MR,,,NO,07,NORTHERN,0709,MPULUNGU,07091,MPULUNGU,0709116,TANGANYIKA,07091162014,,Urban,169,786,init1,,OKAY,,,2025-01-16 22:40:56.053000000,2025-01-16 22:40:56.053000000,219
2023,NO064,2063MR,,,NO,07,NORTHERN,0709,MPULUNGU,07091,MPULUNGU,0709116,TANGANYIKA,07091162018,,Urban,119,568,init1,,OKAY,,,2025-01-16 22:40:56.053000000,2025-01-16 22:40:56.053000000,219
2024,NO063,2063MR,,,NO,07,NORTHERN,0709,MPULUNGU,07091,MPULUNGU,0709116,TANGANYIKA,07091162024,,Urban,98,515,init1,,OKAY,,,2025-01-16 22:40:56.053000000,2025-01-16 22:40:56.053000000,219
2025,NO062,2063MR,,,NO,07,NORTHERN,0709,MPULUNGU,07091,MPULUNGU,0709116,TANGANYIKA,07091162027,,Urban,144,767,init1,,OKAY,,,2025-01-16 22:40:56.053000000,2025-01-16 22:40:56.053000000,219
2026,NO061,2063MR,,,NO,07,NORTHERN,0709,MPULUNGU,07091,MPULUNGU,0709116,TANGANYIKA,07091162031,,Urban,172,926,init1,,OKAY,,,2025-01-16 22:40:56.053000000,2025-01-16 22:40:56.053000000,219
2027,NO060,2970YA,,,NO,07,NORTHERN,0709,MPULUNGU,07091,MPULUNGU,0709117,VYAMBA,07091171002,,Rural,66,183,init1,,OKAY,,,2025-01-16 22:40:56.053000000,2025-01-16 22:40:56.053000000,210
2028,NO059,2970YA,,,NO,07,NORTHERN,0709,MPULUNGU,07091,MPULUNGU,0709117,VYAMBA,07091171004,,Rural,90,457,init1,,OKAY,,,2025-01-16 22:40:56.053000000,2025-01-16 22:40:56.053000000,210
2029,NO058,2970YA,,,NO,07,NORTHERN,0709,MPULUNGU,07091,MPULUNGU,0709117,VYAMBA,07091171006,,Rural,113,595,init1,,OKAY,,,2025-01-16 22:40:56.053000000,2025-01-16 22:40:56.053000000,210
2030,NO057,2970YA,,,NO,07,NORTHERN,0709,MPULUNGU,07091,MPULUNGU,0709117,VYAMBA,07091171009,,Rural,92,331,init1,,OKAY,,,2025-01-16 22:40:56.053000000,2025-01-16 22:40:56.053000000,210
2031,NO056,2970YA,,,NO,07,NORTHERN,0709,MPULUNGU,07091,MPULUNGU,0709117,VYAMBA,07091171011,,Rural,105,455,init1,,OKAY,,,2025-01-16 22:40:56.053000000,2025-01-16 22:40:56.053000000,210
2032,NO055,2970YA,,,NO,07,NORTHERN,0709,MPULUNGU,07091,MPULUNGU,0709117,VYAMBA,07091171013,,Rural,50,187,init1,,OKAY,,,2025-01-16 22:40:56.053000000,2025-01-16 22:40:56.053000000,210
2033,NO054,2970YA,,,NO,07,NORTHERN,0709,MPULUNGU,07091,MPULUNGU,0709117,VYAMBA,07091171015,,Rural,76,360,init1,,OKAY,,,2025-01-16 22:40:56.053000000,2025-01-16 22:40:56.053000000,210
2034,NO053,2970YA,,,NO,07,NORTHERN,0709,MPULUNGU,07091,MPULUNGU,0709117,VYAMBA,07091171017,,Rural,109,361,init1,,OKAY,,,2025-01-16 22:40:56.053000000,2025-01-16 22:40:56.053000000,210
2035,NO052,2970YA,,,NO,07,NORTHERN,0709,MPULUNGU,07091,MPULUNGU,0709117,VYAMBA,07091171020,,Rural,122,429,init1,,OKAY,,,2025-01-16 22:40:56.053000000,2025-01-16 22:40:56.053000000,210
2036,NO051,2970YA,,,NO,07,NORTHERN,0709,MPULUNGU,07091,MPULUNGU,0709117,VYAMBA,07091171022,,Rural,66,320,init1,,OKAY,,,2025-01-16 22:40:56.053000000,2025-01-16 22:40:56.053000000,210
2037,NO050,2812JS,,,NO,07,NORTHERN,0712,SENGA HILL,07121,SENGA HILL,0712102,CHIMBILI,07121021001,,Rural,85,361,init1,,OKAY,,,2025-01-16 22:40:56.053000000,2025-01-16 22:40:56.053000000,88
2038,NO049,2812JS,,,NO,07,NORTHERN,0712,SENGA HILL,07121,SENGA HILL,0712102,CHIMBILI,07121021004,,Rural,83,413,init1,,OKAY,,,2025-01-16 22:40:56.053000000,2025-01-16 22:40:56.053000000,88
2039,NO048,2812JS,,,NO,07,NORTHERN,0712,SENGA HILL,07121,SENGA HILL,0712102,CHIMBILI,07121021008,,Rural,92,463,init1,,OKAY,,,2025-01-16 22:40:56.053000000,2025-01-16 22:40:56.053000000,88
2040,NO047,2812JS,,,NO,07,NORTHERN,0712,SENGA HILL,07121,SENGA HILL,0712102,CHIMBILI,07121021011,,Rural,98,389,init1,,OKAY,,,2025-01-16 22:40:56.053000000,2025-01-16 22:40:56.053000000,88
2041,NO046,2812JS,,,NO,07,NORTHERN,0712,SENGA HILL,07121,SENGA HILL,0712102,CHIMBILI,07121021015,,Rural,120,500,init1,,OKAY,,,2025-01-16 22:40:56.053000000,2025-01-16 22:40:56.053000000,88
2042,NO045,2812JS,,,NO,07,NORTHERN,0712,SENGA HILL,07121,SENGA HILL,0712102,CHIMBILI,07121021019,,Rural,124,517,init1,,OKAY,,,2025-01-16 22:40:56.053000000,2025-01-16 22:40:56.053000000,88
2043,NO044,2812JS,,,NO,07,NORTHERN,0712,SENGA HILL,07121,SENGA HILL,0712102,CHIMBILI,07121021022,,Rural,83,414,init1,,OKAY,,,2025-01-16 22:40:56.053000000,2025-01-16 22:40:56.053000000,88
2044,NO043,2812JS,,,NO,07,NORTHERN,0712,SENGA HILL,07121,SENGA HILL,0712102,CHIMBILI,07121021026,,Rural,87,438,init1,,OKAY,,,2025-01-16 22:40:56.053000000,2025-01-16 22:40:56.053000000,88
2045,NO042,2812JS,,,NO,07,NORTHERN,0712,SENGA HILL,07121,SENGA HILL,0712102,CHIMBILI,07121021029,,Rural,72,379,init1,,OKAY,,,2025-01-16 22:40:56.053000000,2025-01-16 22:40:56.053000000,88
2046,NO041,2812JS,,,NO,07,NORTHERN,0712,SENGA HILL,07121,SENGA HILL,0712102,CHIMBILI,07121021033,,Rural,72,352,init1,,OKAY,,,2025-01-16 22:40:56.053000000,2025-01-16 22:40:56.053000000,88
2047,NO040,2820BL,,,NO,07,NORTHERN,0712,SENGA HILL,07121,SENGA HILL,0712104,CHOZI,07121041002,,Rural,96,425,init1,,OKAY,,,2025-01-16 22:40:56.053000000,2025-01-16 22:40:56.053000000,62
2048,NO039,2820BL,,,NO,07,NORTHERN,0712,SENGA HILL,07121,SENGA HILL,0712104,CHOZI,07121041004,,Rural,108,485,init1,,OKAY,,,2025-01-16 22:40:56.053000000,2025-01-16 22:40:56.053000000,62
2049,NO038,2820BL,,,NO,07,NORTHERN,0712,SENGA HILL,07121,SENGA HILL,0712104,CHOZI,07121041006,,Rural,120,664,init1,,OKAY,,,2025-01-16 22:40:56.053000000,2025-01-16 22:40:56.053000000,62
2050,NO037,2820BL,,,NO,07,NORTHERN,0712,SENGA HILL,07121,SENGA HILL,0712104,CHOZI,07121041008,,Rural,123,379,init1,,OKAY,,,2025-01-16 22:40:56.053000000,2025-01-16 22:40:56.053000000,62
2051,NO036,2820BL,,,NO,07,NORTHERN,0712,SENGA HILL,07121,SENGA HILL,0712104,CHOZI,07121041010,,Rural,119,570,init1,,OKAY,,,2025-01-16 22:40:56.053000000,2025-01-16 22:40:56.053000000,62
2052,NO035,2820BL,,,NO,07,NORTHERN,0712,SENGA HILL,07121,SENGA HILL,0712104,CHOZI,07121041012,,Rural,129,632,init1,,OKAY,,,2025-01-16 22:40:56.053000000,2025-01-16 22:40:56.053000000,62
2053,NO034,2820BL,,,NO,07,NORTHERN,0712,SENGA HILL,07121,SENGA HILL,0712104,CHOZI,07121041014,,Rural,111,561,init1,,OKAY,,,2025-01-16 22:40:56.053000000,2025-01-16 22:40:56.053000000,62
2054,NO033,2820BL,,,NO,07,NORTHERN,0712,SENGA HILL,07121,SENGA HILL,0712104,CHOZI,07121041016,,Rural,130,653,init1,,OKAY,,,2025-01-16 22:40:56.053000000,2025-01-16 22:40:56.053000000,62
2055,NO032,2820BL,,,NO,07,NORTHERN,0712,SENGA HILL,07121,SENGA HILL,0712104,CHOZI,07121041018,,Rural,75,407,init1,,OKAY,,,2025-01-16 22:40:56.053000000,2025-01-16 22:40:56.053000000,62
2056,NO031,2820BL,,,NO,07,NORTHERN,0712,SENGA HILL,07121,SENGA HILL,0712104,CHOZI,07121041020,,Rural,82,416,init1,,OKAY,,,2025-01-16 22:40:56.053000000,2025-01-16 22:40:56.053000000,62
2057,NO030,3111ZK,,,NO,07,NORTHERN,0712,SENGA HILL,07121,SENGA HILL,0712106,LAPISHA,07121061001,,Rural,92,431,init1,,OKAY,,,2025-01-16 22:40:56.053000000,2025-01-16 22:40:56.053000000,25
2058,NO029,3111ZK,,,NO,07,NORTHERN,0712,SENGA HILL,07121,SENGA HILL,0712106,LAPISHA,07121061005,,Rural,76,329,init1,,OKAY,,,2025-01-16 22:40:56.053000000,2025-01-16 22:40:56.053000000,25
2059,NO028,3111ZK,,,NO,07,NORTHERN,0712,SENGA HILL,07121,SENGA HILL,0712106,LAPISHA,07121061009,,Rural,122,502,init1,,OKAY,,,2025-01-16 22:40:56.053000000,2025-01-16 22:40:56.053000000,25
2060,NO027,3111ZK,,,NO,07,NORTHERN,0712,SENGA HILL,07121,SENGA HILL,0712106,LAPISHA,07121061014,,Rural,66,311,init1,,OKAY,,,2025-01-16 22:40:56.053000000,2025-01-16 22:40:56.053000000,25
2061,NO026,3111ZK,,,NO,07,NORTHERN,0712,SENGA HILL,07121,SENGA HILL,0712106,LAPISHA,07121061018,,Rural,79,418,init1,,OKAY,,,2025-01-16 22:40:56.053000000,2025-01-16 22:40:56.053000000,25
2062,NO025,3111ZK,,,NO,07,NORTHERN,0712,SENGA HILL,07121,SENGA HILL,0712106,LAPISHA,07121061022,,Rural,107,554,init1,,OKAY,,,2025-01-16 22:40:56.053000000,2025-01-16 22:40:56.053000000,25
2063,NO024,3111ZK,,,NO,07,NORTHERN,0712,SENGA HILL,07121,SENGA HILL,0712106,LAPISHA,07121061026,,Rural,120,520,init1,,OKAY,,,2025-01-16 22:40:56.053000000,2025-01-16 22:40:56.053000000,25
2064,NO023,3111ZK,,,NO,07,NORTHERN,0712,SENGA HILL,07121,SENGA HILL,0712106,LAPISHA,07121061030,,Rural,68,301,init1,,OKAY,,,2025-01-16 22:40:56.053000000,2025-01-16 22:40:56.053000000,25
2065,NO022,3111ZK,,,NO,07,NORTHERN,0712,SENGA HILL,07121,SENGA HILL,0712106,LAPISHA,07121061035,,Rural,82,430,init1,,OKAY,,,2025-01-16 22:40:56.053000000,2025-01-16 22:40:56.053000000,25
2066,NO021,3111ZK,,,NO,07,NORTHERN,0712,SENGA HILL,07121,SENGA HILL,0712106,LAPISHA,07121061039,,Rural,61,291,init1,,OKAY,,,2025-01-16 22:40:56.053000000,2025-01-16 22:40:56.053000000,25
2067,NO020,2195YS,,,NO,07,NORTHERN,0712,SENGA HILL,07121,SENGA HILL,0712109,MUKOLOLO,07121091001,,Rural,135,593,init1,,OKAY,,,2025-01-16 22:40:56.053000000,2025-01-16 22:40:56.053000000,199
2068,NO019,2195YS,,,NO,07,NORTHERN,0712,SENGA HILL,07121,SENGA HILL,0712109,MUKOLOLO,07121091005,,Rural,105,552,init1,,OKAY,,,2025-01-16 22:40:56.053000000,2025-01-16 22:40:56.053000000,199
2069,NO018,2195YS,,,NO,07,NORTHERN,0712,SENGA HILL,07121,SENGA HILL,0712109,MUKOLOLO,07121091010,,Rural,40,168,init1,,VAST EA,,,2025-01-16 22:40:56.053000000,2025-01-16 22:40:56.053000000,199
2070,NO017,2195YS,,,NO,07,NORTHERN,0712,SENGA HILL,07121,SENGA HILL,0712109,MUKOLOLO,07121091014,,Rural,99,520,init1,,OKAY,,,2025-01-16 22:40:56.053000000,2025-01-16 22:40:56.053000000,199
2071,NO016,2195YS,,,NO,07,NORTHERN,0712,SENGA HILL,07121,SENGA HILL,0712109,MUKOLOLO,07121091019,,Rural,166,861,init1,,OKAY,,,2025-01-16 22:40:56.053000000,2025-01-16 22:40:56.053000000,199
2072,NO015,2195YS,,,NO,07,NORTHERN,0712,SENGA HILL,07121,SENGA HILL,0712109,MUKOLOLO,07121091023,,Rural,130,581,init1,,OKAY,,,2025-01-16 22:40:56.053000000,2025-01-16 22:40:56.053000000,199
2073,NO014,2195YS,,,NO,07,NORTHERN,0712,SENGA HILL,07121,SENGA HILL,0712109,MUKOLOLO,07121091027,,Rural,85,390,init1,,OKAY,,,2025-01-16 22:40:56.053000000,2025-01-16 22:40:56.053000000,199
2074,NO013,2195YS,,,NO,07,NORTHERN,0712,SENGA HILL,07121,SENGA HILL,0712109,MUKOLOLO,07121091032,,Rural,58,255,init1,,OKAY,,,2025-01-16 22:40:56.053000000,2025-01-16 22:40:56.053000000,199
2075,NO012,2195YS,,,NO,07,NORTHERN,0712,SENGA HILL,07121,SENGA HILL,0712109,MUKOLOLO,07121091036,,Rural,124,577,init1,,OKAY,,,2025-01-16 22:40:56.053000000,2025-01-16 22:40:56.053000000,199
2076,NO011,2195YS,,,NO,07,NORTHERN,0712,SENGA HILL,07121,SENGA HILL,0712109,MUKOLOLO,07121091041,,Rural,123,575,init1,,OKAY,,,2025-01-16 22:40:56.053000000,2025-01-16 22:40:56.053000000,199
2077,NO010,1724DK,,,NO,07,NORTHERN,0712,SENGA HILL,07121,SENGA HILL,0712110,MWILUZI,07121101003,,Rural,111,520,init1,,OKAY,,,2025-01-16 22:40:56.053000000,2025-01-16 22:40:56.053000000,144
2078,NO009,1724DK,,,NO,07,NORTHERN,0712,SENGA HILL,07121,SENGA HILL,0712110,MWILUZI,07121101005,,Rural,100,534,init1,,OKAY,,,2025-01-16 22:40:56.053000000,2025-01-16 22:40:56.053000000,144
2079,NO008,1724DK,,,NO,07,NORTHERN,0712,SENGA HILL,07121,SENGA HILL,0712110,MWILUZI,07121101008,,Rural,74,375,init1,,OKAY,,,2025-01-16 22:40:56.053000000,2025-01-16 22:40:56.053000000,144
2080,NO007,1724DK,,,NO,07,NORTHERN,0712,SENGA HILL,07121,SENGA HILL,0712110,MWILUZI,07121101010,,Rural,106,486,init1,,OKAY,,,2025-01-16 22:40:56.053000000,2025-01-16 22:40:56.053000000,144
2081,NO006,1724DK,,,NO,07,NORTHERN,0712,SENGA HILL,07121,SENGA HILL,0712110,MWILUZI,07121101012,,Rural,76,329,init1,,OKAY,,,2025-01-16 22:40:56.053000000,2025-01-16 22:40:56.053000000,144
2082,NO005,1724DK,,,NO,07,NORTHERN,0712,SENGA HILL,07121,SENGA HILL,0712110,MWILUZI,07121101015,,Rural,119,508,init1,,OKAY,,,2025-01-16 22:40:56.053000000,2025-01-16 22:40:56.053000000,144
2083,NO004,1724DK,,,NO,07,NORTHERN,0712,SENGA HILL,07121,SENGA HILL,0712110,MWILUZI,07121101017,,Rural,118,579,init1,,OKAY,,,2025-01-16 22:40:56.053000000,2025-01-16 22:40:56.053000000,144
2084,NO003,1724DK,,,NO,07,NORTHERN,0712,SENGA HILL,07121,SENGA HILL,0712110,MWILUZI,07121101020,,Rural,112,514,init1,,OKAY,,,2025-01-16 22:40:56.053000000,2025-01-16 22:40:56.053000000,144
2085,NO002,1724DK,,,NO,07,NORTHERN,0712,SENGA HILL,07121,SENGA HILL,0712110,MWILUZI,07121101022,,Rural,69,366,init1,,OKAY,,,2025-01-16 22:40:56.053000000,2025-01-16 22:40:56.053000000,144
2086,NO001,1724DK,,,NO,07,NORTHERN,0712,SENGA HILL,07121,SENGA HILL,0712110,MWILUZI,07121101024,,Rural,100,531,init1,,OKAY,,,2025-01-16 22:40:56.053000000,2025-01-16 22:40:56.053000000,144
2087,SO217,1616MT,,,SO,09,SOUTHERN,0902,CHIRUNDU,09021,Chirundu,0902101,CHIRUNDU,09021011044,,Rural,126,494,init1,,OKAY,,,2025-01-16 22:40:56.053000000,2025-01-16 22:40:56.053000000,122
2088,SO216,1616MT,,,SO,09,SOUTHERN,0902,CHIRUNDU,09021,Chirundu,0902101,CHIRUNDU,09021012001,,Urban,208,722,init1,,OKAY,,,2025-01-16 22:40:56.053000000,2025-01-16 22:40:56.053000000,122
2089,SO215,1616MT,,,SO,09,SOUTHERN,0902,CHIRUNDU,09021,Chirundu,0902101,CHIRUNDU,09021012004,,Urban,199,893,init1,,OKAY,,,2025-01-16 22:40:56.053000000,2025-01-16 22:40:56.053000000,122
2090,SO214,1616MT,,,SO,09,SOUTHERN,0902,CHIRUNDU,09021,Chirundu,0902101,CHIRUNDU,09021012006,,Urban,129,533,init1,,OKAY,,,2025-01-16 22:40:56.053000000,2025-01-16 22:40:56.053000000,122
2091,SO213,1616MT,,,SO,09,SOUTHERN,0902,CHIRUNDU,09021,Chirundu,0902101,CHIRUNDU,09021012009,,Urban,194,870,init1,,OKAY,,,2025-01-16 22:40:56.053000000,2025-01-16 22:40:56.053000000,122
2092,SO212,1616MT,,,SO,09,SOUTHERN,0902,CHIRUNDU,09021,Chirundu,0902101,CHIRUNDU,09021012011,,Urban,144,442,init1,,OKAY,,,2025-01-16 22:40:56.053000000,2025-01-16 22:40:56.053000000,122
2093,SO211,1616MT,,,SO,09,SOUTHERN,0902,CHIRUNDU,09021,Chirundu,0902101,CHIRUNDU,09021012014,,Urban,131,602,init1,,OKAY,,,2025-01-16 22:40:56.053000000,2025-01-16 22:40:56.053000000,122
2094,SO210,1616MT,,,SO,09,SOUTHERN,0902,CHIRUNDU,09021,Chirundu,0902101,CHIRUNDU,09021012016,,Urban,191,815,init1,,OKAY,,,2025-01-16 22:40:56.053000000,2025-01-16 22:40:56.053000000,122
2095,SO209,1616MT,,,SO,09,SOUTHERN,0902,CHIRUNDU,09021,Chirundu,0902101,CHIRUNDU,09021012019,,Urban,172,722,init1,,OKAY,,,2025-01-16 22:40:56.053000000,2025-01-16 22:40:56.053000000,122
2096,SO208,1616MT,,,SO,09,SOUTHERN,0902,CHIRUNDU,09021,Chirundu,0902101,CHIRUNDU,09021012021,,Urban,138,636,init1,,OKAY,,,2025-01-16 22:40:56.053000000,2025-01-16 22:40:56.053000000,122
2097,SO207,1616MT,,,SO,09,SOUTHERN,0902,CHIRUNDU,09021,Chirundu,0902101,CHIRUNDU,09021012023,,Urban,157,641,init1,,OKAY,,,2025-01-16 22:40:56.053000000,2025-01-16 22:40:56.053000000,122
2098,SO206,1616MT,,,SO,09,SOUTHERN,0902,CHIRUNDU,09021,Chirundu,0902101,CHIRUNDU,09021012026,,Urban,142,645,init1,,OKAY,,,2025-01-16 22:40:56.053000000,2025-01-16 22:40:56.053000000,122
2099,SO205,1616MT,,,SO,09,SOUTHERN,0902,CHIRUNDU,09021,Chirundu,0902101,CHIRUNDU,09021012029,,Urban,124,547,init1,,OKAY,,,2025-01-16 22:40:56.053000000,2025-01-16 22:40:56.053000000,122
2100,SO204,1616MT,,,SO,09,SOUTHERN,0902,CHIRUNDU,09021,Chirundu,0902101,CHIRUNDU,09021012032,,Urban,122,541,init1,,OKAY,,,2025-01-16 22:40:56.053000000,2025-01-16 22:40:56.053000000,122
2101,SO203,1616MT,,,SO,09,SOUTHERN,0902,CHIRUNDU,09021,Chirundu,0902101,CHIRUNDU,09021012034,,Urban,154,703,init1,,OKAY,,,2025-01-16 22:40:56.053000000,2025-01-16 22:40:56.053000000,122
2102,SO202,1616MT,,,SO,09,SOUTHERN,0902,CHIRUNDU,09021,Chirundu,0902101,CHIRUNDU,09021012037,,Urban,189,813,init1,,OKAY,,,2025-01-16 22:40:56.053000000,2025-01-16 22:40:56.053000000,122
2103,SO201,1616MT,,,SO,09,SOUTHERN,0902,CHIRUNDU,09021,Chirundu,0902101,CHIRUNDU,09021012039,,Urban,186,882,init1,,OKAY,,,2025-01-16 22:40:56.053000000,2025-01-16 22:40:56.053000000,122
2104,SO200,1616MT,,,SO,09,SOUTHERN,0902,CHIRUNDU,09021,Chirundu,0902101,CHIRUNDU,09021012042,,Urban,129,551,init1,,OKAY,,,2025-01-16 22:40:56.053000000,2025-01-16 22:40:56.053000000,122
2105,SO199,1616MT,,,SO,09,SOUTHERN,0902,CHIRUNDU,09021,Chirundu,0902101,CHIRUNDU,09021012046,,Urban,149,486,init1,,OKAY,,,2025-01-16 22:40:56.053000000,2025-01-16 22:40:56.053000000,122
2106,SO198,1616MT,,,SO,09,SOUTHERN,0902,CHIRUNDU,09021,Chirundu,0902101,CHIRUNDU,09021012049,,Urban,155,634,init1,,OKAY,,,2025-01-16 22:40:56.053000000,2025-01-16 22:40:56.053000000,122
2107,SO197,2200FE,,,SO,09,SOUTHERN,0902,CHIRUNDU,09021,Chirundu,0902102,CHIRUNDU WEST,09021021004,,Rural,176,765,init1,,OKAY,,,2025-01-16 22:40:56.053000000,2025-01-16 22:40:56.053000000,67
2108,SO196,2200FE,,,SO,09,SOUTHERN,0902,CHIRUNDU,09021,Chirundu,0902102,CHIRUNDU WEST,09021021005,,Rural,190,732,init1,,OKAY,,,2025-01-16 22:40:56.053000000,2025-01-16 22:40:56.053000000,67
2109,SO195,2200FE,,,SO,09,SOUTHERN,0902,CHIRUNDU,09021,Chirundu,0902102,CHIRUNDU WEST,09021021006,,Rural,125,538,init1,,OKAY,,,2025-01-16 22:40:56.053000000,2025-01-16 22:40:56.053000000,67
2110,SO194,2200FE,,,SO,09,SOUTHERN,0902,CHIRUNDU,09021,Chirundu,0902102,CHIRUNDU WEST,09021021008,,Rural,154,642,init1,,OKAY,,,2025-01-16 22:40:56.053000000,2025-01-16 22:40:56.053000000,67
2111,SO193,2200FE,,,SO,09,SOUTHERN,0902,CHIRUNDU,09021,Chirundu,0902102,CHIRUNDU WEST,09021022001,,Urban,198,828,init1,,OKAY,,,2025-01-16 22:40:56.053000000,2025-01-16 22:40:56.053000000,67
2112,SO192,2200FE,,,SO,09,SOUTHERN,0902,CHIRUNDU,09021,Chirundu,0902102,CHIRUNDU WEST,09021022002,,Urban,138,594,init1,,OKAY,,,2025-01-16 22:40:56.053000000,2025-01-16 22:40:56.053000000,67
2113,SO191,2200FE,,,SO,09,SOUTHERN,0902,CHIRUNDU,09021,Chirundu,0902102,CHIRUNDU WEST,09021022003,,Urban,145,627,init1,,OKAY,,,2025-01-16 22:40:56.053000000,2025-01-16 22:40:56.053000000,67
2114,SO190,2200FE,,,SO,09,SOUTHERN,0902,CHIRUNDU,09021,Chirundu,0902102,CHIRUNDU WEST,09021022007,,Urban,176,812,init1,,OKAY,,,2025-01-16 22:40:56.053000000,2025-01-16 22:40:56.053000000,67
2115,SO189,1593KB,,,SO,09,SOUTHERN,0902,CHIRUNDU,09021,Chirundu,0902105,KAPULULIRA,09021051001,,Rural,88,424,init1,,OKAY,,,2025-01-16 22:40:56.053000000,2025-01-16 22:40:56.053000000,125
2116,SO188,1593KB,,,SO,09,SOUTHERN,0902,CHIRUNDU,09021,Chirundu,0902105,KAPULULIRA,09021051002,,Rural,109,458,init1,,OKAY,,,2025-01-16 22:40:56.053000000,2025-01-16 22:40:56.053000000,125
2117,SO187,1593KB,,,SO,09,SOUTHERN,0902,CHIRUNDU,09021,Chirundu,0902105,KAPULULIRA,09021051003,,Rural,89,351,init1,,OKAY,,,2025-01-16 22:40:56.053000000,2025-01-16 22:40:56.053000000,125
2118,SO186,1593KB,,,SO,09,SOUTHERN,0902,CHIRUNDU,09021,Chirundu,0902105,KAPULULIRA,09021051004,,Rural,79,354,init1,,OKAY,,,2025-01-16 22:40:56.053000000,2025-01-16 22:40:56.053000000,125
2119,SO185,1593KB,,,SO,09,SOUTHERN,0902,CHIRUNDU,09021,Chirundu,0902105,KAPULULIRA,09021051005,,Rural,127,615,init1,,OKAY,,,2025-01-16 22:40:56.053000000,2025-01-16 22:40:56.053000000,125
2120,SO184,1593KB,,,SO,09,SOUTHERN,0902,CHIRUNDU,09021,Chirundu,0902105,KAPULULIRA,09021051006,,Rural,106,456,init1,,OKAY,,,2025-01-16 22:40:56.053000000,2025-01-16 22:40:56.053000000,125
2121,SO183,1593KB,,,SO,09,SOUTHERN,0902,CHIRUNDU,09021,Chirundu,0902105,KAPULULIRA,09021051007,,Rural,109,529,init1,,OKAY,,,2025-01-16 22:40:56.053000000,2025-01-16 22:40:56.053000000,125
2122,SO182,1593KB,,,SO,09,SOUTHERN,0902,CHIRUNDU,09021,Chirundu,0902105,KAPULULIRA,09021051008,,Rural,120,527,init1,,OKAY,,,2025-01-16 22:40:56.053000000,2025-01-16 22:40:56.053000000,125
2123,SO181,1593KB,,,SO,09,SOUTHERN,0902,CHIRUNDU,09021,Chirundu,0902105,KAPULULIRA,09021051009,,Rural,76,330,init1,,OKAY,,,2025-01-16 22:40:56.053000000,2025-01-16 22:40:56.053000000,125
2124,SO180,3211FZ,,,SO,09,SOUTHERN,0902,CHIRUNDU,09021,Chirundu,0902108,MUSHUNGU,09021081001,,Rural,84,406,init1,,OKAY,,,2025-01-16 22:40:56.053000000,2025-01-16 22:40:56.053000000,244
2125,SO179,3211FZ,,,SO,09,SOUTHERN,0902,CHIRUNDU,09021,Chirundu,0902108,MUSHUNGU,09021081002,,Rural,119,529,init1,,OKAY,,,2025-01-16 22:40:56.053000000,2025-01-16 22:40:56.053000000,244
2126,SO178,3211FZ,,,SO,09,SOUTHERN,0902,CHIRUNDU,09021,Chirundu,0902108,MUSHUNGU,09021081003,,Rural,92,429,init1,,OKAY,,,2025-01-16 22:40:56.053000000,2025-01-16 22:40:56.053000000,244
2127,SO177,3211FZ,,,SO,09,SOUTHERN,0902,CHIRUNDU,09021,Chirundu,0902108,MUSHUNGU,09021081004,,Rural,86,463,init1,,OKAY,,,2025-01-16 22:40:56.053000000,2025-01-16 22:40:56.053000000,244
2128,SO176,3211FZ,,,SO,09,SOUTHERN,0902,CHIRUNDU,09021,Chirundu,0902108,MUSHUNGU,09021081005,,Rural,69,351,init1,,OKAY,,,2025-01-16 22:40:56.053000000,2025-01-16 22:40:56.053000000,244
2129,SO175,3211FZ,,,SO,09,SOUTHERN,0902,CHIRUNDU,09021,Chirundu,0902108,MUSHUNGU,09021081007,,Rural,128,562,init1,,OKAY,,,2025-01-16 22:40:56.053000000,2025-01-16 22:40:56.053000000,244
2130,SO174,3211FZ,,,SO,09,SOUTHERN,0902,CHIRUNDU,09021,Chirundu,0902108,MUSHUNGU,09021081008,,Rural,68,338,init1,,OKAY,,,2025-01-16 22:40:56.053000000,2025-01-16 22:40:56.053000000,244
2131,SO173,3211FZ,,,SO,09,SOUTHERN,0902,CHIRUNDU,09021,Chirundu,0902108,MUSHUNGU,09021081009,,Rural,95,444,init1,,OKAY,,,2025-01-16 22:40:56.053000000,2025-01-16 22:40:56.053000000,244
2132,SO172,3211FZ,,,SO,09,SOUTHERN,0902,CHIRUNDU,09021,Chirundu,0902108,MUSHUNGU,09021081010,,Rural,105,539,init1,,OKAY,,,2025-01-16 22:40:56.053000000,2025-01-16 22:40:56.053000000,244
2133,SO171,3211FZ,,,SO,09,SOUTHERN,0902,CHIRUNDU,09021,Chirundu,0902108,MUSHUNGU,09021081011,,Rural,83,400,init1,,OKAY,,,2025-01-16 22:40:56.053000000,2025-01-16 22:40:56.053000000,244
2134,SO170,2904ZT,,,SO,09,SOUTHERN,0902,CHIRUNDU,09021,Chirundu,0902110,NJAME,09021101001,,Rural,79,443,init1,,OKAY,,,2025-01-16 22:40:56.053000000,2025-01-16 22:40:56.053000000,188
2135,SO169,2904ZT,,,SO,09,SOUTHERN,0902,CHIRUNDU,09021,Chirundu,0902110,NJAME,09021101002,,Rural,80,429,init1,,OKAY,,,2025-01-16 22:40:56.053000000,2025-01-16 22:40:56.053000000,188
2136,SO168,2904ZT,,,SO,09,SOUTHERN,0902,CHIRUNDU,09021,Chirundu,0902110,NJAME,09021101004,,Rural,110,539,init1,,OKAY,,,2025-01-16 22:40:56.053000000,2025-01-16 22:40:56.053000000,188
2137,SO167,2904ZT,,,SO,09,SOUTHERN,0902,CHIRUNDU,09021,Chirundu,0902110,NJAME,09021101005,,Rural,80,402,init1,,OKAY,,,2025-01-16 22:40:56.053000000,2025-01-16 22:40:56.053000000,188
2138,SO166,2904ZT,,,SO,09,SOUTHERN,0902,CHIRUNDU,09021,Chirundu,0902110,NJAME,09021101006,,Rural,60,318,init1,,OKAY,,,2025-01-16 22:40:56.053000000,2025-01-16 22:40:56.053000000,188
2139,SO165,2904ZT,,,SO,09,SOUTHERN,0902,CHIRUNDU,09021,Chirundu,0902110,NJAME,09021101007,,Rural,85,394,init1,,OKAY,,,2025-01-16 22:40:56.053000000,2025-01-16 22:40:56.053000000,188
2140,SO164,2904ZT,,,SO,09,SOUTHERN,0902,CHIRUNDU,09021,Chirundu,0902110,NJAME,09021101008,,Rural,113,527,init1,,OKAY,,,2025-01-16 22:40:56.053000000,2025-01-16 22:40:56.053000000,188
2141,SO163,2904ZT,,,SO,09,SOUTHERN,0902,CHIRUNDU,09021,Chirundu,0902110,NJAME,09021101009,,Rural,91,378,init1,,OKAY,,,2025-01-16 22:40:56.053000000,2025-01-16 22:40:56.053000000,188
2142,SO162,2904ZT,,,SO,09,SOUTHERN,0902,CHIRUNDU,09021,Chirundu,0902110,NJAME,09021101010,,Rural,86,442,init1,,OKAY,,,2025-01-16 22:40:56.053000000,2025-01-16 22:40:56.053000000,188
2143,SO161,2904ZT,,,SO,09,SOUTHERN,0902,CHIRUNDU,09021,Chirundu,0902110,NJAME,09021101011,,Rural,87,456,init1,,OKAY,,,2025-01-16 22:40:56.053000000,2025-01-16 22:40:56.053000000,188
2144,SO160,1873YJ,,,SO,09,SOUTHERN,0907,KAZUNGULA,09071,KATOMBOLA,0907103,KANCHELE,09071031003,,Rural,107,633,init1,,OKAY,,,2025-01-16 22:40:56.053000000,2025-01-16 22:40:56.053000000,153
2145,SO159,1873YJ,,,SO,09,SOUTHERN,0907,KAZUNGULA,09071,KATOMBOLA,0907103,KANCHELE,09071031006,,Rural,74,323,init1,,OKAY,,,2025-01-16 22:40:56.053000000,2025-01-16 22:40:56.053000000,153
2146,SO158,1873YJ,,,SO,09,SOUTHERN,0907,KAZUNGULA,09071,KATOMBOLA,0907103,KANCHELE,09071031010,,Rural,89,449,init1,,OKAY,,,2025-01-16 22:40:56.053000000,2025-01-16 22:40:56.053000000,153
2147,SO157,1873YJ,,,SO,09,SOUTHERN,0907,KAZUNGULA,09071,KATOMBOLA,0907103,KANCHELE,09071031014,,Rural,114,521,init1,,OKAY,,,2025-01-16 22:40:56.053000000,2025-01-16 22:40:56.053000000,153
2148,SO156,1873YJ,,,SO,09,SOUTHERN,0907,KAZUNGULA,09071,KATOMBOLA,0907103,KANCHELE,09071031017,,Rural,126,600,init1,,OKAY,,,2025-01-16 22:40:56.053000000,2025-01-16 22:40:56.053000000,153
2149,SO155,1873YJ,,,SO,09,SOUTHERN,0907,KAZUNGULA,09071,KATOMBOLA,0907103,KANCHELE,09071031021,,Rural,161,769,init1,,OKAY,,,2025-01-16 22:40:56.053000000,2025-01-16 22:40:56.053000000,153
2150,SO154,1873YJ,,,SO,09,SOUTHERN,0907,KAZUNGULA,09071,KATOMBOLA,0907103,KANCHELE,09071031025,,Rural,104,595,init1,,OKAY,,,2025-01-16 22:40:56.053000000,2025-01-16 22:40:56.053000000,153
2151,SO153,1873YJ,,,SO,09,SOUTHERN,0907,KAZUNGULA,09071,KATOMBOLA,0907103,KANCHELE,09071031029,,Rural,91,458,init1,,OKAY,,,2025-01-16 22:40:56.053000000,2025-01-16 22:40:56.053000000,153
2152,SO152,1873YJ,,,SO,09,SOUTHERN,0907,KAZUNGULA,09071,KATOMBOLA,0907103,KANCHELE,09071031032,,Rural,83,374,init1,,OKAY,,,2025-01-16 22:40:56.053000000,2025-01-16 22:40:56.053000000,153
2153,SO151,1873YJ,,,SO,09,SOUTHERN,0907,KAZUNGULA,09071,KATOMBOLA,0907103,KANCHELE,09071031036,,Rural,55,247,init1,,OKAY,,,2025-01-16 22:40:56.053000000,2025-01-16 22:40:56.053000000,153
2154,SO150,1665NG,,,SO,09,SOUTHERN,0907,KAZUNGULA,09071,KATOMBOLA,0907104,KATAPAZI,09071041002,,Rural,137,700,init1,,OKAY,,,2025-01-16 22:40:56.053000000,2025-01-16 22:40:56.053000000,200
2155,SO149,1665NG,,,SO,09,SOUTHERN,0907,KAZUNGULA,09071,KATOMBOLA,0907104,KATAPAZI,09071041003,,Rural,105,557,init1,,OKAY,,,2025-01-16 22:40:56.053000000,2025-01-16 22:40:56.053000000,200
2156,SO148,1665NG,,,SO,09,SOUTHERN,0907,KAZUNGULA,09071,KATOMBOLA,0907104,KATAPAZI,09071041004,,Rural,94,504,init1,,OKAY,,,2025-01-16 22:40:56.053000000,2025-01-16 22:40:56.053000000,200
2157,SO147,1665NG,,,SO,09,SOUTHERN,0907,KAZUNGULA,09071,KATOMBOLA,0907104,KATAPAZI,09071041006,,Rural,162,818,init1,,OKAY,,,2025-01-16 22:40:56.053000000,2025-01-16 22:40:56.053000000,200
2158,SO146,1665NG,,,SO,09,SOUTHERN,0907,KAZUNGULA,09071,KATOMBOLA,0907104,KATAPAZI,09071041007,,Rural,134,630,init1,,OKAY,,,2025-01-16 22:40:56.053000000,2025-01-16 22:40:56.053000000,200
2159,SO145,1665NG,,,SO,09,SOUTHERN,0907,KAZUNGULA,09071,KATOMBOLA,0907104,KATAPAZI,09071041008,,Rural,141,594,init1,,OKAY,,,2025-01-16 22:40:56.053000000,2025-01-16 22:40:56.053000000,200
2160,SO144,1665NG,,,SO,09,SOUTHERN,0907,KAZUNGULA,09071,KATOMBOLA,0907104,KATAPAZI,09071041009,,Rural,86,432,init1,,OKAY,,,2025-01-16 22:40:56.053000000,2025-01-16 22:40:56.053000000,200
2161,SO143,1665NG,,,SO,09,SOUTHERN,0907,KAZUNGULA,09071,KATOMBOLA,0907104,KATAPAZI,09071041011,,Rural,103,517,init1,,OKAY,,,2025-01-16 22:40:56.053000000,2025-01-16 22:40:56.053000000,200
2162,SO142,1665NG,,,SO,09,SOUTHERN,0907,KAZUNGULA,09071,KATOMBOLA,0907104,KATAPAZI,09071041012,,Rural,83,333,init1,,OKAY,,,2025-01-16 22:40:56.053000000,2025-01-16 22:40:56.053000000,200
2163,SO141,1665NG,,,SO,09,SOUTHERN,0907,KAZUNGULA,09071,KATOMBOLA,0907104,KATAPAZI,09071041013,,Rural,70,363,init1,,OKAY,,,2025-01-16 22:40:56.053000000,2025-01-16 22:40:56.053000000,200
2164,SO140,1357AR,,,SO,09,SOUTHERN,0907,KAZUNGULA,09071,KATOMBOLA,0907106,KAZUNGULA CENTRAL,09071061003,,Rural,121,524,init1,,OKAY,,,2025-01-16 22:40:56.053000000,2025-01-16 22:40:56.053000000,105
2165,SO139,1357AR,,,SO,09,SOUTHERN,0907,KAZUNGULA,09071,KATOMBOLA,0907106,KAZUNGULA CENTRAL,09071061006,,Rural,147,586,init1,,OKAY,,,2025-01-16 22:40:56.053000000,2025-01-16 22:40:56.053000000,105
2166,SO138,1357AR,,,SO,09,SOUTHERN,0907,KAZUNGULA,09071,KATOMBOLA,0907106,KAZUNGULA CENTRAL,09071061010,,Rural,172,559,init1,,OKAY,,,2025-01-16 22:40:56.053000000,2025-01-16 22:40:56.053000000,105
2167,SO137,1357AR,,,SO,09,SOUTHERN,0907,KAZUNGULA,09071,KATOMBOLA,0907106,KAZUNGULA CENTRAL,09071061014,,Rural,129,493,init1,,OKAY,,,2025-01-16 22:40:56.053000000,2025-01-16 22:40:56.053000000,105
2168,SO136,1357AR,,,SO,09,SOUTHERN,0907,KAZUNGULA,09071,KATOMBOLA,0907106,KAZUNGULA CENTRAL,09071061017,,Rural,197,581,init1,,OKAY,,,2025-01-16 22:40:56.053000000,2025-01-16 22:40:56.053000000,105
2169,SO135,1357AR,,,SO,09,SOUTHERN,0907,KAZUNGULA,09071,KATOMBOLA,0907106,KAZUNGULA CENTRAL,09071061021,,Rural,115,468,init1,,OKAY,,,2025-01-16 22:40:56.053000000,2025-01-16 22:40:56.053000000,105
2170,SO134,1357AR,,,SO,09,SOUTHERN,0907,KAZUNGULA,09071,KATOMBOLA,0907106,KAZUNGULA CENTRAL,09071061025,,Rural,81,333,init1,,OKAY,,,2025-01-16 22:40:56.053000000,2025-01-16 22:40:56.053000000,105
2171,SO133,1357AR,,,SO,09,SOUTHERN,0907,KAZUNGULA,09071,KATOMBOLA,0907106,KAZUNGULA CENTRAL,09071061028,,Rural,128,439,init1,,OKAY,,,2025-01-16 22:40:56.053000000,2025-01-16 22:40:56.053000000,105
2172,SO132,1357AR,,,SO,09,SOUTHERN,0907,KAZUNGULA,09071,KATOMBOLA,0907106,KAZUNGULA CENTRAL,09071061032,,Rural,177,573,init1,,OKAY,,,2025-01-16 22:40:56.053000000,2025-01-16 22:40:56.053000000,105
2173,SO131,1357AR,,,SO,09,SOUTHERN,0907,KAZUNGULA,09071,KATOMBOLA,0907106,KAZUNGULA CENTRAL,09071061036,,Rural,142,465,init1,,OKAY,,,2025-01-16 22:40:56.053000000,2025-01-16 22:40:56.053000000,105
2174,SO130,2463RS,,,SO,09,SOUTHERN,0907,KAZUNGULA,09071,KATOMBOLA,0907107,MANDIA,09071071001,,Rural,117,465,init1,,OKAY,,,2025-01-16 22:40:56.053000000,2025-01-16 22:40:56.053000000,158
2175,SO129,2463RS,,,SO,09,SOUTHERN,0907,KAZUNGULA,09071,KATOMBOLA,0907107,MANDIA,09071071002,,Rural,92,356,init1,,OKAY,,,2025-01-16 22:40:56.053000000,2025-01-16 22:40:56.053000000,158
2176,SO128,2463RS,,,SO,09,SOUTHERN,0907,KAZUNGULA,09071,KATOMBOLA,0907107,MANDIA,09071071004,,Rural,84,338,init1,,OKAY,,,2025-01-16 22:40:56.053000000,2025-01-16 22:40:56.053000000,158
2177,SO127,2463RS,,,SO,09,SOUTHERN,0907,KAZUNGULA,09071,KATOMBOLA,0907107,MANDIA,09071071005,,Rural,95,429,init1,,OKAY,,,2025-01-16 22:40:56.053000000,2025-01-16 22:40:56.053000000,158
2178,SO126,2463RS,,,SO,09,SOUTHERN,0907,KAZUNGULA,09071,KATOMBOLA,0907107,MANDIA,09071071006,,Rural,104,467,init1,,OKAY,,,2025-01-16 22:40:56.053000000,2025-01-16 22:40:56.053000000,158
2179,SO125,2463RS,,,SO,09,SOUTHERN,0907,KAZUNGULA,09071,KATOMBOLA,0907107,MANDIA,09071071007,,Rural,112,442,init1,,OKAY,,,2025-01-16 22:40:56.053000000,2025-01-16 22:40:56.053000000,158
2180,SO124,2463RS,,,SO,09,SOUTHERN,0907,KAZUNGULA,09071,KATOMBOLA,0907107,MANDIA,09071071008,,Rural,94,384,init1,,OKAY,,,2025-01-16 22:40:56.053000000,2025-01-16 22:40:56.053000000,158
2181,SO123,2463RS,,,SO,09,SOUTHERN,0907,KAZUNGULA,09071,KATOMBOLA,0907107,MANDIA,09071071010,,Rural,86,389,init1,,OKAY,,,2025-01-16 22:40:56.053000000,2025-01-16 22:40:56.053000000,158
2182,SO122,2463RS,,,SO,09,SOUTHERN,0907,KAZUNGULA,09071,KATOMBOLA,0907107,MANDIA,09071071011,,Rural,118,480,init1,,OKAY,,,2025-01-16 22:40:56.053000000,2025-01-16 22:40:56.053000000,158
2183,SO121,2463RS,,,SO,09,SOUTHERN,0907,KAZUNGULA,09071,KATOMBOLA,0907107,MANDIA,09071071012,,Rural,103,426,init1,,OKAY,,,2025-01-16 22:40:56.053000000,2025-01-16 22:40:56.053000000,158
2184,SO120,2229FD,,,SO,09,SOUTHERN,0907,KAZUNGULA,09071,KATOMBOLA,0907110,MUSOKOTWANE,09071101002,,Rural,115,443,init1,,OKAY,,,2025-01-16 22:40:56.053000000,2025-01-16 22:40:56.053000000,196
2185,SO119,2229FD,,,SO,09,SOUTHERN,0907,KAZUNGULA,09071,KATOMBOLA,0907110,MUSOKOTWANE,09071101003,,Rural,163,664,init1,,OKAY,,,2025-01-16 22:40:56.053000000,2025-01-16 22:40:56.053000000,196
2186,SO118,2229FD,,,SO,09,SOUTHERN,0907,KAZUNGULA,09071,KATOMBOLA,0907110,MUSOKOTWANE,09071101005,,Rural,134,581,init1,,OKAY,,,2025-01-16 22:40:56.053000000,2025-01-16 22:40:56.053000000,196
2187,SO117,2229FD,,,SO,09,SOUTHERN,0907,KAZUNGULA,09071,KATOMBOLA,0907110,MUSOKOTWANE,09071101006,,Rural,104,507,init1,,OKAY,,,2025-01-16 22:40:56.053000000,2025-01-16 22:40:56.053000000,196
2188,SO116,2229FD,,,SO,09,SOUTHERN,0907,KAZUNGULA,09071,KATOMBOLA,0907110,MUSOKOTWANE,09071101008,,Rural,205,848,init1,,OKAY,,,2025-01-16 22:40:56.053000000,2025-01-16 22:40:56.053000000,196
2189,SO115,2229FD,,,SO,09,SOUTHERN,0907,KAZUNGULA,09071,KATOMBOLA,0907110,MUSOKOTWANE,09071101009,,Rural,112,517,init1,,OKAY,,,2025-01-16 22:40:56.053000000,2025-01-16 22:40:56.053000000,196
2190,SO114,2229FD,,,SO,09,SOUTHERN,0907,KAZUNGULA,09071,KATOMBOLA,0907110,MUSOKOTWANE,09071101011,,Rural,150,618,init1,,OKAY,,,2025-01-16 22:40:56.053000000,2025-01-16 22:40:56.053000000,196
2191,SO113,2229FD,,,SO,09,SOUTHERN,0907,KAZUNGULA,09071,KATOMBOLA,0907110,MUSOKOTWANE,09071101012,,Rural,106,540,init1,,OKAY,,,2025-01-16 22:40:56.053000000,2025-01-16 22:40:56.053000000,196
2192,SO112,2229FD,,,SO,09,SOUTHERN,0907,KAZUNGULA,09071,KATOMBOLA,0907110,MUSOKOTWANE,09071101014,,Rural,111,415,init1,,OKAY,,,2025-01-16 22:40:56.053000000,2025-01-16 22:40:56.053000000,196
2193,SO111,2229FD,,,SO,09,SOUTHERN,0907,KAZUNGULA,09071,KATOMBOLA,0907110,MUSOKOTWANE,09071101015,,Rural,116,430,init1,,OKAY,,,2025-01-16 22:40:56.053000000,2025-01-16 22:40:56.053000000,196
2194,SO110,2915LN,,,SO,09,SOUTHERN,0907,KAZUNGULA,09071,KATOMBOLA,0907111,NGUBA,09071111002,,Rural,117,686,init1,,OKAY,,,2025-01-16 22:40:56.053000000,2025-01-16 22:40:56.053000000,18
2195,SO109,2915LN,,,SO,09,SOUTHERN,0907,KAZUNGULA,09071,KATOMBOLA,0907111,NGUBA,09071111004,,Rural,65,433,init1,,OKAY,,,2025-01-16 22:40:56.053000000,2025-01-16 22:40:56.053000000,18
2196,SO108,2915LN,,,SO,09,SOUTHERN,0907,KAZUNGULA,09071,KATOMBOLA,0907111,NGUBA,09071111007,,Rural,109,667,init1,,OKAY,,,2025-01-16 22:40:56.053000000,2025-01-16 22:40:56.053000000,18
2197,SO107,2915LN,,,SO,09,SOUTHERN,0907,KAZUNGULA,09071,KATOMBOLA,0907111,NGUBA,09071111009,,Rural,76,484,init1,,OKAY,,,2025-01-16 22:40:56.053000000,2025-01-16 22:40:56.053000000,18
2198,SO106,2915LN,,,SO,09,SOUTHERN,0907,KAZUNGULA,09071,KATOMBOLA,0907111,NGUBA,09071111012,,Rural,86,461,init1,,OKAY,,,2025-01-16 22:40:56.053000000,2025-01-16 22:40:56.053000000,18
2199,SO105,2915LN,,,SO,09,SOUTHERN,0907,KAZUNGULA,09071,KATOMBOLA,0907111,NGUBA,09071111014,,Rural,129,877,init1,,OKAY,,,2025-01-16 22:40:56.053000000,2025-01-16 22:40:56.053000000,18
2200,SO104,2915LN,,,SO,09,SOUTHERN,0907,KAZUNGULA,09071,KATOMBOLA,0907111,NGUBA,09071111017,,Rural,82,535,init1,,OKAY,,,2025-01-16 22:40:56.053000000,2025-01-16 22:40:56.053000000,18
2201,SO103,2915LN,,,SO,09,SOUTHERN,0907,KAZUNGULA,09071,KATOMBOLA,0907111,NGUBA,09071111019,,Rural,137,872,init1,,OKAY,,,2025-01-16 22:40:56.053000000,2025-01-16 22:40:56.053000000,18
2202,SO102,2915LN,,,SO,09,SOUTHERN,0907,KAZUNGULA,09071,KATOMBOLA,0907111,NGUBA,09071111022,,Rural,63,365,init1,,OKAY,,,2025-01-16 22:40:56.053000000,2025-01-16 22:40:56.053000000,18
2203,SO101,2915LN,,,SO,09,SOUTHERN,0907,KAZUNGULA,09071,KATOMBOLA,0907111,NGUBA,09071111024,,Rural,121,823,init1,,OKAY,,,2025-01-16 22:40:56.053000000,2025-01-16 22:40:56.053000000,18
2204,SO100,3090PP,,,SO,09,SOUTHERN,0907,KAZUNGULA,09071,KATOMBOLA,0907113,NYAWA,09071131003,,Rural,82,471,init1,,OKAY,,,2025-01-16 22:40:56.053000000,2025-01-16 22:40:56.053000000,211
2205,SO099,3090PP,,,SO,09,SOUTHERN,0907,KAZUNGULA,09071,KATOMBOLA,0907113,NYAWA,09071131006,,Rural,151,812,init1,,OKAY,,,2025-01-16 22:40:56.053000000,2025-01-16 22:40:56.053000000,211
2206,SO098,3090PP,,,SO,09,SOUTHERN,0907,KAZUNGULA,09071,KATOMBOLA,0907113,NYAWA,09071131009,,Rural,152,852,init1,,OKAY,,,2025-01-16 22:40:56.053000000,2025-01-16 22:40:56.053000000,211
2207,SO097,3090PP,,,SO,09,SOUTHERN,0907,KAZUNGULA,09071,KATOMBOLA,0907113,NYAWA,09071131012,,Rural,122,605,init1,,OKAY,,,2025-01-16 22:40:56.053000000,2025-01-16 22:40:56.053000000,211
2208,SO096,3090PP,,,SO,09,SOUTHERN,0907,KAZUNGULA,09071,KATOMBOLA,0907113,NYAWA,09071131015,,Rural,73,406,init1,,OKAY,,,2025-01-16 22:40:56.053000000,2025-01-16 22:40:56.053000000,211
2209,SO095,3090PP,,,SO,09,SOUTHERN,0907,KAZUNGULA,09071,KATOMBOLA,0907113,NYAWA,09071131018,,Rural,67,389,init1,,OKAY,,,2025-01-16 22:40:56.053000000,2025-01-16 22:40:56.053000000,211
2210,SO094,3090PP,,,SO,09,SOUTHERN,0907,KAZUNGULA,09071,KATOMBOLA,0907113,NYAWA,09071131021,,Rural,147,807,init1,,OKAY,,,2025-01-16 22:40:56.053000000,2025-01-16 22:40:56.053000000,211
2211,SO093,3090PP,,,SO,09,SOUTHERN,0907,KAZUNGULA,09071,KATOMBOLA,0907113,NYAWA,09071131024,,Rural,138,730,init1,,OKAY,,,2025-01-16 22:40:56.053000000,2025-01-16 22:40:56.053000000,211
2212,SO092,3090PP,,,SO,09,SOUTHERN,0907,KAZUNGULA,09071,KATOMBOLA,0907113,NYAWA,09071131027,,Rural,136,639,init1,,OKAY,,,2025-01-16 22:40:56.053000000,2025-01-16 22:40:56.053000000,211
2213,SO091,3090PP,,,SO,09,SOUTHERN,0907,KAZUNGULA,09071,KATOMBOLA,0907113,NYAWA,09071131029,,Rural,76,412,init1,,OKAY,,,2025-01-16 22:40:56.053000000,2025-01-16 22:40:56.053000000,211
2214,SO090,2493AY,,,SO,09,SOUTHERN,0907,KAZUNGULA,09071,KATOMBOLA,0907116,SIMANGO,09071161001,,Rural,185,951,init1,,OKAY,,,2025-01-16 22:40:56.053000000,2025-01-16 22:40:56.053000000,147
2215,SO089,2493AY,,,SO,09,SOUTHERN,0907,KAZUNGULA,09071,KATOMBOLA,0907116,SIMANGO,09071161002,,Rural,79,395,init1,,OKAY,,,2025-01-16 22:40:56.053000000,2025-01-16 22:40:56.053000000,147
2216,SO088,2493AY,,,SO,09,SOUTHERN,0907,KAZUNGULA,09071,KATOMBOLA,0907116,SIMANGO,09071161004,,Rural,185,832,init1,,OKAY,,,2025-01-16 22:40:56.053000000,2025-01-16 22:40:56.053000000,147
2217,SO087,2493AY,,,SO,09,SOUTHERN,0907,KAZUNGULA,09071,KATOMBOLA,0907116,SIMANGO,09071161005,,Rural,164,798,init1,,OKAY,,,2025-01-16 22:40:56.053000000,2025-01-16 22:40:56.053000000,147
2218,SO086,2493AY,,,SO,09,SOUTHERN,0907,KAZUNGULA,09071,KATOMBOLA,0907116,SIMANGO,09071161006,,Rural,76,297,init1,,OKAY,,,2025-01-16 22:40:56.053000000,2025-01-16 22:40:56.053000000,147
2219,SO085,2493AY,,,SO,09,SOUTHERN,0907,KAZUNGULA,09071,KATOMBOLA,0907116,SIMANGO,09071161008,,Rural,153,724,init1,,OKAY,,,2025-01-16 22:40:56.053000000,2025-01-16 22:40:56.053000000,147
2220,SO084,2493AY,,,SO,09,SOUTHERN,0907,KAZUNGULA,09071,KATOMBOLA,0907116,SIMANGO,09071161009,,Rural,138,659,init1,,OKAY,,,2025-01-16 22:40:56.053000000,2025-01-16 22:40:56.053000000,147
2221,SO083,2493AY,,,SO,09,SOUTHERN,0907,KAZUNGULA,09071,KATOMBOLA,0907116,SIMANGO,09071161011,,Rural,119,513,init1,,OKAY,,,2025-01-16 22:40:56.053000000,2025-01-16 22:40:56.053000000,147
2222,SO082,2493AY,,,SO,09,SOUTHERN,0907,KAZUNGULA,09071,KATOMBOLA,0907116,SIMANGO,09071161012,,Rural,85,336,init1,,OKAY,,,2025-01-16 22:40:56.053000000,2025-01-16 22:40:56.053000000,147
2223,SO081,2493AY,,,SO,09,SOUTHERN,0907,KAZUNGULA,09071,KATOMBOLA,0907116,SIMANGO,09071161013,,Rural,162,847,init1,,OKAY,,,2025-01-16 22:40:56.053000000,2025-01-16 22:40:56.053000000,147
2224,SO080,1434KC,,,SO,09,SOUTHERN,0911,NAMWALA,09111,NAMWALA,0911101,BAAMBWE,09111011001,,Rural,89,371,init1,,OKAY,,,2025-01-16 22:40:56.053000000,2025-01-16 22:40:56.053000000,228
2225,SO079,1434KC,,,SO,09,SOUTHERN,0911,NAMWALA,09111,NAMWALA,0911101,BAAMBWE,09111011002,,Rural,84,447,init1,,OKAY,,,2025-01-16 22:40:56.053000000,2025-01-16 22:40:56.053000000,228
2226,SO078,1434KC,,,SO,09,SOUTHERN,0911,NAMWALA,09111,NAMWALA,0911101,BAAMBWE,09111011004,,Rural,93,432,init1,,OKAY,,,2025-01-16 22:40:56.053000000,2025-01-16 22:40:56.053000000,228
2227,SO077,1434KC,,,SO,09,SOUTHERN,0911,NAMWALA,09111,NAMWALA,0911101,BAAMBWE,09111011005,,Rural,84,418,init1,,OKAY,,,2025-01-16 22:40:56.053000000,2025-01-16 22:40:56.053000000,228
2228,SO076,1434KC,,,SO,09,SOUTHERN,0911,NAMWALA,09111,NAMWALA,0911101,BAAMBWE,09111011007,,Rural,84,424,init1,,OKAY,,,2025-01-16 22:40:56.053000000,2025-01-16 22:40:56.053000000,228
2229,SO075,1434KC,,,SO,09,SOUTHERN,0911,NAMWALA,09111,NAMWALA,0911101,BAAMBWE,09111011008,,Rural,87,425,init1,,OKAY,,,2025-01-16 22:40:56.053000000,2025-01-16 22:40:56.053000000,228
2230,SO074,1434KC,,,SO,09,SOUTHERN,0911,NAMWALA,09111,NAMWALA,0911101,BAAMBWE,09111011010,,Rural,96,514,init1,,OKAY,,,2025-01-16 22:40:56.053000000,2025-01-16 22:40:56.053000000,228
2231,SO073,1434KC,,,SO,09,SOUTHERN,0911,NAMWALA,09111,NAMWALA,0911101,BAAMBWE,09111011011,,Rural,90,422,init1,,OKAY,,,2025-01-16 22:40:56.053000000,2025-01-16 22:40:56.053000000,228
2232,SO072,1434KC,,,SO,09,SOUTHERN,0911,NAMWALA,09111,NAMWALA,0911101,BAAMBWE,09111011013,,Rural,103,451,init1,,OKAY,,,2025-01-16 22:40:56.053000000,2025-01-16 22:40:56.053000000,228
2233,SO071,1434KC,,,SO,09,SOUTHERN,0911,NAMWALA,09111,NAMWALA,0911101,BAAMBWE,09111011014,,Rural,105,532,init1,,OKAY,,,2025-01-16 22:40:56.053000000,2025-01-16 22:40:56.053000000,228
2234,SO070,1855SH,,,SO,09,SOUTHERN,0911,NAMWALA,09111,NAMWALA,0911104,ITAPA,09111041002,,Rural,85,596,init1,,OKAY,,,2025-01-16 22:40:56.053000000,2025-01-16 22:40:56.053000000,72
2235,SO069,1855SH,,,SO,09,SOUTHERN,0911,NAMWALA,09111,NAMWALA,0911104,ITAPA,09111041004,,Rural,101,874,init1,,OKAY,,,2025-01-16 22:40:56.053000000,2025-01-16 22:40:56.053000000,72
2236,SO068,1855SH,,,SO,09,SOUTHERN,0911,NAMWALA,09111,NAMWALA,0911104,ITAPA,09111041006,,Rural,128,987,init1,,OKAY,,,2025-01-16 22:40:56.053000000,2025-01-16 22:40:56.053000000,72
2237,SO067,1855SH,,,SO,09,SOUTHERN,0911,NAMWALA,09111,NAMWALA,0911104,ITAPA,09111041008,,Rural,106,752,init1,,OKAY,,,2025-01-16 22:40:56.053000000,2025-01-16 22:40:56.053000000,72
2238,SO066,1855SH,,,SO,09,SOUTHERN,0911,NAMWALA,09111,NAMWALA,0911104,ITAPA,09111041010,,Rural,126,848,init1,,OKAY,,,2025-01-16 22:40:56.053000000,2025-01-16 22:40:56.053000000,72
2239,SO065,1855SH,,,SO,09,SOUTHERN,0911,NAMWALA,09111,NAMWALA,0911104,ITAPA,09111041012,,Rural,142,673,init1,,OKAY,,,2025-01-16 22:40:56.053000000,2025-01-16 22:40:56.053000000,72
2240,SO064,1855SH,,,SO,09,SOUTHERN,0911,NAMWALA,09111,NAMWALA,0911104,ITAPA,09111041014,,Rural,103,698,init1,,OKAY,,,2025-01-16 22:40:56.053000000,2025-01-16 22:40:56.053000000,72
2241,SO063,1855SH,,,SO,09,SOUTHERN,0911,NAMWALA,09111,NAMWALA,0911104,ITAPA,09111041016,,Rural,157,1107,init1,,OKAY,,,2025-01-16 22:40:56.053000000,2025-01-16 22:40:56.053000000,72
2242,SO062,1855SH,,,SO,09,SOUTHERN,0911,NAMWALA,09111,NAMWALA,0911104,ITAPA,09111041018,,Rural,122,862,init1,,OKAY,,,2025-01-16 22:40:56.053000000,2025-01-16 22:40:56.053000000,72
2243,SO061,1855SH,,,SO,09,SOUTHERN,0911,NAMWALA,09111,NAMWALA,0911104,ITAPA,09111041019,,Rural,90,615,init1,,OKAY,,,2025-01-16 22:40:56.053000000,2025-01-16 22:40:56.053000000,72
2244,SO060,1898CG,,,SO,09,SOUTHERN,0911,NAMWALA,09111,NAMWALA,0911106,KANTENGWA,09111061001,,Rural,120,707,init1,,OKAY,,,2025-01-16 22:40:56.053000000,2025-01-16 22:40:56.053000000,174
2245,SO059,1898CG,,,SO,09,SOUTHERN,0911,NAMWALA,09111,NAMWALA,0911106,KANTENGWA,09111061003,,Rural,115,575,init1,,OKAY,,,2025-01-16 22:40:56.053000000,2025-01-16 22:40:56.053000000,174
2246,SO058,1898CG,,,SO,09,SOUTHERN,0911,NAMWALA,09111,NAMWALA,0911106,KANTENGWA,09111061004,,Rural,117,636,init1,,OKAY,,,2025-01-16 22:40:56.053000000,2025-01-16 22:40:56.053000000,174
2247,SO057,1898CG,,,SO,09,SOUTHERN,0911,NAMWALA,09111,NAMWALA,0911106,KANTENGWA,09111061005,,Rural,169,753,init1,,OKAY,,,2025-01-16 22:40:56.053000000,2025-01-16 22:40:56.053000000,174
2248,SO056,1898CG,,,SO,09,SOUTHERN,0911,NAMWALA,09111,NAMWALA,0911106,KANTENGWA,09111061007,,Rural,99,511,init1,,OKAY,,,2025-01-16 22:40:56.053000000,2025-01-16 22:40:56.053000000,174
2249,SO055,1898CG,,,SO,09,SOUTHERN,0911,NAMWALA,09111,NAMWALA,0911106,KANTENGWA,09111061008,,Rural,98,544,init1,,OKAY,,,2025-01-16 22:40:56.053000000,2025-01-16 22:40:56.053000000,174
2250,SO054,1898CG,,,SO,09,SOUTHERN,0911,NAMWALA,09111,NAMWALA,0911106,KANTENGWA,09111061010,,Rural,118,565,init1,,OKAY,,,2025-01-16 22:40:56.053000000,2025-01-16 22:40:56.053000000,174
2251,SO053,1898CG,,,SO,09,SOUTHERN,0911,NAMWALA,09111,NAMWALA,0911106,KANTENGWA,09111061011,,Rural,99,605,init1,,OKAY,,,2025-01-16 22:40:56.053000000,2025-01-16 22:40:56.053000000,174
2252,SO052,1898CG,,,SO,09,SOUTHERN,0911,NAMWALA,09111,NAMWALA,0911106,KANTENGWA,09111061012,,Rural,86,512,init1,,OKAY,,,2025-01-16 22:40:56.053000000,2025-01-16 22:40:56.053000000,174
2253,SO051,1898CG,,,SO,09,SOUTHERN,0911,NAMWALA,09111,NAMWALA,0911106,KANTENGWA,09111061014,,Rural,118,561,init1,,OKAY,,,2025-01-16 22:40:56.053000000,2025-01-16 22:40:56.053000000,174
2254,SO050,3267HF,,,SO,09,SOUTHERN,0911,NAMWALA,09111,NAMWALA,0911108,MANDONDO,09111081001,,Rural,82,481,init1,,OKAY,,,2025-01-16 22:40:56.053000000,2025-01-16 22:40:56.053000000,206
2255,SO049,3267HF,,,SO,09,SOUTHERN,0911,NAMWALA,09111,NAMWALA,0911108,MANDONDO,09111081003,,Rural,98,554,init1,,OKAY,,,2025-01-16 22:40:56.053000000,2025-01-16 22:40:56.053000000,206
2256,SO048,3267HF,,,SO,09,SOUTHERN,0911,NAMWALA,09111,NAMWALA,0911108,MANDONDO,09111081005,,Rural,84,522,init1,,OKAY,,,2025-01-16 22:40:56.053000000,2025-01-16 22:40:56.053000000,206
2257,SO047,3267HF,,,SO,09,SOUTHERN,0911,NAMWALA,09111,NAMWALA,0911108,MANDONDO,09111081008,,Rural,124,446,init1,,OKAY,,,2025-01-16 22:40:56.053000000,2025-01-16 22:40:56.053000000,206
2258,SO046,3267HF,,,SO,09,SOUTHERN,0911,NAMWALA,09111,NAMWALA,0911108,MANDONDO,09111081010,,Rural,87,382,init1,,OKAY,,,2025-01-16 22:40:56.053000000,2025-01-16 22:40:56.053000000,206
2259,SO045,3267HF,,,SO,09,SOUTHERN,0911,NAMWALA,09111,NAMWALA,0911108,MANDONDO,09111081012,,Rural,114,579,init1,,OKAY,,,2025-01-16 22:40:56.053000000,2025-01-16 22:40:56.053000000,206
2260,SO044,3267HF,,,SO,09,SOUTHERN,0911,NAMWALA,09111,NAMWALA,0911108,MANDONDO,09111081014,,Rural,86,475,init1,,OKAY,,,2025-01-16 22:40:56.053000000,2025-01-16 22:40:56.053000000,206
2261,SO043,3267HF,,,SO,09,SOUTHERN,0911,NAMWALA,09111,NAMWALA,0911108,MANDONDO,09111081017,,Rural,103,641,init1,,OKAY,,,2025-01-16 22:40:56.053000000,2025-01-16 22:40:56.053000000,206
2262,SO042,3267HF,,,SO,09,SOUTHERN,0911,NAMWALA,09111,NAMWALA,0911108,MANDONDO,09111081019,,Rural,105,446,init1,,OKAY,,,2025-01-16 22:40:56.053000000,2025-01-16 22:40:56.053000000,206
2263,SO041,3267HF,,,SO,09,SOUTHERN,0911,NAMWALA,09111,NAMWALA,0911108,MANDONDO,09111081021,,Rural,86,387,init1,,OKAY,,,2025-01-16 22:40:56.053000000,2025-01-16 22:40:56.053000000,206
2264,SO040,3199NZ,,,SO,09,SOUTHERN,0911,NAMWALA,09111,NAMWALA,0911110,MOOBOLA,09111101001,,Rural,105,722,init1,,OKAY,,,2025-01-16 22:40:56.053000000,2025-01-16 22:40:56.053000000,81
2265,SO039,3199NZ,,,SO,09,SOUTHERN,0911,NAMWALA,09111,NAMWALA,0911110,MOOBOLA,09111101004,,Rural,83,522,init1,,OKAY,,,2025-01-16 22:40:56.053000000,2025-01-16 22:40:56.053000000,81
2266,SO038,3199NZ,,,SO,09,SOUTHERN,0911,NAMWALA,09111,NAMWALA,0911110,MOOBOLA,09111101007,,Rural,89,496,init1,,OKAY,,,2025-01-16 22:40:56.053000000,2025-01-16 22:40:56.053000000,81
2267,SO037,3199NZ,,,SO,09,SOUTHERN,0911,NAMWALA,09111,NAMWALA,0911110,MOOBOLA,09111101010,,Rural,84,541,init1,,OKAY,,,2025-01-16 22:40:56.053000000,2025-01-16 22:40:56.053000000,81
2268,SO036,3199NZ,,,SO,09,SOUTHERN,0911,NAMWALA,09111,NAMWALA,0911110,MOOBOLA,09111101012,,Rural,82,552,init1,,OKAY,,,2025-01-16 22:40:56.053000000,2025-01-16 22:40:56.053000000,81
2269,SO035,3199NZ,,,SO,09,SOUTHERN,0911,NAMWALA,09111,NAMWALA,0911110,MOOBOLA,09111101015,,Rural,105,544,init1,,OKAY,,,2025-01-16 22:40:56.053000000,2025-01-16 22:40:56.053000000,81
2270,SO034,3199NZ,,,SO,09,SOUTHERN,0911,NAMWALA,09111,NAMWALA,0911110,MOOBOLA,09111101018,,Rural,101,628,init1,,OKAY,,,2025-01-16 22:40:56.053000000,2025-01-16 22:40:56.053000000,81
2271,SO033,3199NZ,,,SO,09,SOUTHERN,0911,NAMWALA,09111,NAMWALA,0911110,MOOBOLA,09111101020,,Rural,90,517,init1,,OKAY,,,2025-01-16 22:40:56.053000000,2025-01-16 22:40:56.053000000,81
2272,SO032,3199NZ,,,SO,09,SOUTHERN,0911,NAMWALA,09111,NAMWALA,0911110,MOOBOLA,09111101023,,Rural,89,681,init1,,OKAY,,,2025-01-16 22:40:56.053000000,2025-01-16 22:40:56.053000000,81
2273,SO031,3199NZ,,,SO,09,SOUTHERN,0911,NAMWALA,09111,NAMWALA,0911110,MOOBOLA,09111101026,,Rural,80,619,init1,,OKAY,,,2025-01-16 22:40:56.053000000,2025-01-16 22:40:56.053000000,81
2274,SO030,2329AR,,,SO,09,SOUTHERN,0911,NAMWALA,09111,NAMWALA,0911111,NAKAMBOMA,09111111002,,Rural,82,520,init1,,OKAY,,,2025-01-16 22:40:56.053000000,2025-01-16 22:40:56.053000000,249
2275,SO029,2329AR,,,SO,09,SOUTHERN,0911,NAMWALA,09111,NAMWALA,0911111,NAKAMBOMA,09111111005,,Rural,102,807,init1,,OKAY,,,2025-01-16 22:40:56.053000000,2025-01-16 22:40:56.053000000,249
2276,SO028,2329AR,,,SO,09,SOUTHERN,0911,NAMWALA,09111,NAMWALA,0911111,NAKAMBOMA,09111111007,,Rural,78,537,init1,,OKAY,,,2025-01-16 22:40:56.053000000,2025-01-16 22:40:56.053000000,249
2277,SO027,2329AR,,,SO,09,SOUTHERN,0911,NAMWALA,09111,NAMWALA,0911111,NAKAMBOMA,09111111010,,Rural,121,716,init1,,OKAY,,,2025-01-16 22:40:56.053000000,2025-01-16 22:40:56.053000000,249
2278,SO026,2329AR,,,SO,09,SOUTHERN,0911,NAMWALA,09111,NAMWALA,0911111,NAKAMBOMA,09111111012,,Rural,90,554,init1,,OKAY,,,2025-01-16 22:40:56.053000000,2025-01-16 22:40:56.053000000,249
2279,SO025,2329AR,,,SO,09,SOUTHERN,0911,NAMWALA,09111,NAMWALA,0911111,NAKAMBOMA,09111111015,,Rural,99,614,init1,,OKAY,,,2025-01-16 22:40:56.053000000,2025-01-16 22:40:56.053000000,249
2280,SO024,2329AR,,,SO,09,SOUTHERN,0911,NAMWALA,09111,NAMWALA,0911111,NAKAMBOMA,09111111018,,Rural,149,1057,init1,,OKAY,,,2025-01-16 22:40:56.053000000,2025-01-16 22:40:56.053000000,249
2281,SO023,2329AR,,,SO,09,SOUTHERN,0911,NAMWALA,09111,NAMWALA,0911111,NAKAMBOMA,09111111020,,Rural,90,512,init1,,OKAY,,,2025-01-16 22:40:56.053000000,2025-01-16 22:40:56.053000000,249
2282,SO022,2329AR,,,SO,09,SOUTHERN,0911,NAMWALA,09111,NAMWALA,0911111,NAKAMBOMA,09111111023,,Rural,78,417,init1,,OKAY,,,2025-01-16 22:40:56.053000000,2025-01-16 22:40:56.053000000,249
2283,SO021,2329AR,,,SO,09,SOUTHERN,0911,NAMWALA,09111,NAMWALA,0911111,NAKAMBOMA,09111111025,,Rural,82,470,init1,,OKAY,,,2025-01-16 22:40:56.053000000,2025-01-16 22:40:56.053000000,249
2284,SO020,2015GR,,,SO,09,SOUTHERN,0911,NAMWALA,09111,NAMWALA,0911113,NAMUSONDE,09111131002,,Rural,75,441,init1,,OKAY,,,2025-01-16 22:40:56.053000000,2025-01-16 22:40:56.053000000,238
2285,SO019,2015GR,,,SO,09,SOUTHERN,0911,NAMWALA,09111,NAMWALA,0911113,NAMUSONDE,09111131003,,Rural,112,597,init1,,OKAY,,,2025-01-16 22:40:56.053000000,2025-01-16 22:40:56.053000000,238
2286,SO018,2015GR,,,SO,09,SOUTHERN,0911,NAMWALA,09111,NAMWALA,0911113,NAMUSONDE,09111131004,,Rural,83,529,init1,,OKAY,,,2025-01-16 22:40:56.053000000,2025-01-16 22:40:56.053000000,238
2287,SO017,2015GR,,,SO,09,SOUTHERN,0911,NAMWALA,09111,NAMWALA,0911113,NAMUSONDE,09111131006,,Rural,119,628,init1,,OKAY,,,2025-01-16 22:40:56.053000000,2025-01-16 22:40:56.053000000,238
2288,SO016,2015GR,,,SO,09,SOUTHERN,0911,NAMWALA,09111,NAMWALA,0911113,NAMUSONDE,09111131007,,Rural,81,466,init1,,OKAY,,,2025-01-16 22:40:56.053000000,2025-01-16 22:40:56.053000000,238
2289,SO015,2015GR,,,SO,09,SOUTHERN,0911,NAMWALA,09111,NAMWALA,0911113,NAMUSONDE,09111131008,,Rural,82,419,init1,,OKAY,,,2025-01-16 22:40:56.053000000,2025-01-16 22:40:56.053000000,238
2290,SO014,2015GR,,,SO,09,SOUTHERN,0911,NAMWALA,09111,NAMWALA,0911113,NAMUSONDE,09111131009,,Rural,155,803,init1,,OKAY,,,2025-01-16 22:40:56.053000000,2025-01-16 22:40:56.053000000,238
2291,SO013,2015GR,,,SO,09,SOUTHERN,0911,NAMWALA,09111,NAMWALA,0911113,NAMUSONDE,09111131011,,Rural,104,565,init1,,OKAY,,,2025-01-16 22:40:56.053000000,2025-01-16 22:40:56.053000000,238
2292,SO012,2015GR,,,SO,09,SOUTHERN,0911,NAMWALA,09111,NAMWALA,0911113,NAMUSONDE,09111131012,,Rural,78,458,init1,,OKAY,,,2025-01-16 22:40:56.053000000,2025-01-16 22:40:56.053000000,238
2293,SO011,2015GR,,,SO,09,SOUTHERN,0911,NAMWALA,09111,NAMWALA,0911113,NAMUSONDE,09111131013,,Rural,89,549,init1,,OKAY,,,2025-01-16 22:40:56.053000000,2025-01-16 22:40:56.053000000,238
2294,SO010,1005HY,,,SO,09,SOUTHERN,0911,NAMWALA,09111,NAMWALA,0911115,NDEMA,09111151001,,Rural,116,670,init1,,OKAY,,,2025-01-16 22:40:56.053000000,2025-01-16 22:40:56.053000000,243
2295,SO009,1005HY,,,SO,09,SOUTHERN,0911,NAMWALA,09111,NAMWALA,0911115,NDEMA,09111151002,,Rural,112,664,init1,,OKAY,,,2025-01-16 22:40:56.053000000,2025-01-16 22:40:56.053000000,243
2296,SO008,1005HY,,,SO,09,SOUTHERN,0911,NAMWALA,09111,NAMWALA,0911115,NDEMA,09111151004,,Rural,98,689,init1,,OKAY,,,2025-01-16 22:40:56.053000000,2025-01-16 22:40:56.053000000,243
2297,SO007,1005HY,,,SO,09,SOUTHERN,0911,NAMWALA,09111,NAMWALA,0911115,NDEMA,09111151005,,Rural,88,533,init1,,OKAY,,,2025-01-16 22:40:56.053000000,2025-01-16 22:40:56.053000000,243
2298,SO006,1005HY,,,SO,09,SOUTHERN,0911,NAMWALA,09111,NAMWALA,0911115,NDEMA,09111151007,,Rural,111,802,init1,,OKAY,,,2025-01-16 22:40:56.053000000,2025-01-16 22:40:56.053000000,243
2299,SO005,1005HY,,,SO,09,SOUTHERN,0911,NAMWALA,09111,NAMWALA,0911115,NDEMA,09111151008,,Rural,87,535,init1,,OKAY,,,2025-01-16 22:40:56.053000000,2025-01-16 22:40:56.053000000,243
2300,SO004,1005HY,,,SO,09,SOUTHERN,0911,NAMWALA,09111,NAMWALA,0911115,NDEMA,09111151010,,Rural,112,756,init1,,OKAY,,,2025-01-16 22:40:56.053000000,2025-01-16 22:40:56.053000000,243
2301,SO003,1005HY,,,SO,09,SOUTHERN,0911,NAMWALA,09111,NAMWALA,0911115,NDEMA,09111151011,,Rural,112,764,init1,,OKAY,,,2025-01-16 22:40:56.053000000,2025-01-16 22:40:56.053000000,243
2302,SO002,1005HY,,,SO,09,SOUTHERN,0911,NAMWALA,09111,NAMWALA,0911115,NDEMA,09111151013,,Rural,79,470,init1,,OKAY,,,2025-01-16 22:40:56.053000000,2025-01-16 22:40:56.053000000,243
2303,SO001,1005HY,,,SO,09,SOUTHERN,0911,NAMWALA,09111,NAMWALA,0911115,NDEMA,09111151014,,Rural,99,638,init1,,OKAY,,,2025-01-16 22:40:56.053000000,2025-01-16 22:40:56.053000000,243
2304,WE187,1572RS,,,WE,10,WESTERN,1004,LUAMPA,10041,LUAMPA,1004101,INKUNIKILA,10041011001,,Rural,59,323,init1,,OKAY,,,2025-01-16 22:40:56.053000000,2025-01-16 22:40:56.053000000,42
2305,WE186,1572RS,,,WE,10,WESTERN,1004,LUAMPA,10041,LUAMPA,1004101,INKUNIKILA,10041011002,,Rural,70,379,init1,,OKAY,,,2025-01-16 22:40:56.053000000,2025-01-16 22:40:56.053000000,42
2306,WE185,1572RS,,,WE,10,WESTERN,1004,LUAMPA,10041,LUAMPA,1004101,INKUNIKILA,10041011003,,Rural,31,216,init1,,VAST EA,,,2025-01-16 22:40:56.053000000,2025-01-16 22:40:56.053000000,42
2307,WE184,1572RS,,,WE,10,WESTERN,1004,LUAMPA,10041,LUAMPA,1004101,INKUNIKILA,10041011004,,Rural,73,390,init1,,OKAY,,,2025-01-16 22:40:56.053000000,2025-01-16 22:40:56.053000000,42
2308,WE183,1572RS,,,WE,10,WESTERN,1004,LUAMPA,10041,LUAMPA,1004101,INKUNIKILA,10041011005,,Rural,80,426,init1,,OKAY,,,2025-01-16 22:40:56.053000000,2025-01-16 22:40:56.053000000,42
2309,WE182,1572RS,,,WE,10,WESTERN,1004,LUAMPA,10041,LUAMPA,1004101,INKUNIKILA,10041011006,,Rural,43,206,init1,,VAST EA,,,2025-01-16 22:40:56.053000000,2025-01-16 22:40:56.053000000,42
2310,WE181,1572RS,,,WE,10,WESTERN,1004,LUAMPA,10041,LUAMPA,1004101,INKUNIKILA,10041011007,,Rural,47,280,init1,,VAST EA,,,2025-01-16 22:40:56.053000000,2025-01-16 22:40:56.053000000,42
2311,WE180,1572RS,,,WE,10,WESTERN,1004,LUAMPA,10041,LUAMPA,1004101,INKUNIKILA,10041011008,,Rural,35,204,init1,,VAST EA,,,2025-01-16 22:40:56.053000000,2025-01-16 22:40:56.053000000,42
2312,WE179,1572RS,,,WE,10,WESTERN,1004,LUAMPA,10041,LUAMPA,1004101,INKUNIKILA,10041011009,,Rural,65,300,init1,,OKAY,,,2025-01-16 22:40:56.053000000,2025-01-16 22:40:56.053000000,42
2313,WE178,1572RS,,,WE,10,WESTERN,1004,LUAMPA,10041,LUAMPA,1004101,INKUNIKILA,10041011010,,Rural,88,443,init1,,OKAY,,,2025-01-16 22:40:56.053000000,2025-01-16 22:40:56.053000000,42
2314,WE177,2867MZ,,,WE,10,WESTERN,1004,LUAMPA,10041,LUAMPA,1004103,LUAMPA,10041031002,,Rural,91,520,init1,,OKAY,,,2025-01-16 22:40:56.053000000,2025-01-16 22:40:56.053000000,133
2315,WE176,2867MZ,,,WE,10,WESTERN,1004,LUAMPA,10041,LUAMPA,1004103,LUAMPA,10041031003,,Rural,60,274,init1,,OKAY,,,2025-01-16 22:40:56.053000000,2025-01-16 22:40:56.053000000,133
2316,WE175,2867MZ,,,WE,10,WESTERN,1004,LUAMPA,10041,LUAMPA,1004103,LUAMPA,10041031005,,Rural,80,401,init1,,OKAY,,,2025-01-16 22:40:56.053000000,2025-01-16 22:40:56.053000000,133
2317,WE174,2867MZ,,,WE,10,WESTERN,1004,LUAMPA,10041,LUAMPA,1004103,LUAMPA,10041031007,,Rural,66,399,init1,,OKAY,,,2025-01-16 22:40:56.053000000,2025-01-16 22:40:56.053000000,133
2318,WE173,2867MZ,,,WE,10,WESTERN,1004,LUAMPA,10041,LUAMPA,1004103,LUAMPA,10041031008,,Rural,60,292,init1,,OKAY,,,2025-01-16 22:40:56.053000000,2025-01-16 22:40:56.053000000,133
2319,WE172,2867MZ,,,WE,10,WESTERN,1004,LUAMPA,10041,LUAMPA,1004103,LUAMPA,10041031010,,Rural,66,429,init1,,OKAY,,,2025-01-16 22:40:56.053000000,2025-01-16 22:40:56.053000000,133
2320,WE171,2867MZ,,,WE,10,WESTERN,1004,LUAMPA,10041,LUAMPA,1004103,LUAMPA,10041031013,,Rural,81,417,init1,,OKAY,,,2025-01-16 22:40:56.053000000,2025-01-16 22:40:56.053000000,133
2321,WE170,2867MZ,,,WE,10,WESTERN,1004,LUAMPA,10041,LUAMPA,1004103,LUAMPA,10041031016,,Rural,79,430,init1,,OKAY,,,2025-01-16 22:40:56.053000000,2025-01-16 22:40:56.053000000,133
2322,WE169,2867MZ,,,WE,10,WESTERN,1004,LUAMPA,10041,LUAMPA,1004103,LUAMPA,10041032012,,Urban,67,293,init1,,OKAY,,,2025-01-16 22:40:56.053000000,2025-01-16 22:40:56.053000000,133
2323,WE168,2867MZ,,,WE,10,WESTERN,1004,LUAMPA,10041,LUAMPA,1004103,LUAMPA,10041032015,,Urban,70,248,init1,,OKAY,,,2025-01-16 22:40:56.053000000,2025-01-16 22:40:56.053000000,133
2324,WE167,1113KZ,,,WE,10,WESTERN,1004,LUAMPA,10041,LUAMPA,1004106,MBANYUTU,10041061002,,Rural,66,370,init1,,OKAY,,,2025-01-16 22:40:56.053000000,2025-01-16 22:40:56.053000000,73
2325,WE166,1113KZ,,,WE,10,WESTERN,1004,LUAMPA,10041,LUAMPA,1004106,MBANYUTU,10041061003,,Rural,81,391,init1,,OKAY,,,2025-01-16 22:40:56.053000000,2025-01-16 22:40:56.053000000,73
2326,WE165,1113KZ,,,WE,10,WESTERN,1004,LUAMPA,10041,LUAMPA,1004106,MBANYUTU,10041061005,,Rural,86,421,init1,,OKAY,,,2025-01-16 22:40:56.053000000,2025-01-16 22:40:56.053000000,73
2327,WE164,1113KZ,,,WE,10,WESTERN,1004,LUAMPA,10041,LUAMPA,1004106,MBANYUTU,10041061006,,Rural,88,477,init1,,OKAY,,,2025-01-16 22:40:56.053000000,2025-01-16 22:40:56.053000000,73
2328,WE163,1113KZ,,,WE,10,WESTERN,1004,LUAMPA,10041,LUAMPA,1004106,MBANYUTU,10041061008,,Rural,83,377,init1,,OKAY,,,2025-01-16 22:40:56.053000000,2025-01-16 22:40:56.053000000,73
2329,WE162,1113KZ,,,WE,10,WESTERN,1004,LUAMPA,10041,LUAMPA,1004106,MBANYUTU,10041061009,,Rural,106,507,init1,,OKAY,,,2025-01-16 22:40:56.053000000,2025-01-16 22:40:56.053000000,73
2330,WE161,1113KZ,,,WE,10,WESTERN,1004,LUAMPA,10041,LUAMPA,1004106,MBANYUTU,10041061011,,Rural,96,443,init1,,OKAY,,,2025-01-16 22:40:56.053000000,2025-01-16 22:40:56.053000000,73
2331,WE160,1113KZ,,,WE,10,WESTERN,1004,LUAMPA,10041,LUAMPA,1004106,MBANYUTU,10041061012,,Rural,112,481,init1,,OKAY,,,2025-01-16 22:40:56.053000000,2025-01-16 22:40:56.053000000,73
2332,WE159,1113KZ,,,WE,10,WESTERN,1004,LUAMPA,10041,LUAMPA,1004106,MBANYUTU,10041061014,,Rural,64,271,init1,,OKAY,,,2025-01-16 22:40:56.053000000,2025-01-16 22:40:56.053000000,73
2333,WE158,1113KZ,,,WE,10,WESTERN,1004,LUAMPA,10041,LUAMPA,1004106,MBANYUTU,10041061015,,Rural,90,509,init1,,OKAY,,,2025-01-16 22:40:56.053000000,2025-01-16 22:40:56.053000000,73
2334,WE157,1463FR,,,WE,10,WESTERN,1004,LUAMPA,10041,LUAMPA,1004108,MWANAWASA,10041081002,,Rural,88,460,init1,,OKAY,,,2025-01-16 22:40:56.053000000,2025-01-16 22:40:56.053000000,54
2335,WE156,1463FR,,,WE,10,WESTERN,1004,LUAMPA,10041,LUAMPA,1004108,MWANAWASA,10041081004,,Rural,97,500,init1,,OKAY,,,2025-01-16 22:40:56.053000000,2025-01-16 22:40:56.053000000,54
2336,WE155,1463FR,,,WE,10,WESTERN,1004,LUAMPA,10041,LUAMPA,1004108,MWANAWASA,10041081006,,Rural,78,406,init1,,OKAY,,,2025-01-16 22:40:56.053000000,2025-01-16 22:40:56.053000000,54
2337,WE154,1463FR,,,WE,10,WESTERN,1004,LUAMPA,10041,LUAMPA,1004108,MWANAWASA,10041081008,,Rural,68,380,init1,,OKAY,,,2025-01-16 22:40:56.053000000,2025-01-16 22:40:56.053000000,54
2338,WE153,1463FR,,,WE,10,WESTERN,1004,LUAMPA,10041,LUAMPA,1004108,MWANAWASA,10041081010,,Rural,83,365,init1,,OKAY,,,2025-01-16 22:40:56.053000000,2025-01-16 22:40:56.053000000,54
2339,WE152,1463FR,,,WE,10,WESTERN,1004,LUAMPA,10041,LUAMPA,1004108,MWANAWASA,10041081013,,Rural,57,262,init1,,OKAY,,,2025-01-16 22:40:56.053000000,2025-01-16 22:40:56.053000000,54
2340,WE151,1463FR,,,WE,10,WESTERN,1004,LUAMPA,10041,LUAMPA,1004108,MWANAWASA,10041081015,,Rural,109,406,init1,,OKAY,,,2025-01-16 22:40:56.053000000,2025-01-16 22:40:56.053000000,54
2341,WE150,1463FR,,,WE,10,WESTERN,1004,LUAMPA,10041,LUAMPA,1004108,MWANAWASA,10041081017,,Rural,89,432,init1,,OKAY,,,2025-01-16 22:40:56.053000000,2025-01-16 22:40:56.053000000,54
2342,WE149,1463FR,,,WE,10,WESTERN,1004,LUAMPA,10041,LUAMPA,1004108,MWANAWASA,10041081019,,Rural,47,270,init1,,VAST EA,,,2025-01-16 22:40:56.053000000,2025-01-16 22:40:56.053000000,54
2343,WE148,1463FR,,,WE,10,WESTERN,1004,LUAMPA,10041,LUAMPA,1004108,MWANAWASA,10041081021,,Rural,89,434,init1,,OKAY,,,2025-01-16 22:40:56.053000000,2025-01-16 22:40:56.053000000,54
2344,WE147,2844PZ,,,WE,10,WESTERN,1004,LUAMPA,10041,LUAMPA,1004110,NAMANDO,10041101001,,Rural,48,208,init1,,VAST EA,,,2025-01-16 22:40:56.053000000,2025-01-16 22:40:56.053000000,150
2345,WE146,2844PZ,,,WE,10,WESTERN,1004,LUAMPA,10041,LUAMPA,1004110,NAMANDO,10041101003,,Rural,47,281,init1,,VAST EA,,,2025-01-16 22:40:56.053000000,2025-01-16 22:40:56.053000000,150
2346,WE145,2844PZ,,,WE,10,WESTERN,1004,LUAMPA,10041,LUAMPA,1004110,NAMANDO,10041101005,,Rural,57,346,init1,,OKAY,,,2025-01-16 22:40:56.053000000,2025-01-16 22:40:56.053000000,150
2347,WE144,2844PZ,,,WE,10,WESTERN,1004,LUAMPA,10041,LUAMPA,1004110,NAMANDO,10041101007,,Rural,79,407,init1,,OKAY,,,2025-01-16 22:40:56.053000000,2025-01-16 22:40:56.053000000,150
2348,WE143,2844PZ,,,WE,10,WESTERN,1004,LUAMPA,10041,LUAMPA,1004110,NAMANDO,10041101009,,Rural,64,301,init1,,OKAY,,,2025-01-16 22:40:56.053000000,2025-01-16 22:40:56.053000000,150
2349,WE142,2844PZ,,,WE,10,WESTERN,1004,LUAMPA,10041,LUAMPA,1004110,NAMANDO,10041101011,,Rural,56,256,init1,,OKAY,,,2025-01-16 22:40:56.053000000,2025-01-16 22:40:56.053000000,150
2350,WE141,2844PZ,,,WE,10,WESTERN,1004,LUAMPA,10041,LUAMPA,1004110,NAMANDO,10041101014,,Rural,80,389,init1,,OKAY,,,2025-01-16 22:40:56.053000000,2025-01-16 22:40:56.053000000,150
2351,WE140,2844PZ,,,WE,10,WESTERN,1004,LUAMPA,10041,LUAMPA,1004110,NAMANDO,10041101016,,Rural,79,368,init1,,OKAY,,,2025-01-16 22:40:56.053000000,2025-01-16 22:40:56.053000000,150
2352,WE139,2844PZ,,,WE,10,WESTERN,1004,LUAMPA,10041,LUAMPA,1004110,NAMANDO,10041101018,,Rural,54,259,init1,,OKAY,,,2025-01-16 22:40:56.053000000,2025-01-16 22:40:56.053000000,150
2353,WE138,2844PZ,,,WE,10,WESTERN,1004,LUAMPA,10041,LUAMPA,1004110,NAMANDO,10041101020,,Rural,75,414,init1,,OKAY,,,2025-01-16 22:40:56.053000000,2025-01-16 22:40:56.053000000,150
2354,WE137,1577CY,,,WE,10,WESTERN,1004,LUAMPA,10041,LUAMPA,1004111,NKENGA,10041111001,,Rural,98,456,init1,,OKAY,,,2025-01-16 22:40:56.053000000,2025-01-16 22:40:56.053000000,41
2355,WE136,1577CY,,,WE,10,WESTERN,1004,LUAMPA,10041,LUAMPA,1004111,NKENGA,10041111003,,Rural,102,521,init1,,OKAY,,,2025-01-16 22:40:56.053000000,2025-01-16 22:40:56.053000000,41
2356,WE135,1577CY,,,WE,10,WESTERN,1004,LUAMPA,10041,LUAMPA,1004111,NKENGA,10041111005,,Rural,113,410,init1,,OKAY,,,2025-01-16 22:40:56.053000000,2025-01-16 22:40:56.053000000,41
2357,WE134,1577CY,,,WE,10,WESTERN,1004,LUAMPA,10041,LUAMPA,1004111,NKENGA,10041111007,,Rural,81,238,init1,,OKAY,,,2025-01-16 22:40:56.053000000,2025-01-16 22:40:56.053000000,41
2358,WE133,1577CY,,,WE,10,WESTERN,1004,LUAMPA,10041,LUAMPA,1004111,NKENGA,10041111009,,Rural,92,461,init1,,OKAY,,,2025-01-16 22:40:56.053000000,2025-01-16 22:40:56.053000000,41
2359,WE132,1577CY,,,WE,10,WESTERN,1004,LUAMPA,10041,LUAMPA,1004111,NKENGA,10041111011,,Rural,53,240,init1,,OKAY,,,2025-01-16 22:40:56.053000000,2025-01-16 22:40:56.053000000,41
2360,WE131,1577CY,,,WE,10,WESTERN,1004,LUAMPA,10041,LUAMPA,1004111,NKENGA,10041111014,,Rural,65,270,init1,,OKAY,,,2025-01-16 22:40:56.053000000,2025-01-16 22:40:56.053000000,41
2361,WE130,1577CY,,,WE,10,WESTERN,1004,LUAMPA,10041,LUAMPA,1004111,NKENGA,10041111016,,Rural,119,621,init1,,OKAY,,,2025-01-16 22:40:56.053000000,2025-01-16 22:40:56.053000000,41
2362,WE129,1577CY,,,WE,10,WESTERN,1004,LUAMPA,10041,LUAMPA,1004111,NKENGA,10041111018,,Rural,72,313,init1,,OKAY,,,2025-01-16 22:40:56.053000000,2025-01-16 22:40:56.053000000,41
2363,WE128,1577CY,,,WE,10,WESTERN,1004,LUAMPA,10041,LUAMPA,1004111,NKENGA,10041111020,,Rural,121,549,init1,,OKAY,,,2025-01-16 22:40:56.053000000,2025-01-16 22:40:56.053000000,41
2364,WE127,2219SC,,,WE,10,WESTERN,1010,NALOLO,10101,NALOLO,1010101,KAMBAI,10101011001,,Rural,84,333,init1,,OKAY,,,2025-01-16 22:40:56.053000000,2025-01-16 22:40:56.053000000,124
2365,WE126,2219SC,,,WE,10,WESTERN,1010,NALOLO,10101,NALOLO,1010101,KAMBAI,10101011003,,Rural,103,440,init1,,OKAY,,,2025-01-16 22:40:56.053000000,2025-01-16 22:40:56.053000000,124
2366,WE125,2219SC,,,WE,10,WESTERN,1010,NALOLO,10101,NALOLO,1010101,KAMBAI,10101011005,,Rural,93,381,init1,,OKAY,,,2025-01-16 22:40:56.053000000,2025-01-16 22:40:56.053000000,124
2367,WE124,2219SC,,,WE,10,WESTERN,1010,NALOLO,10101,NALOLO,1010101,KAMBAI,10101011007,,Rural,87,329,init1,,OKAY,,,2025-01-16 22:40:56.053000000,2025-01-16 22:40:56.053000000,124
2368,WE123,2219SC,,,WE,10,WESTERN,1010,NALOLO,10101,NALOLO,1010101,KAMBAI,10101011009,,Rural,108,375,init1,,OKAY,,,2025-01-16 22:40:56.053000000,2025-01-16 22:40:56.053000000,124
2369,WE122,2219SC,,,WE,10,WESTERN,1010,NALOLO,10101,NALOLO,1010101,KAMBAI,10101011011,,Rural,89,451,init1,,OKAY,,,2025-01-16 22:40:56.053000000,2025-01-16 22:40:56.053000000,124
2370,WE121,2219SC,,,WE,10,WESTERN,1010,NALOLO,10101,NALOLO,1010101,KAMBAI,10101011013,,Rural,101,444,init1,,OKAY,,,2025-01-16 22:40:56.053000000,2025-01-16 22:40:56.053000000,124
2371,WE120,2219SC,,,WE,10,WESTERN,1010,NALOLO,10101,NALOLO,1010101,KAMBAI,10101011014,,Rural,81,303,init1,,OKAY,,,2025-01-16 22:40:56.053000000,2025-01-16 22:40:56.053000000,124
2372,WE119,2219SC,,,WE,10,WESTERN,1010,NALOLO,10101,NALOLO,1010101,KAMBAI,10101011016,,Rural,89,342,init1,,OKAY,,,2025-01-16 22:40:56.053000000,2025-01-16 22:40:56.053000000,124
2373,WE118,2219SC,,,WE,10,WESTERN,1010,NALOLO,10101,NALOLO,1010101,KAMBAI,10101011018,,Rural,60,323,init1,,OKAY,,,2025-01-16 22:40:56.053000000,2025-01-16 22:40:56.053000000,124
2374,WE117,1693SH,,,WE,10,WESTERN,1010,NALOLO,10101,NALOLO,1010105,LYAMAKUMBA,10101051003,,Rural,95,459,init1,,OKAY,,,2025-01-16 22:40:56.053000000,2025-01-16 22:40:56.053000000,51
2375,WE116,1693SH,,,WE,10,WESTERN,1010,NALOLO,10101,NALOLO,1010105,LYAMAKUMBA,10101051006,,Rural,76,329,init1,,OKAY,,,2025-01-16 22:40:56.053000000,2025-01-16 22:40:56.053000000,51
2376,WE115,1693SH,,,WE,10,WESTERN,1010,NALOLO,10101,NALOLO,1010105,LYAMAKUMBA,10101051009,,Rural,56,275,init1,,OKAY,,,2025-01-16 22:40:56.053000000,2025-01-16 22:40:56.053000000,51
2377,WE114,1693SH,,,WE,10,WESTERN,1010,NALOLO,10101,NALOLO,1010105,LYAMAKUMBA,10101051012,,Rural,103,240,init1,,OKAY,,,2025-01-16 22:40:56.053000000,2025-01-16 22:40:56.053000000,51
2378,WE113,1693SH,,,WE,10,WESTERN,1010,NALOLO,10101,NALOLO,1010105,LYAMAKUMBA,10101051015,,Rural,75,299,init1,,OKAY,,,2025-01-16 22:40:56.053000000,2025-01-16 22:40:56.053000000,51
2379,WE112,1693SH,,,WE,10,WESTERN,1010,NALOLO,10101,NALOLO,1010105,LYAMAKUMBA,10101051018,,Rural,68,369,init1,,OKAY,,,2025-01-16 22:40:56.053000000,2025-01-16 22:40:56.053000000,51
2380,WE111,1693SH,,,WE,10,WESTERN,1010,NALOLO,10101,NALOLO,1010105,LYAMAKUMBA,10101051021,,Rural,66,355,init1,,OKAY,,,2025-01-16 22:40:56.053000000,2025-01-16 22:40:56.053000000,51
2381,WE110,1693SH,,,WE,10,WESTERN,1010,NALOLO,10101,NALOLO,1010105,LYAMAKUMBA,10101051024,,Rural,82,394,init1,,OKAY,,,2025-01-16 22:40:56.053000000,2025-01-16 22:40:56.053000000,51
2382,WE109,1693SH,,,WE,10,WESTERN,1010,NALOLO,10101,NALOLO,1010105,LYAMAKUMBA,10101051027,,Rural,58,304,init1,,OKAY,,,2025-01-16 22:40:56.053000000,2025-01-16 22:40:56.053000000,51
2383,WE108,1693SH,,,WE,10,WESTERN,1010,NALOLO,10101,NALOLO,1010105,LYAMAKUMBA,10101051031,,Rural,48,227,init1,,VAST EA,,,2025-01-16 22:40:56.053000000,2025-01-16 22:40:56.053000000,51
2384,WE107,1626NB,,,WE,10,WESTERN,1010,NALOLO,10101,NALOLO,1010106,MAKOKA,10101061002,,Rural,85,358,init1,,OKAY,,,2025-01-16 22:40:56.053000000,2025-01-16 22:40:56.053000000,179
2385,WE106,1626NB,,,WE,10,WESTERN,1010,NALOLO,10101,NALOLO,1010106,MAKOKA,10101061004,,Rural,107,441,init1,,OKAY,,,2025-01-16 22:40:56.053000000,2025-01-16 22:40:56.053000000,179
2386,WE105,1626NB,,,WE,10,WESTERN,1010,NALOLO,10101,NALOLO,1010106,MAKOKA,10101061006,,Rural,114,646,init1,,OKAY,,,2025-01-16 22:40:56.053000000,2025-01-16 22:40:56.053000000,179
2387,WE104,1626NB,,,WE,10,WESTERN,1010,NALOLO,10101,NALOLO,1010106,MAKOKA,10101061007,,Rural,91,474,init1,,OKAY,,,2025-01-16 22:40:56.053000000,2025-01-16 22:40:56.053000000,179
2388,WE103,1626NB,,,WE,10,WESTERN,1010,NALOLO,10101,NALOLO,1010106,MAKOKA,10101061009,,Rural,37,220,init1,,VAST EA,,,2025-01-16 22:40:56.053000000,2025-01-16 22:40:56.053000000,179
2389,WE102,1626NB,,,WE,10,WESTERN,1010,NALOLO,10101,NALOLO,1010106,MAKOKA,10101061011,,Rural,64,270,init1,,OKAY,,,2025-01-16 22:40:56.053000000,2025-01-16 22:40:56.053000000,179
2390,WE101,1626NB,,,WE,10,WESTERN,1010,NALOLO,10101,NALOLO,1010106,MAKOKA,10101061012,,Rural,91,413,init1,,OKAY,,,2025-01-16 22:40:56.053000000,2025-01-16 22:40:56.053000000,179
2391,WE100,1626NB,,,WE,10,WESTERN,1010,NALOLO,10101,NALOLO,1010106,MAKOKA,10101061014,,Rural,108,479,init1,,OKAY,,,2025-01-16 22:40:56.053000000,2025-01-16 22:40:56.053000000,179
2392,WE099,1626NB,,,WE,10,WESTERN,1010,NALOLO,10101,NALOLO,1010106,MAKOKA,10101061016,,Rural,94,389,init1,,OKAY,,,2025-01-16 22:40:56.053000000,2025-01-16 22:40:56.053000000,179
2393,WE098,1626NB,,,WE,10,WESTERN,1010,NALOLO,10101,NALOLO,1010106,MAKOKA,10101061017,,Rural,79,341,init1,,OKAY,,,2025-01-16 22:40:56.053000000,2025-01-16 22:40:56.053000000,179
2394,WE097,1901RM,,,WE,10,WESTERN,1010,NALOLO,10101,NALOLO,1010108,MUOYO,10101081002,,Rural,138,532,init1,,OKAY,,,2025-01-16 22:40:56.053000000,2025-01-16 22:40:56.053000000,85
2395,WE096,1901RM,,,WE,10,WESTERN,1010,NALOLO,10101,NALOLO,1010108,MUOYO,10101081004,,Rural,107,460,init1,,OKAY,,,2025-01-16 22:40:56.053000000,2025-01-16 22:40:56.053000000,85
2396,WE095,1901RM,,,WE,10,WESTERN,1010,NALOLO,10101,NALOLO,1010108,MUOYO,10101081007,,Rural,75,380,init1,,OKAY,,,2025-01-16 22:40:56.053000000,2025-01-16 22:40:56.053000000,85
2397,WE094,1901RM,,,WE,10,WESTERN,1010,NALOLO,10101,NALOLO,1010108,MUOYO,10101081018,,Rural,70,275,init1,,OKAY,,,2025-01-16 22:40:56.053000000,2025-01-16 22:40:56.053000000,85
2398,WE093,1901RM,,,WE,10,WESTERN,1010,NALOLO,10101,NALOLO,1010108,MUOYO,10101081020,,Rural,81,445,init1,,OKAY,,,2025-01-16 22:40:56.053000000,2025-01-16 22:40:56.053000000,85
2399,WE092,1901RM,,,WE,10,WESTERN,1010,NALOLO,10101,NALOLO,1010108,MUOYO,10101081023,,Rural,55,243,init1,,OKAY,,,2025-01-16 22:40:56.053000000,2025-01-16 22:40:56.053000000,85
2400,WE091,1901RM,,,WE,10,WESTERN,1010,NALOLO,10101,NALOLO,1010108,MUOYO,10101082009,,Urban,98,336,init1,,OKAY,,,2025-01-16 22:40:56.053000000,2025-01-16 22:40:56.053000000,85
2401,WE090,1901RM,,,WE,10,WESTERN,1010,NALOLO,10101,NALOLO,1010108,MUOYO,10101082012,,Urban,105,364,init1,,OKAY,,,2025-01-16 22:40:56.053000000,2025-01-16 22:40:56.053000000,85
2402,WE089,1901RM,,,WE,10,WESTERN,1010,NALOLO,10101,NALOLO,1010108,MUOYO,10101082014,,Urban,88,380,init1,,OKAY,,,2025-01-16 22:40:56.053000000,2025-01-16 22:40:56.053000000,85
2403,WE088,1901RM,,,WE,10,WESTERN,1010,NALOLO,10101,NALOLO,1010108,MUOYO,10101082016,,Urban,81,412,init1,,OKAY,,,2025-01-16 22:40:56.053000000,2025-01-16 22:40:56.053000000,85
2404,WE087,3205CM,,,WE,10,WESTERN,1010,NALOLO,10101,NALOLO,1010110,SHEKELA,10101101002,,Rural,57,331,init1,,OKAY,,,2025-01-16 22:40:56.053000000,2025-01-16 22:40:56.053000000,7
2405,WE086,3205CM,,,WE,10,WESTERN,1010,NALOLO,10101,NALOLO,1010110,SHEKELA,10101101005,,Rural,89,426,init1,,OKAY,,,2025-01-16 22:40:56.053000000,2025-01-16 22:40:56.053000000,7
2406,WE085,3205CM,,,WE,10,WESTERN,1010,NALOLO,10101,NALOLO,1010110,SHEKELA,10101101008,,Rural,70,380,init1,,OKAY,,,2025-01-16 22:40:56.053000000,2025-01-16 22:40:56.053000000,7
2407,WE084,3205CM,,,WE,10,WESTERN,1010,NALOLO,10101,NALOLO,1010110,SHEKELA,10101101010,,Rural,57,289,init1,,OKAY,,,2025-01-16 22:40:56.053000000,2025-01-16 22:40:56.053000000,7
2408,WE083,3205CM,,,WE,10,WESTERN,1010,NALOLO,10101,NALOLO,1010110,SHEKELA,10101101013,,Rural,62,346,init1,,OKAY,,,2025-01-16 22:40:56.053000000,2025-01-16 22:40:56.053000000,7
2409,WE082,3205CM,,,WE,10,WESTERN,1010,NALOLO,10101,NALOLO,1010110,SHEKELA,10101101016,,Rural,63,317,init1,,OKAY,,,2025-01-16 22:40:56.053000000,2025-01-16 22:40:56.053000000,7
2410,WE081,3205CM,,,WE,10,WESTERN,1010,NALOLO,10101,NALOLO,1010110,SHEKELA,10101101019,,Rural,112,644,init1,,OKAY,,,2025-01-16 22:40:56.053000000,2025-01-16 22:40:56.053000000,7
2411,WE080,3205CM,,,WE,10,WESTERN,1010,NALOLO,10101,NALOLO,1010110,SHEKELA,10101101022,,Rural,51,257,init1,,OKAY,,,2025-01-16 22:40:56.053000000,2025-01-16 22:40:56.053000000,7
2412,WE079,3205CM,,,WE,10,WESTERN,1010,NALOLO,10101,NALOLO,1010110,SHEKELA,10101101024,,Rural,85,455,init1,,OKAY,,,2025-01-16 22:40:56.053000000,2025-01-16 22:40:56.053000000,7
2413,WE078,3205CM,,,WE,10,WESTERN,1010,NALOLO,10101,NALOLO,1010110,SHEKELA,10101101027,,Rural,61,294,init1,,OKAY,,,2025-01-16 22:40:56.053000000,2025-01-16 22:40:56.053000000,7
2414,WE077,2302GC,,,WE,10,WESTERN,1010,NALOLO,10101,NALOLO,1010111,SILOWANA,10101111002,,Rural,112,528,init1,,OKAY,,,2025-01-16 22:40:56.053000000,2025-01-16 22:40:56.053000000,75
2415,WE076,2302GC,,,WE,10,WESTERN,1010,NALOLO,10101,NALOLO,1010111,SILOWANA,10101111003,,Rural,112,599,init1,,OKAY,,,2025-01-16 22:40:56.053000000,2025-01-16 22:40:56.053000000,75
2416,WE075,2302GC,,,WE,10,WESTERN,1010,NALOLO,10101,NALOLO,1010111,SILOWANA,10101111005,,Rural,103,511,init1,,OKAY,,,2025-01-16 22:40:56.053000000,2025-01-16 22:40:56.053000000,75
2417,WE074,2302GC,,,WE,10,WESTERN,1010,NALOLO,10101,NALOLO,1010111,SILOWANA,10101111007,,Rural,117,659,init1,,OKAY,,,2025-01-16 22:40:56.053000000,2025-01-16 22:40:56.053000000,75
2418,WE073,2302GC,,,WE,10,WESTERN,1010,NALOLO,10101,NALOLO,1010111,SILOWANA,10101111008,,Rural,118,571,init1,,OKAY,,,2025-01-16 22:40:56.053000000,2025-01-16 22:40:56.053000000,75
2419,WE072,2302GC,,,WE,10,WESTERN,1010,NALOLO,10101,NALOLO,1010111,SILOWANA,10101111010,,Rural,55,291,init1,,OKAY,,,2025-01-16 22:40:56.053000000,2025-01-16 22:40:56.053000000,75
2420,WE071,2302GC,,,WE,10,WESTERN,1010,NALOLO,10101,NALOLO,1010111,SILOWANA,10101111011,,Rural,58,295,init1,,OKAY,,,2025-01-16 22:40:56.053000000,2025-01-16 22:40:56.053000000,75
2421,WE070,2302GC,,,WE,10,WESTERN,1010,NALOLO,10101,NALOLO,1010111,SILOWANA,10101111013,,Rural,49,243,init1,,VAST EA,,,2025-01-16 22:40:56.053000000,2025-01-16 22:40:56.053000000,75
2422,WE069,2302GC,,,WE,10,WESTERN,1010,NALOLO,10101,NALOLO,1010111,SILOWANA,10101111015,,Rural,59,273,init1,,OKAY,,,2025-01-16 22:40:56.053000000,2025-01-16 22:40:56.053000000,75
2423,WE068,2302GC,,,WE,10,WESTERN,1010,NALOLO,10101,NALOLO,1010111,SILOWANA,10101111016,,Rural,112,579,init1,,OKAY,,,2025-01-16 22:40:56.053000000,2025-01-16 22:40:56.053000000,75
2424,WE067,2118JF,,,WE,10,WESTERN,1015,SIKONGO,10151,SIKONGO,1015102,LIUMENA,10151021001,,Rural,78,331,init1,,OKAY,,,2025-01-16 22:40:56.053000000,2025-01-16 22:40:56.053000000,141
2425,WE066,2118JF,,,WE,10,WESTERN,1015,SIKONGO,10151,SIKONGO,1015102,LIUMENA,10151021003,,Rural,79,392,init1,,OKAY,,,2025-01-16 22:40:56.053000000,2025-01-16 22:40:56.053000000,141
2426,WE065,2118JF,,,WE,10,WESTERN,1015,SIKONGO,10151,SIKONGO,1015102,LIUMENA,10151021004,,Rural,74,387,init1,,OKAY,,,2025-01-16 22:40:56.053000000,2025-01-16 22:40:56.053000000,141
2427,WE064,2118JF,,,WE,10,WESTERN,1015,SIKONGO,10151,SIKONGO,1015102,LIUMENA,10151021005,,Rural,105,473,init1,,OKAY,,,2025-01-16 22:40:56.053000000,2025-01-16 22:40:56.053000000,141
2428,WE063,2118JF,,,WE,10,WESTERN,1015,SIKONGO,10151,SIKONGO,1015102,LIUMENA,10151021007,,Rural,92,439,init1,,OKAY,,,2025-01-16 22:40:56.053000000,2025-01-16 22:40:56.053000000,141
2429,WE062,2118JF,,,WE,10,WESTERN,1015,SIKONGO,10151,SIKONGO,1015102,LIUMENA,10151021008,,Rural,71,332,init1,,OKAY,,,2025-01-16 22:40:56.053000000,2025-01-16 22:40:56.053000000,141
2430,WE061,2118JF,,,WE,10,WESTERN,1015,SIKONGO,10151,SIKONGO,1015102,LIUMENA,10151021009,,Rural,64,291,init1,,OKAY,,,2025-01-16 22:40:56.053000000,2025-01-16 22:40:56.053000000,141
2431,WE060,2118JF,,,WE,10,WESTERN,1015,SIKONGO,10151,SIKONGO,1015102,LIUMENA,10151021011,,Rural,81,471,init1,,OKAY,,,2025-01-16 22:40:56.053000000,2025-01-16 22:40:56.053000000,141
2432,WE059,2118JF,,,WE,10,WESTERN,1015,SIKONGO,10151,SIKONGO,1015102,LIUMENA,10151021012,,Rural,70,320,init1,,OKAY,,,2025-01-16 22:40:56.053000000,2025-01-16 22:40:56.053000000,141
2433,WE058,2118JF,,,WE,10,WESTERN,1015,SIKONGO,10151,SIKONGO,1015102,LIUMENA,10151021013,,Rural,91,431,init1,,OKAY,,,2025-01-16 22:40:56.053000000,2025-01-16 22:40:56.053000000,141
2434,WE057,1185JJ,,,WE,10,WESTERN,1015,SIKONGO,10151,SIKONGO,1015104,LUETI,10151041001,,Rural,78,331,init1,,OKAY,,,2025-01-16 22:40:56.053000000,2025-01-16 22:40:56.053000000,26
2435,WE056,1185JJ,,,WE,10,WESTERN,1015,SIKONGO,10151,SIKONGO,1015104,LUETI,10151041002,,Rural,54,308,init1,,OKAY,,,2025-01-16 22:40:56.053000000,2025-01-16 22:40:56.053000000,26
2436,WE055,1185JJ,,,WE,10,WESTERN,1015,SIKONGO,10151,SIKONGO,1015104,LUETI,10151041003,,Rural,32,145,init1,,VAST EA,,,2025-01-16 22:40:56.053000000,2025-01-16 22:40:56.053000000,26
2437,WE054,1185JJ,,,WE,10,WESTERN,1015,SIKONGO,10151,SIKONGO,1015104,LUETI,10151041004,,Rural,105,481,init1,,OKAY,,,2025-01-16 22:40:56.053000000,2025-01-16 22:40:56.053000000,26
2438,WE053,1185JJ,,,WE,10,WESTERN,1015,SIKONGO,10151,SIKONGO,1015104,LUETI,10151041005,,Rural,79,350,init1,,OKAY,,,2025-01-16 22:40:56.053000000,2025-01-16 22:40:56.053000000,26
2439,WE052,1185JJ,,,WE,10,WESTERN,1015,SIKONGO,10151,SIKONGO,1015104,LUETI,10151041006,,Rural,53,284,init1,,OKAY,,,2025-01-16 22:40:56.053000000,2025-01-16 22:40:56.053000000,26
2440,WE051,1185JJ,,,WE,10,WESTERN,1015,SIKONGO,10151,SIKONGO,1015104,LUETI,10151041007,,Rural,77,364,init1,,OKAY,,,2025-01-16 22:40:56.053000000,2025-01-16 22:40:56.053000000,26
2441,WE050,1185JJ,,,WE,10,WESTERN,1015,SIKONGO,10151,SIKONGO,1015104,LUETI,10151041008,,Rural,52,245,init1,,OKAY,,,2025-01-16 22:40:56.053000000,2025-01-16 22:40:56.053000000,26
2442,WE049,1856ME,,,WE,10,WESTERN,1015,SIKONGO,10151,SIKONGO,1015106,LWAMBI,10151061002,,Rural,67,450,init1,,OKAY,,,2025-01-16 22:40:56.053000000,2025-01-16 22:40:56.053000000,121
2443,WE048,1856ME,,,WE,10,WESTERN,1015,SIKONGO,10151,SIKONGO,1015106,LWAMBI,10151061003,,Rural,89,474,init1,,OKAY,,,2025-01-16 22:40:56.053000000,2025-01-16 22:40:56.053000000,121
2444,WE047,1856ME,,,WE,10,WESTERN,1015,SIKONGO,10151,SIKONGO,1015106,LWAMBI,10151061004,,Rural,103,522,init1,,OKAY,,,2025-01-16 22:40:56.053000000,2025-01-16 22:40:56.053000000,121
2445,WE046,1856ME,,,WE,10,WESTERN,1015,SIKONGO,10151,SIKONGO,1015106,LWAMBI,10151061006,,Rural,92,506,init1,,OKAY,,,2025-01-16 22:40:56.053000000,2025-01-16 22:40:56.053000000,121
2446,WE045,1856ME,,,WE,10,WESTERN,1015,SIKONGO,10151,SIKONGO,1015106,LWAMBI,10151061007,,Rural,77,448,init1,,OKAY,,,2025-01-16 22:40:56.053000000,2025-01-16 22:40:56.053000000,121
2447,WE044,1856ME,,,WE,10,WESTERN,1015,SIKONGO,10151,SIKONGO,1015106,LWAMBI,10151061008,,Rural,70,414,init1,,OKAY,,,2025-01-16 22:40:56.053000000,2025-01-16 22:40:56.053000000,121
2448,WE043,1856ME,,,WE,10,WESTERN,1015,SIKONGO,10151,SIKONGO,1015106,LWAMBI,10151061010,,Rural,99,569,init1,,OKAY,,,2025-01-16 22:40:56.053000000,2025-01-16 22:40:56.053000000,121
2449,WE042,1856ME,,,WE,10,WESTERN,1015,SIKONGO,10151,SIKONGO,1015106,LWAMBI,10151061011,,Rural,66,305,init1,,OKAY,,,2025-01-16 22:40:56.053000000,2025-01-16 22:40:56.053000000,121
2450,WE041,1856ME,,,WE,10,WESTERN,1015,SIKONGO,10151,SIKONGO,1015106,LWAMBI,10151061012,,Rural,64,373,init1,,OKAY,,,2025-01-16 22:40:56.053000000,2025-01-16 22:40:56.053000000,121
2451,WE040,1856ME,,,WE,10,WESTERN,1015,SIKONGO,10151,SIKONGO,1015106,LWAMBI,10151061013,,Rural,96,463,init1,,OKAY,,,2025-01-16 22:40:56.053000000,2025-01-16 22:40:56.053000000,121
2452,WE039,2926YJ,,,WE,10,WESTERN,1015,SIKONGO,10151,SIKONGO,1015107,MAALA,10151071001,,Rural,87,470,init1,,OKAY,,,2025-01-16 22:40:56.053000000,2025-01-16 22:40:56.053000000,164
2453,WE038,2926YJ,,,WE,10,WESTERN,1015,SIKONGO,10151,SIKONGO,1015107,MAALA,10151071003,,Rural,59,274,init1,,OKAY,,,2025-01-16 22:40:56.053000000,2025-01-16 22:40:56.053000000,164
2454,WE037,2926YJ,,,WE,10,WESTERN,1015,SIKONGO,10151,SIKONGO,1015107,MAALA,10151071004,,Rural,100,526,init1,,OKAY,,,2025-01-16 22:40:56.053000000,2025-01-16 22:40:56.053000000,164
2455,WE036,2926YJ,,,WE,10,WESTERN,1015,SIKONGO,10151,SIKONGO,1015107,MAALA,10151071006,,Rural,67,295,init1,,OKAY,,,2025-01-16 22:40:56.053000000,2025-01-16 22:40:56.053000000,164
2456,WE035,2926YJ,,,WE,10,WESTERN,1015,SIKONGO,10151,SIKONGO,1015107,MAALA,10151071007,,Rural,102,488,init1,,OKAY,,,2025-01-16 22:40:56.053000000,2025-01-16 22:40:56.053000000,164
2457,WE034,2926YJ,,,WE,10,WESTERN,1015,SIKONGO,10151,SIKONGO,1015107,MAALA,10151071008,,Rural,57,294,init1,,OKAY,,,2025-01-16 22:40:56.053000000,2025-01-16 22:40:56.053000000,164
2458,WE033,2926YJ,,,WE,10,WESTERN,1015,SIKONGO,10151,SIKONGO,1015107,MAALA,10151071011,,Rural,86,497,init1,,OKAY,,,2025-01-16 22:40:56.053000000,2025-01-16 22:40:56.053000000,164
2459,WE032,2926YJ,,,WE,10,WESTERN,1015,SIKONGO,10151,SIKONGO,1015107,MAALA,10151071012,,Rural,98,530,init1,,OKAY,,,2025-01-16 22:40:56.053000000,2025-01-16 22:40:56.053000000,164
2460,WE031,2926YJ,,,WE,10,WESTERN,1015,SIKONGO,10151,SIKONGO,1015107,MAALA,10151072005,,Urban,166,775,init1,,OKAY,,,2025-01-16 22:40:56.053000000,2025-01-16 22:40:56.053000000,164
2461,WE030,2926YJ,,,WE,10,WESTERN,1015,SIKONGO,10151,SIKONGO,1015107,MAALA,10151072010,,Urban,144,634,init1,,OKAY,,,2025-01-16 22:40:56.053000000,2025-01-16 22:40:56.053000000,164
2462,WE029,1628YS,,,WE,10,WESTERN,1015,SIKONGO,10151,SIKONGO,1015109,MUTALA,10151091001,,Rural,74,337,init1,,OKAY,,,2025-01-16 22:40:56.053000000,2025-01-16 22:40:56.053000000,33
2463,WE028,1628YS,,,WE,10,WESTERN,1015,SIKONGO,10151,SIKONGO,1015109,MUTALA,10151091002,,Rural,87,446,init1,,OKAY,,,2025-01-16 22:40:56.053000000,2025-01-16 22:40:56.053000000,33
2464,WE027,1628YS,,,WE,10,WESTERN,1015,SIKONGO,10151,SIKONGO,1015109,MUTALA,10151091003,,Rural,123,571,init1,,OKAY,,,2025-01-16 22:40:56.053000000,2025-01-16 22:40:56.053000000,33
2465,WE026,1628YS,,,WE,10,WESTERN,1015,SIKONGO,10151,SIKONGO,1015109,MUTALA,10151091004,,Rural,91,451,init1,,OKAY,,,2025-01-16 22:40:56.053000000,2025-01-16 22:40:56.053000000,33
2466,WE025,1628YS,,,WE,10,WESTERN,1015,SIKONGO,10151,SIKONGO,1015109,MUTALA,10151091005,,Rural,120,606,init1,,OKAY,,,2025-01-16 22:40:56.053000000,2025-01-16 22:40:56.053000000,33
2467,WE024,1628YS,,,WE,10,WESTERN,1015,SIKONGO,10151,SIKONGO,1015109,MUTALA,10151091006,,Rural,79,343,init1,,OKAY,,,2025-01-16 22:40:56.053000000,2025-01-16 22:40:56.053000000,33
2468,WE023,1663CJ,,,WE,10,WESTERN,1015,SIKONGO,10151,SIKONGO,1015112,NENGU,10151121001,,Rural,127,644,init1,,OKAY,,,2025-01-16 22:40:56.053000000,2025-01-16 22:40:56.053000000,241
2469,WE022,1663CJ,,,WE,10,WESTERN,1015,SIKONGO,10151,SIKONGO,1015112,NENGU,10151121002,,Rural,94,513,init1,,OKAY,,,2025-01-16 22:40:56.053000000,2025-01-16 22:40:56.053000000,241
2470,WE021,1663CJ,,,WE,10,WESTERN,1015,SIKONGO,10151,SIKONGO,1015112,NENGU,10151121003,,Rural,113,578,init1,,OKAY,,,2025-01-16 22:40:56.053000000,2025-01-16 22:40:56.053000000,241
2471,WE020,1663CJ,,,WE,10,WESTERN,1015,SIKONGO,10151,SIKONGO,1015112,NENGU,10151121004,,Rural,78,458,init1,,OKAY,,,2025-01-16 22:40:56.053000000,2025-01-16 22:40:56.053000000,241
2472,WE019,2230MS,,,WE,10,WESTERN,1015,SIKONGO,10151,SIKONGO,1015113,NG'UMBELE,10151131001,,Rural,111,592,init1,,OKAY,,,2025-01-16 22:40:56.053000000,2025-01-16 22:40:56.053000000,193
2473,WE018,2230MS,,,WE,10,WESTERN,1015,SIKONGO,10151,SIKONGO,1015113,NG'UMBELE,10151131004,,Rural,127,472,init1,,OKAY,,,2025-01-16 22:40:56.053000000,2025-01-16 22:40:56.053000000,193
2474,WE017,2230MS,,,WE,10,WESTERN,1015,SIKONGO,10151,SIKONGO,1015113,NG'UMBELE,10151131007,,Rural,123,467,init1,,OKAY,,,2025-01-16 22:40:56.053000000,2025-01-16 22:40:56.053000000,193
2475,WE016,2230MS,,,WE,10,WESTERN,1015,SIKONGO,10151,SIKONGO,1015113,NG'UMBELE,10151131010,,Rural,53,255,init1,,OKAY,,,2025-01-16 22:40:56.053000000,2025-01-16 22:40:56.053000000,193
2476,WE015,2230MS,,,WE,10,WESTERN,1015,SIKONGO,10151,SIKONGO,1015113,NG'UMBELE,10151131012,,Rural,87,424,init1,,OKAY,,,2025-01-16 22:40:56.053000000,2025-01-16 22:40:56.053000000,193
2477,WE014,2230MS,,,WE,10,WESTERN,1015,SIKONGO,10151,SIKONGO,1015113,NG'UMBELE,10151131015,,Rural,96,425,init1,,OKAY,,,2025-01-16 22:40:56.053000000,2025-01-16 22:40:56.053000000,193
2478,WE013,2230MS,,,WE,10,WESTERN,1015,SIKONGO,10151,SIKONGO,1015113,NG'UMBELE,10151131018,,Rural,58,263,init1,,OKAY,,,2025-01-16 22:40:56.053000000,2025-01-16 22:40:56.053000000,193
2479,WE012,2230MS,,,WE,10,WESTERN,1015,SIKONGO,10151,SIKONGO,1015113,NG'UMBELE,10151131021,,Rural,50,168,init1,,OKAY,,,2025-01-16 22:40:56.053000000,2025-01-16 22:40:56.053000000,193
2480,WE011,2230MS,,,WE,10,WESTERN,1015,SIKONGO,10151,SIKONGO,1015113,NG'UMBELE,10151131024,,Rural,84,282,init1,,OKAY,,,2025-01-16 22:40:56.053000000,2025-01-16 22:40:56.053000000,193
2481,WE010,2230MS,,,WE,10,WESTERN,1015,SIKONGO,10151,SIKONGO,1015113,NG'UMBELE,10151131026,,Rural,55,286,init1,,OKAY,,,2025-01-16 22:40:56.053000000,2025-01-16 22:40:56.053000000,193
2482,WE009,2410JE,,,WE,10,WESTERN,1015,SIKONGO,10151,SIKONGO,1015114,TUUWA,10151141001,,Rural,127,586,init1,,OKAY,,,2025-01-16 22:40:56.053000000,2025-01-16 22:40:56.053000000,184
2483,WE008,2410JE,,,WE,10,WESTERN,1015,SIKONGO,10151,SIKONGO,1015114,TUUWA,10151141002,,Rural,106,554,init1,,OKAY,,,2025-01-16 22:40:56.053000000,2025-01-16 22:40:56.053000000,184
2484,WE007,2410JE,,,WE,10,WESTERN,1015,SIKONGO,10151,SIKONGO,1015114,TUUWA,10151141003,,Rural,120,596,init1,,OKAY,,,2025-01-16 22:40:56.053000000,2025-01-16 22:40:56.053000000,184
2485,WE006,2410JE,,,WE,10,WESTERN,1015,SIKONGO,10151,SIKONGO,1015114,TUUWA,10151141004,,Rural,88,426,init1,,OKAY,,,2025-01-16 22:40:56.053000000,2025-01-16 22:40:56.053000000,184
2486,WE005,2410JE,,,WE,10,WESTERN,1015,SIKONGO,10151,SIKONGO,1015114,TUUWA,10151141005,,Rural,104,554,init1,,OKAY,,,2025-01-16 22:40:56.053000000,2025-01-16 22:40:56.053000000,184
2487,WE004,2410JE,,,WE,10,WESTERN,1015,SIKONGO,10151,SIKONGO,1015114,TUUWA,10151141006,,Rural,96,532,init1,,OKAY,,,2025-01-16 22:40:56.053000000,2025-01-16 22:40:56.053000000,184
2488,WE003,2410JE,,,WE,10,WESTERN,1015,SIKONGO,10151,SIKONGO,1015114,TUUWA,10151141007,,Rural,91,420,init1,,OKAY,,,2025-01-16 22:40:56.053000000,2025-01-16 22:40:56.053000000,184
2489,WE002,2410JE,,,WE,10,WESTERN,1015,SIKONGO,10151,SIKONGO,1015114,TUUWA,10151141008,,Rural,76,395,init1,,OKAY,,,2025-01-16 22:40:56.053000000,2025-01-16 22:40:56.053000000,184
2490,WE001,2410JE,,,WE,10,WESTERN,1015,SIKONGO,10151,SIKONGO,1015114,TUUWA,10151141009,,Rural,115,612,init1,,OKAY,,,2025-01-16 22:40:56.053000000,2025-01-16 22:40:56.053000000,184
